> Task :gradle-plugin:settings-plugin:checkKotlinGradlePluginConfigurationErrors
> Task :gradle-plugin:shared:checkKotlinGradlePluginConfigurationErrors
> Task :gradle-plugin:shared:compileKotlin UP-TO-DATE
> Task :gradle-plugin:shared:compileJava NO-SOURCE
> Task :gradle-plugin:shared:processResources NO-SOURCE
> Task :gradle-plugin:shared:classes UP-TO-DATE
> Task :gradle-plugin:shared:jar UP-TO-DATE
> Task :gradle-plugin:settings-plugin:compileKotlin UP-TO-DATE
> Task :gradle-plugin:settings-plugin:compileJava NO-SOURCE
> Task :gradle-plugin:settings-plugin:pluginDescriptors UP-TO-DATE
> Task :gradle-plugin:settings-plugin:processResources UP-TO-DATE
> Task :gradle-plugin:settings-plugin:classes UP-TO-DATE
> Task :gradle-plugin:settings-plugin:jar UP-TO-DATE
> Task :gradle-plugin:react-native-gradle-plugin:checkKotlinGradlePluginConfigurationErrors
> Task :gradle-plugin:react-native-gradle-plugin:compileKotlin UP-TO-DATE
> Task :gradle-plugin:react-native-gradle-plugin:compileJava NO-SOURCE
> Task :gradle-plugin:react-native-gradle-plugin:pluginDescriptors UP-TO-DATE
> Task :gradle-plugin:react-native-gradle-plugin:processResources UP-TO-DATE
> Task :gradle-plugin:react-native-gradle-plugin:classes UP-TO-DATE
> Task :gradle-plugin:react-native-gradle-plugin:jar UP-TO-DATE

> Configure project :expo

Using expo modules
  - [32mexpo-application[0m (6.0.2)
  - [32mexpo-asset[0m (11.0.5)
  - [32mexpo-av[0m (15.0.2)
  - [32mexpo-blur[0m (14.0.3)
  - [32mexpo-clipboard[0m (7.0.1)
  - [32mexpo-constants[0m (17.0.8)
  - [32mexpo-crypto[0m (14.0.2)
  - [32mexpo-device[0m (7.0.3)
  - [32mexpo-file-system[0m (18.0.12)
  - [32mexpo-font[0m (13.0.4)
  - [32mexpo-haptics[0m (14.0.1)
  - [32mexpo-image-loader[0m (5.0.0)
  - [32mexpo-image-manipulator[0m (13.0.6)
  - [32mexpo-image-picker[0m (16.0.6)
  - [32mexpo-keep-awake[0m (14.0.3)
  - [32mexpo-linear-gradient[0m (14.0.2)
  - [32mexpo-linking[0m (7.0.5)
  - [32mexpo-modules-core[0m (2.0.0)
  - [32mexpo-notifications[0m (0.29.14)
  - [32mexpo-splash-screen[0m (0.29.24)
  - [32mexpo-web-browser[0m (14.0.2)


> Configure project :react-native-firebase_analytics
:react-native-firebase_analytics package.json found at C:\SopranoChat\node_modules\@react-native-firebase\analytics\package.json
:react-native-firebase_app package.json found at C:\SopranoChat\node_modules\@react-native-firebase\app\package.json
:react-native-firebase_analytics:firebase.bom using default value: 33.12.0
:react-native-firebase_analytics package.json found at C:\SopranoChat\node_modules\@react-native-firebase\analytics\package.json
:react-native-firebase_analytics:version set from package.json: 21.14.0 (21,14,0 - 21014000)
:react-native-firebase_analytics:android.compileSdk using custom value: 35
:react-native-firebase_analytics:android.targetSdk using custom value: 35
:react-native-firebase_analytics:android.minSdk using custom value: 24
:react-native-firebase_analytics:reactNativeAndroidDir C:\SopranoChat\node_modules\react-native\android

> Configure project :react-native-firebase_app
:react-native-firebase_app package.json found at C:\SopranoChat\node_modules\@react-native-firebase\app\package.json
:react-native-firebase_app:firebase.bom using default value: 33.12.0
:react-native-firebase_app:play.play-services-auth using default value: 21.3.0
:react-native-firebase_app package.json found at C:\SopranoChat\node_modules\@react-native-firebase\app\package.json
:react-native-firebase_app:version set from package.json: 21.14.0 (21,14,0 - 21014000)
:react-native-firebase_app:android.compileSdk using custom value: 35
:react-native-firebase_app:android.targetSdk using custom value: 35
:react-native-firebase_app:android.minSdk using custom value: 24
:react-native-firebase_app:reactNativeAndroidDir C:\SopranoChat\node_modules\react-native\android

> Configure project :react-native-firebase_crashlytics
:react-native-firebase_crashlytics package.json found at C:\SopranoChat\node_modules\@react-native-firebase\crashlytics\package.json
:react-native-firebase_app package.json found at C:\SopranoChat\node_modules\@react-native-firebase\app\package.json
:react-native-firebase_crashlytics:firebase.bom using default value: 33.12.0
:react-native-firebase_crashlytics package.json found at C:\SopranoChat\node_modules\@react-native-firebase\crashlytics\package.json
:react-native-firebase_crashlytics:version set from package.json: 21.14.0 (21,14,0 - 21014000)
:react-native-firebase_crashlytics:android.compileSdk using custom value: 35
:react-native-firebase_crashlytics:android.targetSdk using custom value: 35
:react-native-firebase_crashlytics:android.minSdk using custom value: 24
:react-native-firebase_crashlytics:reactNativeAndroidDir C:\SopranoChat\node_modules\react-native\android

> Configure project :react-native-reanimated
Android gradle plugin: 8.6.0
Gradle: 8.10.2

> Task :app:checkKotlinGradlePluginConfigurationErrors
> Task :app:generateAutolinkingPackageList UP-TO-DATE
> Task :app:generateCodegenSchemaFromJavaScript SKIPPED
> Task :app:generateCodegenArtifactsFromSchema SKIPPED
> Task :app:preBuild UP-TO-DATE
> Task :app:preReleaseBuild UP-TO-DATE
> Task :app:generateReleaseBuildConfig
> Task :expo:generateExpoModulesPackageListTask UP-TO-DATE
> Task :expo:preBuild UP-TO-DATE
> Task :expo:preReleaseBuild UP-TO-DATE
> Task :expo:writeReleaseAarMetadata UP-TO-DATE
> Task :expo-application:preBuild UP-TO-DATE
> Task :expo-application:preReleaseBuild UP-TO-DATE
> Task :expo-application:writeReleaseAarMetadata UP-TO-DATE
> Task :expo-asset:preBuild UP-TO-DATE
> Task :expo-asset:preReleaseBuild UP-TO-DATE
> Task :expo-asset:writeReleaseAarMetadata UP-TO-DATE
> Task :expo-av:preBuild UP-TO-DATE
> Task :expo-av:preReleaseBuild UP-TO-DATE
> Task :expo-av:writeReleaseAarMetadata UP-TO-DATE
> Task :expo-blur:preBuild UP-TO-DATE
> Task :expo-blur:preReleaseBuild UP-TO-DATE
> Task :expo-blur:writeReleaseAarMetadata UP-TO-DATE
> Task :expo-clipboard:preBuild UP-TO-DATE
> Task :expo-clipboard:preReleaseBuild UP-TO-DATE
> Task :expo-clipboard:writeReleaseAarMetadata UP-TO-DATE

> Task :expo-constants:createExpoConfig
The NODE_ENV environment variable is required but was not specified. Ensure the project is bundled with Expo CLI or NODE_ENV is set.
Proceeding without mode-specific .env

> Task :expo-constants:preBuild
> Task :expo-constants:preReleaseBuild
> Task :expo-constants:writeReleaseAarMetadata UP-TO-DATE
> Task :expo-crypto:preBuild UP-TO-DATE
> Task :expo-crypto:preReleaseBuild UP-TO-DATE
> Task :expo-crypto:writeReleaseAarMetadata UP-TO-DATE
> Task :expo-device:preBuild UP-TO-DATE
> Task :expo-device:preReleaseBuild UP-TO-DATE
> Task :expo-device:writeReleaseAarMetadata UP-TO-DATE
> Task :expo-file-system:preBuild UP-TO-DATE
> Task :expo-file-system:preReleaseBuild UP-TO-DATE
> Task :expo-file-system:writeReleaseAarMetadata UP-TO-DATE
> Task :expo-font:preBuild UP-TO-DATE
> Task :expo-font:preReleaseBuild UP-TO-DATE
> Task :expo-font:writeReleaseAarMetadata UP-TO-DATE
> Task :expo-haptics:preBuild UP-TO-DATE
> Task :expo-haptics:preReleaseBuild UP-TO-DATE
> Task :expo-haptics:writeReleaseAarMetadata UP-TO-DATE
> Task :expo-image-loader:preBuild UP-TO-DATE
> Task :expo-image-loader:preReleaseBuild UP-TO-DATE
> Task :expo-image-loader:writeReleaseAarMetadata UP-TO-DATE
> Task :expo-image-manipulator:preBuild UP-TO-DATE
> Task :expo-image-manipulator:preReleaseBuild UP-TO-DATE
> Task :expo-image-manipulator:writeReleaseAarMetadata UP-TO-DATE
> Task :expo-image-picker:preBuild UP-TO-DATE
> Task :expo-image-picker:preReleaseBuild UP-TO-DATE
> Task :expo-image-picker:writeReleaseAarMetadata UP-TO-DATE
> Task :expo-keep-awake:preBuild UP-TO-DATE
> Task :expo-keep-awake:preReleaseBuild UP-TO-DATE
> Task :expo-keep-awake:writeReleaseAarMetadata UP-TO-DATE
> Task :expo-linear-gradient:preBuild UP-TO-DATE
> Task :expo-linear-gradient:preReleaseBuild UP-TO-DATE
> Task :expo-linear-gradient:writeReleaseAarMetadata UP-TO-DATE
> Task :expo-linking:preBuild UP-TO-DATE
> Task :expo-linking:preReleaseBuild UP-TO-DATE
> Task :expo-linking:writeReleaseAarMetadata UP-TO-DATE
> Task :expo-modules-core:preBuild UP-TO-DATE
> Task :expo-modules-core:preReleaseBuild UP-TO-DATE
> Task :expo-modules-core:writeReleaseAarMetadata UP-TO-DATE
> Task :expo-notifications:preBuild UP-TO-DATE
> Task :expo-notifications:preReleaseBuild UP-TO-DATE
> Task :expo-notifications:writeReleaseAarMetadata UP-TO-DATE
> Task :expo-splash-screen:preBuild UP-TO-DATE
> Task :expo-splash-screen:preReleaseBuild UP-TO-DATE
> Task :expo-splash-screen:writeReleaseAarMetadata UP-TO-DATE
> Task :expo-web-browser:preBuild UP-TO-DATE
> Task :expo-web-browser:preReleaseBuild UP-TO-DATE
> Task :expo-web-browser:writeReleaseAarMetadata UP-TO-DATE
> Task :livekit_react-native:preBuild UP-TO-DATE
> Task :livekit_react-native:preReleaseBuild UP-TO-DATE
> Task :livekit_react-native:writeReleaseAarMetadata UP-TO-DATE
> Task :livekit_react-native-webrtc:preBuild UP-TO-DATE
> Task :livekit_react-native-webrtc:preReleaseBuild UP-TO-DATE
> Task :livekit_react-native-webrtc:writeReleaseAarMetadata UP-TO-DATE
> Task :lottie-react-native:preBuild UP-TO-DATE
> Task :lottie-react-native:preReleaseBuild UP-TO-DATE
> Task :lottie-react-native:writeReleaseAarMetadata UP-TO-DATE
> Task :react-native-async-storage_async-storage:preBuild UP-TO-DATE
> Task :react-native-async-storage_async-storage:preReleaseBuild UP-TO-DATE
> Task :react-native-async-storage_async-storage:writeReleaseAarMetadata UP-TO-DATE
> Task :react-native-community_datetimepicker:preBuild UP-TO-DATE
> Task :react-native-community_datetimepicker:preReleaseBuild UP-TO-DATE
> Task :react-native-community_datetimepicker:writeReleaseAarMetadata UP-TO-DATE
> Task :react-native-firebase_analytics:preBuild UP-TO-DATE
> Task :react-native-firebase_analytics:preReleaseBuild UP-TO-DATE
> Task :react-native-firebase_analytics:writeReleaseAarMetadata UP-TO-DATE
> Task :react-native-firebase_app:preBuild UP-TO-DATE
> Task :react-native-firebase_app:preReleaseBuild UP-TO-DATE
> Task :react-native-firebase_app:writeReleaseAarMetadata UP-TO-DATE
> Task :react-native-firebase_crashlytics:preBuild UP-TO-DATE
> Task :react-native-firebase_crashlytics:preReleaseBuild UP-TO-DATE
> Task :react-native-firebase_crashlytics:writeReleaseAarMetadata UP-TO-DATE
> Task :react-native-gesture-handler:preBuild UP-TO-DATE
> Task :react-native-gesture-handler:preReleaseBuild UP-TO-DATE
> Task :react-native-gesture-handler:writeReleaseAarMetadata UP-TO-DATE
> Task :react-native-google-signin_google-signin:preBuild UP-TO-DATE
> Task :react-native-google-signin_google-signin:preReleaseBuild UP-TO-DATE
> Task :react-native-google-signin_google-signin:writeReleaseAarMetadata UP-TO-DATE
> Task :react-native-keyboard-controller:preBuild UP-TO-DATE
> Task :react-native-keyboard-controller:preReleaseBuild UP-TO-DATE
> Task :react-native-keyboard-controller:writeReleaseAarMetadata UP-TO-DATE
> Task :react-native-masked-view_masked-view:preBuild UP-TO-DATE
> Task :react-native-masked-view_masked-view:preReleaseBuild UP-TO-DATE
> Task :react-native-masked-view_masked-view:writeReleaseAarMetadata UP-TO-DATE
> Task :react-native-purchases:preBuild UP-TO-DATE
> Task :react-native-purchases:preReleaseBuild UP-TO-DATE
> Task :react-native-purchases:writeReleaseAarMetadata UP-TO-DATE
> Task :react-native-reanimated:assertLatestReactNativeWithNewArchitectureTask SKIPPED
> Task :react-native-reanimated:assertMinimalReactNativeVersionTask SKIPPED
> Task :react-native-reanimated:prepareReanimatedHeadersForPrefabs UP-TO-DATE
> Task :react-native-reanimated:prepareWorkletsHeadersForPrefabs UP-TO-DATE
> Task :react-native-reanimated:preBuild UP-TO-DATE
> Task :react-native-reanimated:preReleaseBuild UP-TO-DATE
> Task :react-native-reanimated:writeReleaseAarMetadata UP-TO-DATE
> Task :react-native-safe-area-context:preBuild UP-TO-DATE
> Task :react-native-safe-area-context:preReleaseBuild UP-TO-DATE
> Task :react-native-safe-area-context:writeReleaseAarMetadata UP-TO-DATE
> Task :react-native-screens:preBuild UP-TO-DATE
> Task :react-native-screens:preReleaseBuild UP-TO-DATE
> Task :react-native-screens:writeReleaseAarMetadata UP-TO-DATE
> Task :react-native-webview:preBuild UP-TO-DATE
> Task :react-native-webview:preReleaseBuild UP-TO-DATE
> Task :react-native-webview:writeReleaseAarMetadata UP-TO-DATE
> Task :app:checkReleaseAarMetadata UP-TO-DATE

> Task :app:createBundleReleaseJsAndAssets
Starting Metro Bundler
warning: Bundler cache is empty, rebuilding (this may take a minute)
Android Bundled 20712ms C:\SopranoChat\index.ts (2132 modules)
Writing bundle output to: android\app\build\generated\assets\createBundleReleaseJsAndAssets\index.android.bundle
Writing sourcemap output to: android\app\build\intermediates\sourcemaps\react\release\index.android.bundle.packager.map
Copying 127 asset files
Done writing bundle output
Done writing sourcemap output
android\app\build\generated\assets\createBundleReleaseJsAndAssets\index.android.bundle:2376:20: warning: the variable "Promise" was not declared in function "promiseMethodWrapper"
        return new Promise((resolve, reject) => {
                   ^~~~~~~
android\app\build\generated\assets\createBundleReleaseJsAndAssets\index.android.bundle:2598:23: warning: the variable "DebuggerInternal" was not declared in function "__shouldPauseOnThrow"
        return typeof DebuggerInternal !== 'undefined' && DebuggerInternal.sh...
                      ^~~~~~~~~~~~~~~~
android\app\build\generated\assets\createBundleReleaseJsAndAssets\index.android.bundle:3915:5: warning: the variable "setImmediate" was not declared in function "handleResolved"
    setImmediate(function () {
    ^~~~~~~~~~~~
android\app\build\generated\assets\createBundleReleaseJsAndAssets\index.android.bundle:5263:94: warning: the variable "setTimeout" was not declared in anonymous arrow function " 238#"
...).then(callback).catch(error => setTimeout(() => {
                                   ^~~~~~~~~~
android\app\build\generated\assets\createBundleReleaseJsAndAssets\index.android.bundle:7540:5: warning: the variable "Headers" was not declared in anonymous function " 311#"
    Headers,
    ^~~~~~~
android\app\build\generated\assets\createBundleReleaseJsAndAssets\index.android.bundle:7541:5: warning: the variable "Request" was not declared in anonymous function " 311#"
    Request,
    ^~~~~~~
android\app\build\generated\assets\createBundleReleaseJsAndAssets\index.android.bundle:7542:5: warning: the variable "Response" was not declared in anonymous function " 311#"
    Response
    ^~~~~~~~
android\app\build\generated\assets\createBundleReleaseJsAndAssets\index.android.bundle:7699:24: warning: the variable "FileReader" was not declared in function "readBlobAsArrayBuffer"
      var reader = new FileReader();
                       ^~~~~~~~~~
android\app\build\generated\assets\createBundleReleaseJsAndAssets\index.android.bundle:7750:36: warning: the variable "Blob" was not declared in anonymous function " 322#"
        } else if (support.blob && Blob.prototype.isPrototypeOf(body)) {
                                   ^~~~
android\app\build\generated\assets\createBundleReleaseJsAndAssets\index.android.bundle:7752:40: warning: the variable "FormData" was not declared in anonymous function " 322#"
        } else if (support.formData && FormData.prototype.isPrototypeOf(body)) {
                                       ^~~~~~~~
android\app\build\generated\assets\createBundleReleaseJsAndAssets\index.android.bundle:7754:44: warning: the variable "URLSearchParams" was not declared in anonymous function " 322#"
...e if (support.searchParams && URLSearchParams.prototype.isPrototypeOf(body...
                                 ^~~~~~~~~~~~~~~
android\app\build\generated\assets\createBundleReleaseJsAndAssets\index.android.bundle:7873:26: warning: the variable "AbortController" was not declared in anonymous function " 328#"
          var ctrl = new AbortController();
                         ^~~~~~~~~~~~~~~
android\app\build\generated\assets\createBundleReleaseJsAndAssets\index.android.bundle:8007:23: warning: the variable "XMLHttpRequest" was not declared in anonymous function " 332#"
        var xhr = new XMLHttpRequest();
                      ^~~~~~~~~~~~~~
android\app\build\generated\assets\createBundleReleaseJsAndAssets\index.android.bundle:7552:71: warning: the variable "self" was not declared in anonymous function " 314#"
...undefined' && globalThis || typeof self !== 'undefined' && self ||
                                      ^~~~
android\app\build\generated\assets\createBundleReleaseJsAndAssets\index.android.bundle:17103:31: warning: the variable "nativeFabricUIManager" was not declared in anonymous function " 645#"
  var _nativeFabricUIManage = nativeFabricUIManager,
                              ^~~~~~~~~~~~~~~~~~~~~
android\app\build\generated\assets\createBundleReleaseJsAndAssets\index.android.bundle:17131:21: warning: the variable "clearTimeout" was not declared in anonymous function " 645#"
    cancelTimeout = clearTimeout;
                    ^~~~~~~~~~~~
android\app\build\generated\assets\createBundleReleaseJsAndAssets\index.android.bundle:17144:51: warning: the variable "RN$enableMicrotasksInReact" was not declared in anonymous function " 645#"
... "undefined" !== typeof RN$enableMicrotasksInReact && !!RN$enableMicrotask...
                           ^~~~~~~~~~~~~~~~~~~~~~~~~~
android\app\build\generated\assets\createBundleReleaseJsAndAssets\index.android.bundle:17145:47: warning: the variable "queueMicrotask" was not declared in anonymous function " 645#"
...otask = "function" === typeof queueMicrotask ? queueMicrotask : scheduleTi...
                                 ^~~~~~~~~~~~~~
android\app\build\generated\assets\createBundleReleaseJsAndAssets\index.android.bundle:21566:30: warning: the variable "__REACT_DEVTOOLS_GLOBAL_HOOK__" was not declared in anonymous function " 645#"
  if ("undefined" !== typeof __REACT_DEVTOOLS_GLOBAL_HOOK__) {
                             ^~~~~~~~~~~~~~~~~~~~~~~~~~~~~~
android\app\build\generated\assets\createBundleReleaseJsAndAssets\index.android.bundle:21704:26: warning: the variable "navigator" was not declared in anonymous function " 678#"
  "undefined" !== typeof navigator && undefined !== navigator.scheduling && u...
                         ^~~~~~~~~
android\app\build\generated\assets\createBundleReleaseJsAndAssets\index.android.bundle:21814:37: warning: the variable "MessageChannel" was not declared in anonymous function " 678#"
  };else if ("undefined" !== typeof MessageChannel) {
                                    ^~~~~~~~~~~~~~
android\app\build\generated\assets\createBundleReleaseJsAndAssets\index.android.bundle:21829:34: warning: the variable "nativeRuntimeScheduler" was not declared in anonymous function " 678#"
... = "undefined" !== typeof nativeRuntimeScheduler ? nativeRuntimeScheduler....
                             ^~~~~~~~~~~~~~~~~~~~~~
android\app\build\generated\assets\createBundleReleaseJsAndAssets\index.android.bundle:30662:16: warning: the variable "SharedArrayBuffer" was not declared in function "from"
    if (typeof SharedArrayBuffer !== 'undefined' && (isInstance(value, Shared...
               ^~~~~~~~~~~~~~~~~
android\app\build\generated\assets\createBundleReleaseJsAndAssets\index.android.bundle:38549:34: warning: the variable "requestAnimationFrame" was not declared in function "start 9#"
...    this._animationFrame = requestAnimationFrame(this.onUpdate.bind(this));
                              ^~~~~~~~~~~~~~~~~~~~~
android\app\build\generated\assets\createBundleReleaseJsAndAssets\index.android.bundle:53717:26: warning: the variable "SuppressedError" was not declared in anonymous function " 1654#"
    "function" == typeof SuppressedError && SuppressedError;
                         ^~~~~~~~~~~~~~~
android\app\build\generated\assets\createBundleReleaseJsAndAssets\index.android.bundle:54002:34: warning: the variable "structuredClone" was not declared in function "be"
        } : "function" == typeof structuredClone ? function (e) {
                                 ^~~~~~~~~~~~~~~
android\app\build\generated\assets\createBundleReleaseJsAndAssets\index.android.bundle:61551:16: warning: Direct call to eval(), but lexical scope is not supported.
        return eval(body);
               ^~~~~~~~~~
android\app\build\generated\assets\createBundleReleaseJsAndAssets\index.android.bundle:64768:38: warning: the variable "document" was not declared in anonymous function " 2231#"
...r useClientLayoutEffect = typeof document !== 'undefined' || typeof naviga...
                                    ^~~~~~~~
android\app\build\generated\assets\createBundleReleaseJsAndAssets\index.android.bundle:70329:9: warning: the variable "REACT_NAVIGATION_DEVTOOLS" was not declared in anonymous arrow function " 2588#"
        REACT_NAVIGATION_DEVTOOLS.set(refContainer.current, {
        ^~~~~~~~~~~~~~~~~~~~~~~~~
android\app\build\generated\assets\createBundleReleaseJsAndAssets\index.android.bundle:76076:16: warning: the variable "requestIdleCallback" was not declared in anonymous arrow function " 2833#"
      var id = requestIdleCallback(() => {
               ^~~~~~~~~~~~~~~~~~~
android\app\build\generated\assets\createBundleReleaseJsAndAssets\index.android.bundle:76079:20: warning: the variable "cancelIdleCallback" was not declared in anonymous arrow function " 2835#"
      return () => cancelIdleCallback(id);
                   ^~~~~~~~~~~~~~~~~~
android\app\build\generated\assets\createBundleReleaseJsAndAssets\index.android.bundle:79578:11: warning: the variable "cancelAnimationFrame" was not declared in function "cleanup"
          cancelAnimationFrame(this.splashScreenAnimationFrame);
          ^~~~~~~~~~~~~~~~~~~~
android\app\build\generated\assets\createBundleReleaseJsAndAssets\index.android.bundle:80758:16: warning: the variable "ReactNativeWebView" was not declared in function "emitDomEvent"
    if (typeof ReactNativeWebView !== 'undefined') {
               ^~~~~~~~~~~~~~~~~~
android\app\build\generated\assets\createBundleReleaseJsAndAssets\index.android.bundle:121002:13: warning: the variable "clearInterval" was not declared in anonymous arrow function " 3646#"
            clearInterval(this._workerHeartbeatTimer);
            ^~~~~~~~~~~~~
android\app\build\generated\assets\createBundleReleaseJsAndAssets\index.android.bundle:121406:30: warning: the variable "Worker" was not declared in function "_startWorkerHeartbeat"
        this.workerRef = new Worker(objectUrl);
                             ^~~~~~
android\app\build\generated\assets\createBundleReleaseJsAndAssets\index.android.bundle:121552:20: warning: the variable "WebSocket" was not declared in function "detectEnvironment"
        if (typeof WebSocket !== 'undefined') {
                   ^~~~~~~~~
android\app\build\generated\assets\createBundleReleaseJsAndAssets\index.android.bundle:121795:27: warning: the variable "TextEncoder" was not declared in function "_encodeJsonUserBroadcastPush"
        var encoder = new TextEncoder();
                          ^~~~~~~~~~~
android\app\build\generated\assets\createBundleReleaseJsAndAssets\index.android.bundle:121877:27: warning: the variable "TextDecoder" was not declared in function "_binaryDecode"
        var decoder = new TextDecoder();
                          ^~~~~~~~~~~
android\app\build\generated\assets\createBundleReleaseJsAndAssets\index.android.bundle:123952:12: warning: the variable "btoa" was not declared in arrow function "arrayBufferToBase64"
    return btoa(binary);
           ^~~~
android\app\build\generated\assets\createBundleReleaseJsAndAssets\index.android.bundle:123958:26: warning: the variable "atob" was not declared in function "LongPoll 1#"
        this.authToken = atob(protocols[1].slice(AUTH_TOKEN_PREFIX.length));
                         ^~~~
android\app\build\generated\assets\createBundleReleaseJsAndAssets\index.android.bundle:124116:20: warning: the variable "CloseEvent" was not declared in function "close 7#"
        if (typeof CloseEvent !== "undefined") {
                   ^~~~~~~~~~
android\app\build\generated\assets\createBundleReleaseJsAndAssets\index.android.bundle:126400:27: warning: the variable "ReadableStream" was not declared in function "?anon_0_ 86#"
              if ((typeof ReadableStream !== "undefined" && body instanceof R...
                          ^~~~~~~~~~~~~~
android\app\build\generated\assets\createBundleReleaseJsAndAssets\index.android.bundle:127429:20: warning: the variable "Buffer" was not declared in function "toBase64"
        if (typeof Buffer !== "undefined") return Buffer.from(data).toString(...
                   ^~~~~~
android\app\build\generated\assets\createBundleReleaseJsAndAssets\index.android.bundle:132127:16: warning: the variable "crypto" was not declared in function "generatePKCEVerifier"
    if (typeof crypto === 'undefined') {
               ^~~~~~
android\app\build\generated\assets\createBundleReleaseJsAndAssets\index.android.bundle:137909:24: warning: the variable "setInterval" was not declared in function "?anon_0_ 308#"
          var ticker = setInterval(() => this._autoRefreshTokenTick(), consta...
                       ^~~~~~~~~~~
android\app\build\generated\assets\createBundleReleaseJsAndAssets\index.android.bundle:139594:7: warning: the variable "__magic__" was not declared in function "polyfillGlobalThis"
      __magic__.globalThis = __magic__;
      ^~~~~~~~~
android\app\build\generated\assets\createBundleReleaseJsAndAssets\index.android.bundle:139796:16: warning: the variable "PublicKeyCredential" was not declared in function "deserializeCredentialCreationOptions"
    if (typeof PublicKeyCredential !== 'undefined' && 'parseCreationOptionsFr...
               ^~~~~~~~~~~~~~~~~~~
android\app\build\generated\assets\createBundleReleaseJsAndAssets\index.android.bundle:140656:37: warning: the variable "AbortSignal" was not declared in function "identifyRegistrationError"
      if (options.signal instanceof AbortSignal) {
                                    ^~~~~~~~~~~
android\app\build\generated\assets\createBundleReleaseJsAndAssets\index.android.bundle:141620:18: warning: the variable "FinalizationRegistry" was not declared in function "initializeServerApp"
      if (typeof FinalizationRegistry === 'undefined') {
                 ^~~~~~~~~~~~~~~~~~~~
android\app\build\generated\assets\createBundleReleaseJsAndAssets\index.android.bundle:145335:29: warning: the variable "IDBDatabase" was not declared in function "getMethod"
    if (!(target instanceof IDBDatabase && !(prop in target) && typeof prop =...
                            ^~~~~~~~~~~
android\app\build\generated\assets\createBundleReleaseJsAndAssets\index.android.bundle:145344:37: warning: the variable "IDBIndex" was not declared in function "getMethod"
    !(targetFuncName in (useIndex ? IDBIndex : IDBObjectStore).prototype) || ...
                                    ^~~~~~~~
android\app\build\generated\assets\createBundleReleaseJsAndAssets\index.android.bundle:145344:48: warning: the variable "IDBObjectStore" was not declared in function "getMethod"
...ame in (useIndex ? IDBIndex : IDBObjectStore).prototype) || !(isWrite || r...
                                 ^~~~~~~~~~~~~~
android\app\build\generated\assets\createBundleReleaseJsAndAssets\index.android.bundle:145388:94: warning: the variable "IDBCursor" was not declared in function "getIdbProxyableTypes"
...abase, IDBObjectStore, IDBIndex, IDBCursor, IDBTransaction]);
                                    ^~~~~~~~~
android\app\build\generated\assets\createBundleReleaseJsAndAssets\index.android.bundle:145388:105: warning: the variable "IDBTransaction" was not declared in function "getIdbProxyableTypes"
...ctStore, IDBIndex, IDBCursor, IDBTransaction]);
                                 ^~~~~~~~~~~~~~
android\app\build\generated\assets\createBundleReleaseJsAndAssets\index.android.bundle:145443:32: warning: the variable "DOMException" was not declared in arrow function "error 8#"
        reject(tx.error || new DOMException('AbortError', 'AbortError'));
                               ^~~~~~~~~~~~
android\app\build\generated\assets\createBundleReleaseJsAndAssets\index.android.bundle:145535:26: warning: the variable "IDBRequest" was not declared in function "wrap 1#"
    if (value instanceof IDBRequest) return promisifyRequest(value);
                         ^~~~~~~~~~
android\app\build\generated\assets\createBundleReleaseJsAndAssets\index.android.bundle:163125:27: warning: the variable "Comment" was not declared in function "Qr 1#"
      return t instanceof Comment && "" === t.data ? Zr(t) : t;
                          ^~~~~~~
android\app\build\generated\assets\createBundleReleaseJsAndAssets\index.android.bundle:163512:55: warning: the variable "EventTarget" was not declared in function "ra"
...typeof e && e && !(e instanceof EventTarget)) if (re in e) ta(e);else if (...
                                   ^~~~~~~~~~~
android\app\build\generated\assets\createBundleReleaseJsAndAssets\index.android.bundle:163553:78: warning: the variable "HTMLMediaElement" was not declared in function "ia"
...=== document || r instanceof HTMLMediaElement) && it(() => {
                                ^~~~~~~~~~~~~~~~
android\app\build\generated\assets\createBundleReleaseJsAndAssets\index.android.bundle:163722:21: warning: the variable "Element" was not declared in anonymous function " 5619#"
            var e = Element.prototype,
                    ^~~~~~~
android\app\build\generated\assets\createBundleReleaseJsAndAssets\index.android.bundle:163723:19: warning: the variable "Node" was not declared in anonymous function " 5619#"
              r = Node.prototype,
                  ^~~~
android\app\build\generated\assets\createBundleReleaseJsAndAssets\index.android.bundle:163724:19: warning: the variable "Text" was not declared in anonymous function " 5619#"
              t = Text.prototype;
                  ^~~~
android\app\build\generated\assets\createBundleReleaseJsAndAssets\index.android.bundle:164085:29: warning: the variable "CustomEvent" was not declared in anonymous arrow function " 5649#"
        e.dispatchEvent(new CustomEvent(r));
                            ^~~~~~~~~~~
android\app\build\generated\assets\createBundleReleaseJsAndAssets\index.android.bundle:164500:27: warning: the variable "MutationObserver" was not declared in anonymous function " 5679#"
              var r = new MutationObserver(() => {
                          ^~~~~~~~~~~~~~~~
android\app\build\generated\assets\createBundleReleaseJsAndAssets\index.android.bundle:170869:18: warning: the variable "WebKitCSSMatrix" was not declared in function "Cl"
      return new WebKitCSSMatrix(r.transform).m41;
                 ^~~~~~~~~~~~~~~
android\app\build\generated\assets\createBundleReleaseJsAndAssets\index.android.bundle:172396:30: warning: the variable "FontFace" was not declared in function "?anon_0__loop6"
                  _n17 = new FontFace(_a26, `url(${e.url})`, {
                             ^~~~~~~~
android\app\build\generated\assets\createBundleReleaseJsAndAssets\index.android.bundle:173498:35: warning: the variable "ResizeObserver" was not declared in anonymous arrow function " 6314#"
      Ra(() => (Zt(o) && (n = new ResizeObserver(() => {
                                  ^~~~~~~~~~~~~~
android\app\build\generated\assets\createBundleReleaseJsAndAssets\index.android.bundle:177221:16: warning: the variable "getComputedStyle" was not declared in function "qg"
      var n = +getComputedStyle(e).opacity;
               ^~~~~~~~~~~~~~~~
android\app\build\generated\assets\createBundleReleaseJsAndAssets\index.android.bundle:180549:14: warning: the variable "screen" was not declared in function "Bh"
      typeof screen < "u" && screen && (n = screen.width, o = screen.height);
             ^~~~~~
android\app\build\generated\assets\createBundleReleaseJsAndAssets\index.android.bundle:180560:19: warning: the variable "Intl" was not declared in function "Bh"
        timeZone: Intl.DateTimeFormat().resolvedOptions().timeZone,
                  ^~~~
android\app\build\generated\assets\createBundleReleaseJsAndAssets\index.android.bundle:183046:81: warning: the variable "localStorage" was not declared in function "configure 4#"
...pUserId, "undefined" != typeof localStorage && localStorage.setItem(Fy.APP...
                                  ^~~~~~~~~~~~
android\app\build\generated\assets\createBundleReleaseJsAndAssets\index.android.bundle:202292:25: warning: the variable "Atomics" was not declared in anonymous function " 8143#"
    '%Atomics%': typeof Atomics === 'undefined' ? undefined : Atomics,
                        ^~~~~~~
android\app\build\generated\assets\createBundleReleaseJsAndAssets\index.android.bundle:202307:30: warning: the variable "Float16Array" was not declared in anonymous function " 8143#"
    '%Float16Array%': typeof Float16Array === 'undefined' ? undefined : Float...
                             ^~~~~~~~~~~~
android\app\build\generated\assets\createBundleReleaseJsAndAssets\index.android.bundle:202350:25: warning: the variable "WeakRef" was not declared in anonymous function " 8143#"
    '%WeakRef%': typeof WeakRef === 'undefined' ? undefined : WeakRef,
                        ^~~~~~~
android\app\build\generated\assets\createBundleReleaseJsAndAssets\index.android.bundle:246042:18: warning: the variable "dispatchEvent" was not declared in function "reportError 1#"
      if (typeof dispatchEvent === "function" && typeof ErrorEvent === "funct...
                 ^~~~~~~~~~~~~
android\app\build\generated\assets\createBundleReleaseJsAndAssets\index.android.bundle:246042:57: warning: the variable "ErrorEvent" was not declared in function "reportError 1#"
...hEvent === "function" && typeof ErrorEvent === "function") {
                                   ^~~~~~~~~~
android\app\build\generated\assets\createBundleReleaseJsAndAssets\index.android.bundle:256601:27: warning: the variable "Event" was not declared in anonymous arrow function " 9847#"
              var s = new Event("track");
                          ^~~~~
android\app\build\generated\assets\createBundleReleaseJsAndAssets\index.android.bundle:256773:17: warning: the variable "RTCSessionDescription" was not declared in function "o 30#"
        }), new RTCSessionDescription({
                ^~~~~~~~~~~~~~~~~~~~~
android\app\build\generated\assets\createBundleReleaseJsAndAssets\index.android.bundle:258224:43: warning: the variable "MediaStream" was not declared in function "?anon_0_ 1244#"
...  n.createMediaStreamSource(new MediaStream([e.mediaStreamTrack])).connect...
                                   ^~~~~~~~~~~
android\app\build\generated\assets\createBundleReleaseJsAndAssets\index.android.bundle:258480:48: warning: the variable "HTMLVideoElement" was not declared in function "lr 1#"
...ck(e)), Sr() && t instanceof HTMLVideoElement || (t.autoplay = true), t.mu...
                                ^~~~~~~~~~~~~~~~
android\app\build\generated\assets\createBundleReleaseJsAndAssets\index.android.bundle:258558:34: warning: the variable "RTCPeerConnection" was not declared in function "mr 1#"
      return "addTransceiver" in RTCPeerConnection.prototype;
                                 ^~~~~~~~~~~~~~~~~
android\app\build\generated\assets\createBundleReleaseJsAndAssets\index.android.bundle:258564:34: warning: the variable "RTCRtpSender" was not declared in function "vr 2#"
      if (!("getCapabilities" in RTCRtpSender)) return false;
                                 ^~~~~~~~~~~~
android\app\build\generated\assets\createBundleReleaseJsAndAssets\index.android.bundle:258697:24: warning: the variable "AudioContext" was not declared in function "Hr 1#"
        var _e49 = new AudioContext(),
                       ^~~~~~~~~~~~
android\app\build\generated\assets\createBundleReleaseJsAndAssets\index.android.bundle:258758:36: warning: the variable "MediaStreamTrack" was not declared in function "Zr 2#"
      return !!e && !(e instanceof MediaStreamTrack) && e.isLocal;
                                   ^~~~~~~~~~~~~~~~
android\app\build\generated\assets\createBundleReleaseJsAndAssets\index.android.bundle:258450:28: warning: the variable "HTMLAudioElement" was not declared in function "recycleElement"
          if (e instanceof HTMLAudioElement) {
                           ^~~~~~~~~~~~~~~~
android\app\build\generated\assets\createBundleReleaseJsAndAssets\index.android.bundle:258673:37: warning: the variable "IntersectionObserver" was not declared in arrow function "Br 2#"
    var Br = () => (Fr || (Fr = new IntersectionObserver(Lr, {
                                    ^~~~~~~~~~~~~~~~~~~~
android\app\build\generated\assets\createBundleReleaseJsAndAssets\index.android.bundle:259205:35: warning: the variable "RTCRtpScriptTransform" was not declared in function "?anon_0_ 1257#"
                e.transform = new RTCRtpScriptTransform(this.worker, _s20);
                                  ^~~~~~~~~~~~~~~~~~~~~
android\app\build\generated\assets\createBundleReleaseJsAndAssets\index.android.bundle:259466:29: warning: the variable "WritableStream" was not declared in anonymous arrow function " 10421#"
              writable: new WritableStream({
                            ^~~~~~~~~~~~~~
android\app\build\generated\assets\createBundleReleaseJsAndAssets\index.android.bundle:261624:36: warning: the variable "MediaRecorder" was not declared in anonymous function " 9802#"
    var yc = "undefined" != typeof MediaRecorder;
                                   ^~~~~~~~~~~~~
android\app\build\generated\assets\createBundleReleaseJsAndAssets\index.android.bundle:264443:129: warning: the variable "RTCRtpReceiver" was not declared in function "startMonitor 2#"
..., fc)), "undefined" != typeof RTCRtpReceiver && "getSynchronizationSources...
                                 ^~~~~~~~~~~~~~
android\app\build\generated\assets\createBundleReleaseJsAndAssets\index.android.bundle:268840:34: warning: the variable "RTCIceCandidate" was not declared in anonymous arrow function " 11183#"
                  var _i66 = new RTCIceCandidate(e);
                                 ^~~~~~~~~~~~~~~
android\app\build\generated\assets\createBundleReleaseJsAndAssets\index.android.bundle:268857:30: warning: the variable "RTCPeerConnectionIceErrorEvent" was not declared in anonymous arrow function " 11185#"
...         e instanceof RTCPeerConnectionIceErrorEvent && this.appendWarning...
                         ^~~~~~~~~~~~~~~~~~~~~~~~~~~~~~
android\app\build\generated\assets\createBundleReleaseJsAndAssets\index.android.bundle:276586:32: warning: the variable "HTMLElement" was not declared in function "ee 3#"
    return qe() ? e instanceof HTMLElement || e instanceof z(e).HTMLElement :...
                               ^~~~~~~~~~~
android\app\build\generated\assets\createBundleReleaseJsAndAssets\index.android.bundle:276589:28: warning: the variable "ShadowRoot" was not declared in function "At 3#"
    return !qe() || typeof ShadowRoot > "u" ? false : e instanceof ShadowRoot...
                           ^~~~~~~~~~
android\app\build\generated\assets\createBundleReleaseJsAndAssets\index.android.bundle:276632:19: warning: the variable "CSS" was not declared in function "mt 3#"
    return typeof CSS > "u" || !CSS.supports ? false : CSS.supports("-webkit-...
                  ^~~
android\app\build\generated\assets\createBundleReleaseJsAndAssets\index.android.bundle:279647:82: warning: the variable "File" was not declared in anonymous arrow function " 11999#"
...promise)), Fe((M, G) => [...M, new File(G.buffer, G.fileName)], []), O(M =...
                                      ^~~~
android\app\build\generated\assets\createBundleReleaseJsAndAssets\index.android.bundle:285097:31: warning: the variable "StopIteration" was not declared in anonymous function " 12507#"
  var $StopIteration = typeof StopIteration === 'object' ? StopIteration : null;
                              ^~~~~~~~~~~~~
android\app\build\generated\assets\createBundleReleaseJsAndAssets\index.android.bundle:296543:11: warning: the variable "_WORKLET" was not declared in function "assertEasingIsWorklet"
      if (_WORKLET) {
          ^~~~~~~~
android\app\build\generated\assets\createBundleReleaseJsAndAssets\index.android.bundle:298788:12: warning: the variable "__reanimatedLoggerConfig" was not declared in function "replaceLoggerImplementation"
        ...__reanimatedLoggerConfig,
           ^~~~~~~~~~~~~~~~~~~~~~~~
android\app\build\generated\assets\createBundleReleaseJsAndAssets\index.android.bundle:299389:26: warning: Direct call to eval(), but lexical scope is not supported.
            workletFun = eval('(' + initData.code + '\n)');
                         ^~~~~~~~~~~~~~~~~~~~~~~~~~~~~~~~~
android\app\build\generated\assets\createBundleReleaseJsAndAssets\index.android.bundle:299412:112: warning: the variable "_toString" was not declared in function "valueUnpacker"
...recognized by value unpacker: "${_toString(objectToUnpack)}".`);
                                    ^~~~~~~~~
android\app\build\generated\assets\createBundleReleaseJsAndAssets\index.android.bundle:320840:5: warning: the variable "jest" was not declared in arrow function "beforeTest"
    jest.useFakeTimers();
    ^~~~
android\app\build\generated\assets\createBundleReleaseJsAndAssets\index.android.bundle:321416:26: warning: the variable "_getAnimationTimestamp" was not declared in function "computeEasingProgress"
      var elapsedTime = (_getAnimationTimestamp() - startingTimestamp) / 1000;
                         ^~~~~~~~~~~~~~~~~~~~~~

> Task :app:generateReleaseResValues UP-TO-DATE
> Task :app:injectCrashlyticsMappingFileIdRelease UP-TO-DATE
> Task :app:processReleaseGoogleServices UP-TO-DATE
> Task :expo:generateReleaseResValues UP-TO-DATE
> Task :expo:generateReleaseResources UP-TO-DATE
> Task :expo:packageReleaseResources UP-TO-DATE
> Task :expo-application:generateReleaseResValues UP-TO-DATE
> Task :expo-application:generateReleaseResources UP-TO-DATE
> Task :expo-application:packageReleaseResources UP-TO-DATE
> Task :expo-asset:generateReleaseResValues UP-TO-DATE
> Task :expo-asset:generateReleaseResources UP-TO-DATE
> Task :expo-asset:packageReleaseResources UP-TO-DATE
> Task :expo-av:generateReleaseResValues UP-TO-DATE
> Task :expo-av:generateReleaseResources UP-TO-DATE
> Task :expo-av:packageReleaseResources UP-TO-DATE
> Task :expo-blur:generateReleaseResValues UP-TO-DATE
> Task :expo-blur:generateReleaseResources UP-TO-DATE
> Task :expo-blur:packageReleaseResources UP-TO-DATE
> Task :expo-clipboard:generateReleaseResValues UP-TO-DATE
> Task :expo-clipboard:generateReleaseResources UP-TO-DATE
> Task :expo-clipboard:packageReleaseResources UP-TO-DATE
> Task :expo-constants:generateReleaseResValues UP-TO-DATE
> Task :expo-constants:generateReleaseResources UP-TO-DATE
> Task :expo-constants:packageReleaseResources UP-TO-DATE
> Task :expo-crypto:generateReleaseResValues UP-TO-DATE
> Task :expo-crypto:generateReleaseResources UP-TO-DATE
> Task :expo-crypto:packageReleaseResources UP-TO-DATE
> Task :expo-device:generateReleaseResValues UP-TO-DATE
> Task :expo-device:generateReleaseResources UP-TO-DATE
> Task :expo-device:packageReleaseResources UP-TO-DATE
> Task :expo-file-system:generateReleaseResValues UP-TO-DATE
> Task :expo-file-system:generateReleaseResources UP-TO-DATE
> Task :expo-file-system:packageReleaseResources UP-TO-DATE
> Task :expo-font:generateReleaseResValues UP-TO-DATE
> Task :expo-font:generateReleaseResources UP-TO-DATE
> Task :expo-font:packageReleaseResources UP-TO-DATE
> Task :expo-haptics:generateReleaseResValues UP-TO-DATE
> Task :expo-haptics:generateReleaseResources UP-TO-DATE
> Task :expo-haptics:packageReleaseResources UP-TO-DATE
> Task :expo-image-loader:generateReleaseResValues UP-TO-DATE
> Task :expo-image-loader:generateReleaseResources UP-TO-DATE
> Task :expo-image-loader:packageReleaseResources UP-TO-DATE
> Task :expo-image-manipulator:generateReleaseResValues UP-TO-DATE
> Task :expo-image-manipulator:generateReleaseResources UP-TO-DATE
> Task :expo-image-manipulator:packageReleaseResources UP-TO-DATE
> Task :expo-image-picker:generateReleaseResValues UP-TO-DATE
> Task :expo-image-picker:generateReleaseResources UP-TO-DATE
> Task :expo-image-picker:packageReleaseResources UP-TO-DATE
> Task :expo-keep-awake:generateReleaseResValues UP-TO-DATE
> Task :expo-keep-awake:generateReleaseResources UP-TO-DATE
> Task :expo-keep-awake:packageReleaseResources UP-TO-DATE
> Task :expo-linear-gradient:generateReleaseResValues UP-TO-DATE
> Task :expo-linear-gradient:generateReleaseResources UP-TO-DATE
> Task :expo-linear-gradient:packageReleaseResources UP-TO-DATE
> Task :expo-linking:generateReleaseResValues UP-TO-DATE
> Task :expo-linking:generateReleaseResources UP-TO-DATE
> Task :expo-linking:packageReleaseResources UP-TO-DATE
> Task :expo-modules-core:generateReleaseResValues UP-TO-DATE
> Task :expo-modules-core:generateReleaseResources UP-TO-DATE
> Task :expo-modules-core:packageReleaseResources UP-TO-DATE
> Task :expo-notifications:generateReleaseResValues UP-TO-DATE
> Task :expo-notifications:generateReleaseResources UP-TO-DATE
> Task :expo-notifications:packageReleaseResources UP-TO-DATE
> Task :expo-splash-screen:generateReleaseResValues UP-TO-DATE
> Task :expo-splash-screen:generateReleaseResources UP-TO-DATE
> Task :expo-splash-screen:packageReleaseResources UP-TO-DATE
> Task :expo-web-browser:generateReleaseResValues UP-TO-DATE
> Task :expo-web-browser:generateReleaseResources UP-TO-DATE
> Task :expo-web-browser:packageReleaseResources UP-TO-DATE
> Task :livekit_react-native:generateReleaseResValues UP-TO-DATE
> Task :livekit_react-native:generateReleaseResources UP-TO-DATE
> Task :livekit_react-native:packageReleaseResources UP-TO-DATE
> Task :livekit_react-native-webrtc:generateReleaseResValues UP-TO-DATE
> Task :livekit_react-native-webrtc:generateReleaseResources UP-TO-DATE
> Task :livekit_react-native-webrtc:packageReleaseResources UP-TO-DATE
> Task :lottie-react-native:generateReleaseResValues UP-TO-DATE
> Task :lottie-react-native:generateReleaseResources UP-TO-DATE
> Task :lottie-react-native:packageReleaseResources UP-TO-DATE
> Task :react-native-async-storage_async-storage:generateReleaseResValues UP-TO-DATE
> Task :react-native-async-storage_async-storage:generateReleaseResources UP-TO-DATE
> Task :react-native-async-storage_async-storage:packageReleaseResources UP-TO-DATE
> Task :react-native-community_datetimepicker:generateReleaseResValues UP-TO-DATE
> Task :react-native-community_datetimepicker:generateReleaseResources UP-TO-DATE
> Task :react-native-community_datetimepicker:packageReleaseResources UP-TO-DATE
> Task :react-native-firebase_analytics:generateReleaseResValues UP-TO-DATE
> Task :react-native-firebase_analytics:generateReleaseResources UP-TO-DATE
> Task :react-native-firebase_analytics:packageReleaseResources UP-TO-DATE
> Task :react-native-firebase_app:generateReleaseResValues UP-TO-DATE
> Task :react-native-firebase_app:generateReleaseResources UP-TO-DATE
> Task :react-native-firebase_app:packageReleaseResources UP-TO-DATE
> Task :react-native-firebase_crashlytics:generateReleaseResValues UP-TO-DATE
> Task :react-native-firebase_crashlytics:generateReleaseResources UP-TO-DATE
> Task :react-native-firebase_crashlytics:packageReleaseResources UP-TO-DATE
> Task :react-native-gesture-handler:generateReleaseResValues UP-TO-DATE
> Task :react-native-gesture-handler:generateReleaseResources UP-TO-DATE
> Task :react-native-gesture-handler:packageReleaseResources UP-TO-DATE
> Task :react-native-google-signin_google-signin:generateReleaseResValues UP-TO-DATE
> Task :react-native-google-signin_google-signin:generateReleaseResources UP-TO-DATE
> Task :react-native-google-signin_google-signin:packageReleaseResources UP-TO-DATE
> Task :react-native-keyboard-controller:generateReleaseResValues UP-TO-DATE
> Task :react-native-keyboard-controller:generateReleaseResources UP-TO-DATE
> Task :react-native-keyboard-controller:packageReleaseResources UP-TO-DATE
> Task :react-native-masked-view_masked-view:generateReleaseResValues UP-TO-DATE
> Task :react-native-masked-view_masked-view:generateReleaseResources UP-TO-DATE
> Task :react-native-masked-view_masked-view:packageReleaseResources UP-TO-DATE
> Task :react-native-purchases:generateReleaseResValues UP-TO-DATE
> Task :react-native-purchases:generateReleaseResources UP-TO-DATE
> Task :react-native-purchases:packageReleaseResources UP-TO-DATE
> Task :react-native-reanimated:generateReleaseResValues UP-TO-DATE
> Task :react-native-reanimated:generateReleaseResources UP-TO-DATE
> Task :react-native-reanimated:packageReleaseResources UP-TO-DATE
> Task :react-native-safe-area-context:generateReleaseResValues UP-TO-DATE
> Task :react-native-safe-area-context:generateReleaseResources UP-TO-DATE
> Task :react-native-safe-area-context:packageReleaseResources UP-TO-DATE
> Task :react-native-screens:generateReleaseResValues UP-TO-DATE
> Task :react-native-screens:generateReleaseResources UP-TO-DATE
> Task :react-native-screens:packageReleaseResources UP-TO-DATE
> Task :react-native-webview:generateReleaseResValues UP-TO-DATE
> Task :react-native-webview:generateReleaseResources UP-TO-DATE
> Task :react-native-webview:packageReleaseResources UP-TO-DATE
> Task :app:mapReleaseSourceSetPaths UP-TO-DATE
> Task :app:generateReleaseResources UP-TO-DATE
> Task :app:mergeReleaseResources UP-TO-DATE
> Task :app:packageReleaseResources UP-TO-DATE
> Task :app:parseReleaseLocalResources UP-TO-DATE
> Task :app:createReleaseCompatibleScreenManifests
> Task :app:extractDeepLinksRelease UP-TO-DATE
> Task :expo:extractDeepLinksRelease UP-TO-DATE
> Task :expo:processReleaseManifest UP-TO-DATE
> Task :expo-application:extractDeepLinksRelease UP-TO-DATE
> Task :expo-application:processReleaseManifest UP-TO-DATE
> Task :expo-asset:extractDeepLinksRelease UP-TO-DATE
> Task :expo-asset:processReleaseManifest UP-TO-DATE
> Task :expo-av:extractDeepLinksRelease UP-TO-DATE
> Task :expo-av:processReleaseManifest UP-TO-DATE
> Task :expo-blur:extractDeepLinksRelease UP-TO-DATE
> Task :expo-blur:processReleaseManifest UP-TO-DATE
> Task :expo-clipboard:extractDeepLinksRelease UP-TO-DATE
> Task :expo-clipboard:processReleaseManifest UP-TO-DATE
> Task :expo-constants:extractDeepLinksRelease UP-TO-DATE
> Task :expo-constants:processReleaseManifest UP-TO-DATE
> Task :expo-crypto:extractDeepLinksRelease UP-TO-DATE
> Task :expo-crypto:processReleaseManifest UP-TO-DATE
> Task :expo-device:extractDeepLinksRelease UP-TO-DATE
> Task :expo-device:processReleaseManifest UP-TO-DATE
> Task :expo-file-system:extractDeepLinksRelease UP-TO-DATE
> Task :expo-file-system:processReleaseManifest UP-TO-DATE
> Task :expo-font:extractDeepLinksRelease UP-TO-DATE
> Task :expo-font:processReleaseManifest UP-TO-DATE
> Task :expo-haptics:extractDeepLinksRelease UP-TO-DATE
> Task :expo-haptics:processReleaseManifest UP-TO-DATE
> Task :expo-image-loader:extractDeepLinksRelease UP-TO-DATE
> Task :expo-image-loader:processReleaseManifest UP-TO-DATE
> Task :expo-image-manipulator:extractDeepLinksRelease UP-TO-DATE
> Task :expo-image-manipulator:processReleaseManifest UP-TO-DATE
> Task :expo-image-picker:extractDeepLinksRelease UP-TO-DATE
> Task :expo-image-picker:processReleaseManifest UP-TO-DATE
> Task :expo-keep-awake:extractDeepLinksRelease UP-TO-DATE
> Task :expo-keep-awake:processReleaseManifest UP-TO-DATE
> Task :expo-linear-gradient:extractDeepLinksRelease UP-TO-DATE
> Task :expo-linear-gradient:processReleaseManifest UP-TO-DATE
> Task :expo-linking:extractDeepLinksRelease UP-TO-DATE
> Task :expo-linking:processReleaseManifest UP-TO-DATE
> Task :expo-modules-core:extractDeepLinksRelease UP-TO-DATE
> Task :expo-modules-core:processReleaseManifest UP-TO-DATE
> Task :expo-notifications:extractDeepLinksRelease UP-TO-DATE
> Task :expo-notifications:processReleaseManifest UP-TO-DATE
> Task :expo-splash-screen:extractDeepLinksRelease UP-TO-DATE
> Task :expo-splash-screen:processReleaseManifest UP-TO-DATE
> Task :expo-web-browser:extractDeepLinksRelease UP-TO-DATE
> Task :expo-web-browser:processReleaseManifest UP-TO-DATE
> Task :livekit_react-native:extractDeepLinksRelease UP-TO-DATE
> Task :livekit_react-native:processReleaseManifest UP-TO-DATE
> Task :livekit_react-native-webrtc:extractDeepLinksRelease UP-TO-DATE
> Task :livekit_react-native-webrtc:processReleaseManifest UP-TO-DATE
> Task :lottie-react-native:extractDeepLinksRelease UP-TO-DATE
> Task :lottie-react-native:processReleaseManifest UP-TO-DATE
> Task :react-native-async-storage_async-storage:extractDeepLinksRelease UP-TO-DATE
> Task :react-native-async-storage_async-storage:processReleaseManifest UP-TO-DATE
> Task :react-native-community_datetimepicker:extractDeepLinksRelease UP-TO-DATE
> Task :react-native-community_datetimepicker:processReleaseManifest UP-TO-DATE
> Task :react-native-firebase_analytics:extractDeepLinksRelease UP-TO-DATE
> Task :react-native-firebase_analytics:processReleaseManifest UP-TO-DATE
> Task :react-native-firebase_app:extractDeepLinksRelease UP-TO-DATE
> Task :react-native-firebase_app:processReleaseManifest UP-TO-DATE
> Task :react-native-firebase_crashlytics:extractDeepLinksRelease UP-TO-DATE
> Task :react-native-firebase_crashlytics:processReleaseManifest UP-TO-DATE
> Task :react-native-gesture-handler:extractDeepLinksRelease UP-TO-DATE
> Task :react-native-gesture-handler:processReleaseManifest UP-TO-DATE
> Task :react-native-google-signin_google-signin:extractDeepLinksRelease UP-TO-DATE
> Task :react-native-google-signin_google-signin:processReleaseManifest UP-TO-DATE
> Task :react-native-keyboard-controller:extractDeepLinksRelease UP-TO-DATE
> Task :react-native-keyboard-controller:processReleaseManifest UP-TO-DATE
> Task :react-native-masked-view_masked-view:extractDeepLinksRelease UP-TO-DATE
> Task :react-native-masked-view_masked-view:processReleaseManifest UP-TO-DATE
> Task :react-native-purchases:extractDeepLinksRelease UP-TO-DATE
> Task :react-native-purchases:processReleaseManifest UP-TO-DATE
> Task :react-native-reanimated:extractDeepLinksRelease UP-TO-DATE
> Task :react-native-reanimated:processReleaseManifest UP-TO-DATE
> Task :react-native-safe-area-context:extractDeepLinksRelease UP-TO-DATE
> Task :react-native-safe-area-context:processReleaseManifest UP-TO-DATE
> Task :react-native-screens:extractDeepLinksRelease UP-TO-DATE
> Task :react-native-screens:processReleaseManifest UP-TO-DATE
> Task :react-native-webview:extractDeepLinksRelease UP-TO-DATE
> Task :react-native-webview:processReleaseManifest UP-TO-DATE

> Task :app:processReleaseMainManifest
C:\SopranoChat\android\app\src\main\AndroidManifest.xml Warning:
	provider#expo.modules.filesystem.FileSystemFileProvider@android:authorities was tagged at AndroidManifest.xml:0 to replace other declarations but no other declaration present

> Task :app:processReleaseManifest
> Task :expo:compileReleaseLibraryResources UP-TO-DATE
> Task :expo:parseReleaseLocalResources UP-TO-DATE
> Task :expo:generateReleaseRFile UP-TO-DATE
> Task :expo-application:compileReleaseLibraryResources UP-TO-DATE
> Task :expo-application:parseReleaseLocalResources UP-TO-DATE
> Task :expo-application:generateReleaseRFile UP-TO-DATE
> Task :expo-asset:compileReleaseLibraryResources UP-TO-DATE
> Task :expo-asset:parseReleaseLocalResources UP-TO-DATE
> Task :expo-asset:generateReleaseRFile UP-TO-DATE
> Task :expo-av:compileReleaseLibraryResources UP-TO-DATE
> Task :expo-av:parseReleaseLocalResources UP-TO-DATE
> Task :expo-av:generateReleaseRFile UP-TO-DATE
> Task :expo-blur:compileReleaseLibraryResources UP-TO-DATE
> Task :expo-blur:parseReleaseLocalResources UP-TO-DATE
> Task :expo-blur:generateReleaseRFile UP-TO-DATE
> Task :expo-clipboard:compileReleaseLibraryResources UP-TO-DATE
> Task :expo-clipboard:parseReleaseLocalResources UP-TO-DATE
> Task :expo-clipboard:generateReleaseRFile UP-TO-DATE
> Task :expo-constants:compileReleaseLibraryResources UP-TO-DATE
> Task :expo-constants:parseReleaseLocalResources UP-TO-DATE
> Task :expo-constants:generateReleaseRFile UP-TO-DATE
> Task :expo-crypto:compileReleaseLibraryResources UP-TO-DATE
> Task :expo-crypto:parseReleaseLocalResources UP-TO-DATE
> Task :expo-crypto:generateReleaseRFile UP-TO-DATE
> Task :expo-device:compileReleaseLibraryResources UP-TO-DATE
> Task :expo-device:parseReleaseLocalResources UP-TO-DATE
> Task :expo-device:generateReleaseRFile UP-TO-DATE
> Task :expo-file-system:compileReleaseLibraryResources UP-TO-DATE
> Task :expo-file-system:parseReleaseLocalResources UP-TO-DATE
> Task :expo-file-system:generateReleaseRFile UP-TO-DATE
> Task :expo-font:compileReleaseLibraryResources UP-TO-DATE
> Task :expo-font:parseReleaseLocalResources UP-TO-DATE
> Task :expo-font:generateReleaseRFile UP-TO-DATE
> Task :expo-haptics:compileReleaseLibraryResources UP-TO-DATE
> Task :expo-haptics:parseReleaseLocalResources UP-TO-DATE
> Task :expo-haptics:generateReleaseRFile UP-TO-DATE
> Task :expo-image-loader:compileReleaseLibraryResources UP-TO-DATE
> Task :expo-image-loader:parseReleaseLocalResources UP-TO-DATE
> Task :expo-image-loader:generateReleaseRFile UP-TO-DATE
> Task :expo-image-manipulator:compileReleaseLibraryResources UP-TO-DATE
> Task :expo-image-manipulator:parseReleaseLocalResources UP-TO-DATE
> Task :expo-image-manipulator:generateReleaseRFile UP-TO-DATE
> Task :expo-image-picker:compileReleaseLibraryResources UP-TO-DATE
> Task :expo-image-picker:parseReleaseLocalResources UP-TO-DATE
> Task :expo-image-picker:generateReleaseRFile UP-TO-DATE
> Task :expo-keep-awake:compileReleaseLibraryResources UP-TO-DATE
> Task :expo-keep-awake:parseReleaseLocalResources UP-TO-DATE
> Task :expo-keep-awake:generateReleaseRFile UP-TO-DATE
> Task :expo-linear-gradient:compileReleaseLibraryResources UP-TO-DATE
> Task :expo-linear-gradient:parseReleaseLocalResources UP-TO-DATE
> Task :expo-linear-gradient:generateReleaseRFile UP-TO-DATE
> Task :expo-linking:compileReleaseLibraryResources UP-TO-DATE
> Task :expo-linking:parseReleaseLocalResources UP-TO-DATE
> Task :expo-linking:generateReleaseRFile UP-TO-DATE
> Task :expo-modules-core:compileReleaseLibraryResources UP-TO-DATE
> Task :expo-modules-core:parseReleaseLocalResources UP-TO-DATE
> Task :expo-modules-core:generateReleaseRFile UP-TO-DATE
> Task :expo-notifications:compileReleaseLibraryResources UP-TO-DATE
> Task :expo-notifications:parseReleaseLocalResources UP-TO-DATE
> Task :expo-notifications:generateReleaseRFile UP-TO-DATE
> Task :expo-splash-screen:compileReleaseLibraryResources UP-TO-DATE
> Task :expo-splash-screen:parseReleaseLocalResources UP-TO-DATE
> Task :expo-splash-screen:generateReleaseRFile UP-TO-DATE
> Task :expo-web-browser:compileReleaseLibraryResources UP-TO-DATE
> Task :expo-web-browser:parseReleaseLocalResources UP-TO-DATE
> Task :expo-web-browser:generateReleaseRFile UP-TO-DATE
> Task :livekit_react-native:compileReleaseLibraryResources UP-TO-DATE
> Task :livekit_react-native:parseReleaseLocalResources UP-TO-DATE
> Task :livekit_react-native:generateReleaseRFile UP-TO-DATE
> Task :livekit_react-native-webrtc:compileReleaseLibraryResources UP-TO-DATE
> Task :livekit_react-native-webrtc:parseReleaseLocalResources UP-TO-DATE
> Task :livekit_react-native-webrtc:generateReleaseRFile UP-TO-DATE
> Task :lottie-react-native:compileReleaseLibraryResources UP-TO-DATE
> Task :lottie-react-native:parseReleaseLocalResources UP-TO-DATE
> Task :lottie-react-native:generateReleaseRFile UP-TO-DATE
> Task :react-native-async-storage_async-storage:compileReleaseLibraryResources UP-TO-DATE
> Task :react-native-async-storage_async-storage:parseReleaseLocalResources UP-TO-DATE
> Task :react-native-async-storage_async-storage:generateReleaseRFile UP-TO-DATE
> Task :react-native-community_datetimepicker:compileReleaseLibraryResources UP-TO-DATE
> Task :react-native-community_datetimepicker:parseReleaseLocalResources UP-TO-DATE
> Task :react-native-community_datetimepicker:generateReleaseRFile UP-TO-DATE
> Task :react-native-firebase_analytics:compileReleaseLibraryResources UP-TO-DATE
> Task :react-native-firebase_analytics:parseReleaseLocalResources UP-TO-DATE
> Task :react-native-firebase_analytics:generateReleaseRFile UP-TO-DATE
> Task :react-native-firebase_app:compileReleaseLibraryResources UP-TO-DATE
> Task :react-native-firebase_app:parseReleaseLocalResources UP-TO-DATE
> Task :react-native-firebase_app:generateReleaseRFile UP-TO-DATE
> Task :react-native-firebase_crashlytics:compileReleaseLibraryResources UP-TO-DATE
> Task :react-native-firebase_crashlytics:parseReleaseLocalResources UP-TO-DATE
> Task :react-native-firebase_crashlytics:generateReleaseRFile UP-TO-DATE
> Task :react-native-gesture-handler:compileReleaseLibraryResources UP-TO-DATE
> Task :react-native-gesture-handler:parseReleaseLocalResources UP-TO-DATE
> Task :react-native-gesture-handler:generateReleaseRFile UP-TO-DATE
> Task :react-native-google-signin_google-signin:compileReleaseLibraryResources UP-TO-DATE
> Task :react-native-google-signin_google-signin:parseReleaseLocalResources UP-TO-DATE
> Task :react-native-google-signin_google-signin:generateReleaseRFile UP-TO-DATE
> Task :react-native-keyboard-controller:compileReleaseLibraryResources UP-TO-DATE
> Task :react-native-keyboard-controller:parseReleaseLocalResources UP-TO-DATE
> Task :react-native-keyboard-controller:generateReleaseRFile UP-TO-DATE
> Task :react-native-masked-view_masked-view:compileReleaseLibraryResources UP-TO-DATE
> Task :react-native-masked-view_masked-view:parseReleaseLocalResources UP-TO-DATE
> Task :react-native-masked-view_masked-view:generateReleaseRFile UP-TO-DATE
> Task :react-native-purchases:compileReleaseLibraryResources UP-TO-DATE
> Task :react-native-purchases:parseReleaseLocalResources UP-TO-DATE
> Task :react-native-purchases:generateReleaseRFile UP-TO-DATE
> Task :react-native-reanimated:compileReleaseLibraryResources UP-TO-DATE
> Task :react-native-reanimated:parseReleaseLocalResources UP-TO-DATE
> Task :react-native-reanimated:generateReleaseRFile UP-TO-DATE
> Task :react-native-safe-area-context:compileReleaseLibraryResources UP-TO-DATE
> Task :react-native-safe-area-context:parseReleaseLocalResources UP-TO-DATE
> Task :react-native-safe-area-context:generateReleaseRFile UP-TO-DATE
> Task :react-native-screens:compileReleaseLibraryResources UP-TO-DATE
> Task :react-native-screens:parseReleaseLocalResources UP-TO-DATE
> Task :react-native-screens:generateReleaseRFile UP-TO-DATE
> Task :react-native-webview:compileReleaseLibraryResources UP-TO-DATE
> Task :react-native-webview:parseReleaseLocalResources UP-TO-DATE
> Task :react-native-webview:generateReleaseRFile UP-TO-DATE
> Task :expo:checkKotlinGradlePluginConfigurationErrors
> Task :expo:generateReleaseBuildConfig UP-TO-DATE
> Task :expo-application:checkKotlinGradlePluginConfigurationErrors
> Task :expo-application:generateReleaseBuildConfig UP-TO-DATE
> Task :expo-modules-core:checkKotlinGradlePluginConfigurationErrors
> Task :expo-modules-core:generateReleaseBuildConfig UP-TO-DATE
> Task :expo-modules-core:compileReleaseKotlin UP-TO-DATE
> Task :expo-modules-core:javaPreCompileRelease UP-TO-DATE
> Task :expo-modules-core:compileReleaseJavaWithJavac UP-TO-DATE
> Task :expo-modules-core:bundleLibCompileToJarRelease UP-TO-DATE
> Task :expo-application:compileReleaseKotlin UP-TO-DATE
> Task :expo-application:javaPreCompileRelease UP-TO-DATE
> Task :expo-application:compileReleaseJavaWithJavac UP-TO-DATE
> Task :expo-application:bundleLibCompileToJarRelease UP-TO-DATE
> Task :expo-asset:checkKotlinGradlePluginConfigurationErrors
> Task :expo-asset:generateReleaseBuildConfig UP-TO-DATE
> Task :expo-asset:compileReleaseKotlin UP-TO-DATE
> Task :expo-asset:javaPreCompileRelease UP-TO-DATE
> Task :expo-asset:compileReleaseJavaWithJavac UP-TO-DATE
> Task :expo-asset:bundleLibCompileToJarRelease UP-TO-DATE
> Task :expo-av:checkKotlinGradlePluginConfigurationErrors
> Task :expo-av:generateReleaseBuildConfig UP-TO-DATE
> Task :expo-av:compileReleaseKotlin UP-TO-DATE
> Task :expo-av:javaPreCompileRelease UP-TO-DATE
> Task :expo-av:compileReleaseJavaWithJavac UP-TO-DATE
> Task :expo-av:bundleLibCompileToJarRelease UP-TO-DATE
> Task :expo-blur:checkKotlinGradlePluginConfigurationErrors
> Task :expo-blur:generateReleaseBuildConfig UP-TO-DATE
> Task :expo-blur:compileReleaseKotlin UP-TO-DATE
> Task :expo-blur:javaPreCompileRelease UP-TO-DATE
> Task :expo-blur:compileReleaseJavaWithJavac UP-TO-DATE
> Task :expo-blur:bundleLibCompileToJarRelease UP-TO-DATE
> Task :expo-clipboard:checkKotlinGradlePluginConfigurationErrors
> Task :expo-clipboard:generateReleaseBuildConfig UP-TO-DATE
> Task :expo-clipboard:compileReleaseKotlin UP-TO-DATE
> Task :expo-clipboard:javaPreCompileRelease UP-TO-DATE
> Task :expo-clipboard:compileReleaseJavaWithJavac UP-TO-DATE
> Task :expo-clipboard:bundleLibCompileToJarRelease UP-TO-DATE
> Task :expo-constants:checkKotlinGradlePluginConfigurationErrors
> Task :expo-constants:generateReleaseBuildConfig UP-TO-DATE
> Task :expo-constants:compileReleaseKotlin UP-TO-DATE
> Task :expo-constants:javaPreCompileRelease UP-TO-DATE
> Task :expo-constants:compileReleaseJavaWithJavac UP-TO-DATE
> Task :expo-constants:bundleLibCompileToJarRelease UP-TO-DATE
> Task :expo-crypto:checkKotlinGradlePluginConfigurationErrors
> Task :expo-crypto:generateReleaseBuildConfig UP-TO-DATE
> Task :expo-crypto:compileReleaseKotlin UP-TO-DATE
> Task :expo-crypto:javaPreCompileRelease UP-TO-DATE
> Task :expo-crypto:compileReleaseJavaWithJavac UP-TO-DATE
> Task :expo-crypto:bundleLibCompileToJarRelease UP-TO-DATE
> Task :expo-device:checkKotlinGradlePluginConfigurationErrors
> Task :expo-device:generateReleaseBuildConfig UP-TO-DATE
> Task :expo-device:compileReleaseKotlin UP-TO-DATE
> Task :expo-device:javaPreCompileRelease UP-TO-DATE
> Task :expo-device:compileReleaseJavaWithJavac UP-TO-DATE
> Task :expo-device:bundleLibCompileToJarRelease UP-TO-DATE
> Task :expo-file-system:checkKotlinGradlePluginConfigurationErrors
> Task :expo-file-system:generateReleaseBuildConfig UP-TO-DATE
> Task :expo-file-system:compileReleaseKotlin UP-TO-DATE
> Task :expo-file-system:javaPreCompileRelease UP-TO-DATE
> Task :expo-file-system:compileReleaseJavaWithJavac UP-TO-DATE
> Task :expo-file-system:bundleLibCompileToJarRelease UP-TO-DATE
> Task :expo-font:checkKotlinGradlePluginConfigurationErrors
> Task :expo-font:generateReleaseBuildConfig UP-TO-DATE
> Task :expo-font:compileReleaseKotlin UP-TO-DATE
> Task :expo-font:javaPreCompileRelease UP-TO-DATE
> Task :expo-font:compileReleaseJavaWithJavac UP-TO-DATE
> Task :expo-font:bundleLibCompileToJarRelease UP-TO-DATE
> Task :expo-haptics:checkKotlinGradlePluginConfigurationErrors
> Task :expo-haptics:generateReleaseBuildConfig UP-TO-DATE
> Task :expo-haptics:compileReleaseKotlin UP-TO-DATE
> Task :expo-haptics:javaPreCompileRelease UP-TO-DATE
> Task :expo-haptics:compileReleaseJavaWithJavac UP-TO-DATE
> Task :expo-haptics:bundleLibCompileToJarRelease UP-TO-DATE
> Task :expo-image-loader:checkKotlinGradlePluginConfigurationErrors
> Task :expo-image-loader:generateReleaseBuildConfig UP-TO-DATE
> Task :expo-image-loader:compileReleaseKotlin UP-TO-DATE
> Task :expo-image-loader:javaPreCompileRelease UP-TO-DATE
> Task :expo-image-loader:compileReleaseJavaWithJavac UP-TO-DATE
> Task :expo-image-loader:bundleLibCompileToJarRelease UP-TO-DATE
> Task :expo-image-manipulator:checkKotlinGradlePluginConfigurationErrors
> Task :expo-image-manipulator:generateReleaseBuildConfig UP-TO-DATE
> Task :expo-image-manipulator:compileReleaseKotlin UP-TO-DATE
> Task :expo-image-manipulator:javaPreCompileRelease UP-TO-DATE
> Task :expo-image-manipulator:compileReleaseJavaWithJavac UP-TO-DATE
> Task :expo-image-manipulator:bundleLibCompileToJarRelease UP-TO-DATE
> Task :expo-image-picker:checkKotlinGradlePluginConfigurationErrors
> Task :expo-image-picker:generateReleaseBuildConfig UP-TO-DATE
> Task :expo-image-picker:compileReleaseKotlin UP-TO-DATE
> Task :expo-image-picker:javaPreCompileRelease UP-TO-DATE
> Task :expo-image-picker:compileReleaseJavaWithJavac UP-TO-DATE
> Task :expo-image-picker:bundleLibCompileToJarRelease UP-TO-DATE
> Task :expo-keep-awake:checkKotlinGradlePluginConfigurationErrors
> Task :expo-keep-awake:generateReleaseBuildConfig UP-TO-DATE
> Task :expo-keep-awake:compileReleaseKotlin UP-TO-DATE
> Task :expo-keep-awake:javaPreCompileRelease UP-TO-DATE
> Task :expo-keep-awake:compileReleaseJavaWithJavac UP-TO-DATE
> Task :expo-keep-awake:bundleLibCompileToJarRelease UP-TO-DATE
> Task :expo-linear-gradient:checkKotlinGradlePluginConfigurationErrors
> Task :expo-linear-gradient:generateReleaseBuildConfig UP-TO-DATE
> Task :expo-linear-gradient:compileReleaseKotlin UP-TO-DATE
> Task :expo-linear-gradient:javaPreCompileRelease UP-TO-DATE
> Task :expo-linear-gradient:compileReleaseJavaWithJavac UP-TO-DATE
> Task :expo-linear-gradient:bundleLibCompileToJarRelease UP-TO-DATE
> Task :expo-linking:checkKotlinGradlePluginConfigurationErrors
> Task :expo-linking:generateReleaseBuildConfig UP-TO-DATE
> Task :expo-linking:compileReleaseKotlin UP-TO-DATE
> Task :expo-linking:javaPreCompileRelease UP-TO-DATE
> Task :expo-linking:compileReleaseJavaWithJavac UP-TO-DATE
> Task :expo-linking:bundleLibCompileToJarRelease UP-TO-DATE
> Task :expo-notifications:checkKotlinGradlePluginConfigurationErrors
> Task :expo-notifications:generateReleaseBuildConfig UP-TO-DATE
> Task :expo-notifications:compileReleaseKotlin UP-TO-DATE
> Task :expo-notifications:javaPreCompileRelease UP-TO-DATE
> Task :expo-notifications:compileReleaseJavaWithJavac UP-TO-DATE
> Task :expo-notifications:bundleLibCompileToJarRelease UP-TO-DATE
> Task :expo-splash-screen:checkKotlinGradlePluginConfigurationErrors
> Task :expo-splash-screen:generateReleaseBuildConfig UP-TO-DATE
> Task :expo-splash-screen:compileReleaseKotlin UP-TO-DATE
> Task :expo-splash-screen:javaPreCompileRelease UP-TO-DATE
> Task :expo-splash-screen:compileReleaseJavaWithJavac UP-TO-DATE
> Task :expo-splash-screen:bundleLibCompileToJarRelease UP-TO-DATE
> Task :expo-web-browser:checkKotlinGradlePluginConfigurationErrors
> Task :expo-web-browser:generateReleaseBuildConfig UP-TO-DATE
> Task :expo-web-browser:compileReleaseKotlin UP-TO-DATE
> Task :expo-web-browser:javaPreCompileRelease UP-TO-DATE
> Task :expo-web-browser:compileReleaseJavaWithJavac UP-TO-DATE
> Task :expo-web-browser:bundleLibCompileToJarRelease UP-TO-DATE
> Task :expo:compileReleaseKotlin UP-TO-DATE
> Task :expo:javaPreCompileRelease UP-TO-DATE
> Task :expo:compileReleaseJavaWithJavac UP-TO-DATE
> Task :expo:bundleLibCompileToJarRelease UP-TO-DATE
> Task :livekit_react-native:checkKotlinGradlePluginConfigurationErrors
> Task :livekit_react-native:generateReleaseBuildConfig UP-TO-DATE
> Task :livekit_react-native-webrtc:generateReleaseBuildConfig UP-TO-DATE
> Task :livekit_react-native-webrtc:javaPreCompileRelease UP-TO-DATE
> Task :livekit_react-native-webrtc:compileReleaseJavaWithJavac UP-TO-DATE
> Task :livekit_react-native-webrtc:bundleLibCompileToJarRelease UP-TO-DATE
> Task :livekit_react-native:compileReleaseKotlin UP-TO-DATE
> Task :livekit_react-native:javaPreCompileRelease UP-TO-DATE
> Task :livekit_react-native:compileReleaseJavaWithJavac UP-TO-DATE
> Task :livekit_react-native:bundleLibCompileToJarRelease UP-TO-DATE
> Task :lottie-react-native:checkKotlinGradlePluginConfigurationErrors
> Task :lottie-react-native:generateReleaseBuildConfig UP-TO-DATE
> Task :lottie-react-native:compileReleaseKotlin UP-TO-DATE
> Task :lottie-react-native:javaPreCompileRelease UP-TO-DATE
> Task :lottie-react-native:compileReleaseJavaWithJavac UP-TO-DATE
> Task :lottie-react-native:bundleLibCompileToJarRelease UP-TO-DATE
> Task :react-native-async-storage_async-storage:generateReleaseBuildConfig UP-TO-DATE
> Task :react-native-async-storage_async-storage:javaPreCompileRelease UP-TO-DATE
> Task :react-native-async-storage_async-storage:compileReleaseJavaWithJavac UP-TO-DATE
> Task :react-native-async-storage_async-storage:bundleLibCompileToJarRelease UP-TO-DATE
> Task :react-native-community_datetimepicker:generateReleaseBuildConfig UP-TO-DATE
> Task :react-native-community_datetimepicker:javaPreCompileRelease UP-TO-DATE
> Task :react-native-community_datetimepicker:compileReleaseJavaWithJavac UP-TO-DATE
> Task :react-native-community_datetimepicker:bundleLibCompileToJarRelease UP-TO-DATE
> Task :react-native-firebase_analytics:generateReleaseBuildConfig UP-TO-DATE
> Task :react-native-firebase_analytics:javaPreCompileRelease UP-TO-DATE
> Task :react-native-firebase_app:generateReleaseBuildConfig UP-TO-DATE
> Task :react-native-firebase_app:javaPreCompileRelease UP-TO-DATE
> Task :react-native-firebase_app:compileReleaseJavaWithJavac UP-TO-DATE
> Task :react-native-firebase_app:bundleLibCompileToJarRelease UP-TO-DATE
> Task :react-native-firebase_analytics:compileReleaseJavaWithJavac UP-TO-DATE
> Task :react-native-firebase_analytics:bundleLibCompileToJarRelease UP-TO-DATE
> Task :react-native-firebase_crashlytics:generateReleaseBuildConfig UP-TO-DATE
> Task :react-native-firebase_crashlytics:javaPreCompileRelease UP-TO-DATE
> Task :react-native-firebase_crashlytics:compileReleaseJavaWithJavac UP-TO-DATE
> Task :react-native-firebase_crashlytics:bundleLibCompileToJarRelease UP-TO-DATE
> Task :react-native-gesture-handler:checkKotlinGradlePluginConfigurationErrors
> Task :react-native-gesture-handler:generateReleaseBuildConfig UP-TO-DATE
> Task :react-native-reanimated:generateReleaseBuildConfig UP-TO-DATE
> Task :react-native-reanimated:javaPreCompileRelease UP-TO-DATE
> Task :react-native-reanimated:packageNdkLibs NO-SOURCE
> Task :react-native-reanimated:compileReleaseJavaWithJavac UP-TO-DATE
> Task :react-native-reanimated:bundleLibCompileToJarRelease UP-TO-DATE
> Task :react-native-gesture-handler:compileReleaseKotlin UP-TO-DATE
> Task :react-native-gesture-handler:javaPreCompileRelease UP-TO-DATE
> Task :react-native-gesture-handler:compileReleaseJavaWithJavac UP-TO-DATE
> Task :react-native-gesture-handler:bundleLibCompileToJarRelease UP-TO-DATE
> Task :react-native-google-signin_google-signin:checkKotlinGradlePluginConfigurationErrors
> Task :react-native-google-signin_google-signin:generateReleaseBuildConfig UP-TO-DATE
> Task :react-native-google-signin_google-signin:compileReleaseKotlin UP-TO-DATE
> Task :react-native-google-signin_google-signin:javaPreCompileRelease UP-TO-DATE
> Task :react-native-google-signin_google-signin:compileReleaseJavaWithJavac UP-TO-DATE
> Task :react-native-google-signin_google-signin:bundleLibCompileToJarRelease UP-TO-DATE
> Task :react-native-keyboard-controller:checkKotlinGradlePluginConfigurationErrors
> Task :react-native-keyboard-controller:generateReleaseBuildConfig UP-TO-DATE
> Task :react-native-keyboard-controller:compileReleaseKotlin UP-TO-DATE
> Task :react-native-keyboard-controller:javaPreCompileRelease UP-TO-DATE
> Task :react-native-keyboard-controller:compileReleaseJavaWithJavac UP-TO-DATE
> Task :react-native-keyboard-controller:bundleLibCompileToJarRelease UP-TO-DATE
> Task :react-native-masked-view_masked-view:generateReleaseBuildConfig UP-TO-DATE
> Task :react-native-masked-view_masked-view:javaPreCompileRelease UP-TO-DATE
> Task :react-native-masked-view_masked-view:compileReleaseJavaWithJavac UP-TO-DATE
> Task :react-native-masked-view_masked-view:bundleLibCompileToJarRelease UP-TO-DATE
> Task :react-native-purchases:checkKotlinGradlePluginConfigurationErrors
> Task :react-native-purchases:generateReleaseBuildConfig UP-TO-DATE
> Task :react-native-purchases:compileReleaseKotlin UP-TO-DATE
> Task :react-native-purchases:javaPreCompileRelease UP-TO-DATE
> Task :react-native-purchases:compileReleaseJavaWithJavac UP-TO-DATE
> Task :react-native-purchases:bundleLibCompileToJarRelease UP-TO-DATE
> Task :react-native-safe-area-context:checkKotlinGradlePluginConfigurationErrors
> Task :react-native-safe-area-context:generateReleaseBuildConfig UP-TO-DATE
> Task :react-native-safe-area-context:compileReleaseKotlin UP-TO-DATE
> Task :react-native-safe-area-context:javaPreCompileRelease UP-TO-DATE
> Task :react-native-safe-area-context:compileReleaseJavaWithJavac UP-TO-DATE
> Task :react-native-safe-area-context:bundleLibCompileToJarRelease UP-TO-DATE
> Task :react-native-screens:checkKotlinGradlePluginConfigurationErrors
> Task :react-native-screens:generateReleaseBuildConfig UP-TO-DATE
> Task :react-native-screens:compileReleaseKotlin UP-TO-DATE
> Task :react-native-screens:javaPreCompileRelease UP-TO-DATE
> Task :react-native-screens:compileReleaseJavaWithJavac UP-TO-DATE
> Task :react-native-screens:bundleLibCompileToJarRelease UP-TO-DATE
> Task :react-native-webview:checkKotlinGradlePluginConfigurationErrors
> Task :react-native-webview:generateReleaseBuildConfig UP-TO-DATE
> Task :react-native-webview:compileReleaseKotlin UP-TO-DATE
> Task :react-native-webview:javaPreCompileRelease UP-TO-DATE
> Task :react-native-webview:compileReleaseJavaWithJavac UP-TO-DATE
> Task :react-native-webview:bundleLibCompileToJarRelease UP-TO-DATE
> Task :app:buildKotlinToolingMetadata UP-TO-DATE
> Task :app:javaPreCompileRelease UP-TO-DATE
> Task :app:extractProguardFiles UP-TO-DATE
> Task :expo:bundleLibRuntimeToJarRelease UP-TO-DATE
> Task :expo:processReleaseJavaRes UP-TO-DATE
> Task :expo:createFullJarRelease UP-TO-DATE
> Task :expo:extractProguardFiles UP-TO-DATE
> Task :expo-application:bundleLibRuntimeToJarRelease UP-TO-DATE
> Task :expo-application:processReleaseJavaRes UP-TO-DATE
> Task :expo-application:createFullJarRelease UP-TO-DATE
> Task :expo-application:extractProguardFiles UP-TO-DATE
> Task :expo-modules-core:bundleLibRuntimeToJarRelease UP-TO-DATE
> Task :expo-modules-core:processReleaseJavaRes UP-TO-DATE
> Task :expo-modules-core:createFullJarRelease UP-TO-DATE
> Task :expo-modules-core:extractProguardFiles UP-TO-DATE
> Task :expo-modules-core:generateReleaseLintModel UP-TO-DATE
> Task :expo-modules-core:prepareLintJarForPublish UP-TO-DATE
> Task :expo-application:generateReleaseLintModel UP-TO-DATE
> Task :expo-application:prepareLintJarForPublish UP-TO-DATE
> Task :expo-asset:bundleLibRuntimeToJarRelease UP-TO-DATE
> Task :expo-asset:processReleaseJavaRes UP-TO-DATE
> Task :expo-asset:createFullJarRelease UP-TO-DATE
> Task :expo-asset:extractProguardFiles UP-TO-DATE
> Task :expo-asset:generateReleaseLintModel UP-TO-DATE
> Task :expo-asset:prepareLintJarForPublish UP-TO-DATE
> Task :expo-av:bundleLibRuntimeToJarRelease UP-TO-DATE
> Task :expo-av:processReleaseJavaRes UP-TO-DATE
> Task :expo-av:createFullJarRelease UP-TO-DATE
> Task :expo-av:extractProguardFiles UP-TO-DATE
> Task :expo-av:generateReleaseLintModel UP-TO-DATE
> Task :expo-av:prepareLintJarForPublish UP-TO-DATE
> Task :expo-blur:bundleLibRuntimeToJarRelease UP-TO-DATE
> Task :expo-blur:processReleaseJavaRes UP-TO-DATE
> Task :expo-blur:createFullJarRelease UP-TO-DATE
> Task :expo-blur:extractProguardFiles UP-TO-DATE
> Task :expo-blur:generateReleaseLintModel UP-TO-DATE
> Task :expo-blur:prepareLintJarForPublish UP-TO-DATE
> Task :expo-clipboard:bundleLibRuntimeToJarRelease UP-TO-DATE
> Task :expo-clipboard:processReleaseJavaRes UP-TO-DATE
> Task :expo-clipboard:createFullJarRelease UP-TO-DATE
> Task :expo-clipboard:extractProguardFiles UP-TO-DATE
> Task :expo-clipboard:generateReleaseLintModel UP-TO-DATE
> Task :expo-clipboard:prepareLintJarForPublish UP-TO-DATE
> Task :expo-constants:bundleLibRuntimeToJarRelease UP-TO-DATE
> Task :expo-constants:processReleaseJavaRes UP-TO-DATE
> Task :expo-constants:createFullJarRelease UP-TO-DATE
> Task :expo-constants:extractProguardFiles UP-TO-DATE
> Task :expo-constants:generateReleaseLintModel UP-TO-DATE
> Task :expo-constants:prepareLintJarForPublish UP-TO-DATE
> Task :expo-crypto:bundleLibRuntimeToJarRelease UP-TO-DATE
> Task :expo-crypto:processReleaseJavaRes UP-TO-DATE
> Task :expo-crypto:createFullJarRelease UP-TO-DATE
> Task :expo-crypto:extractProguardFiles UP-TO-DATE
> Task :expo-crypto:generateReleaseLintModel UP-TO-DATE
> Task :expo-crypto:prepareLintJarForPublish UP-TO-DATE
> Task :expo-device:bundleLibRuntimeToJarRelease UP-TO-DATE
> Task :expo-device:processReleaseJavaRes UP-TO-DATE
> Task :expo-device:createFullJarRelease UP-TO-DATE
> Task :expo-device:extractProguardFiles UP-TO-DATE
> Task :expo-device:generateReleaseLintModel UP-TO-DATE
> Task :expo-device:prepareLintJarForPublish UP-TO-DATE
> Task :expo-file-system:bundleLibRuntimeToJarRelease UP-TO-DATE
> Task :expo-file-system:processReleaseJavaRes UP-TO-DATE
> Task :expo-file-system:createFullJarRelease UP-TO-DATE
> Task :expo-file-system:extractProguardFiles UP-TO-DATE
> Task :expo-file-system:generateReleaseLintModel UP-TO-DATE
> Task :expo-file-system:prepareLintJarForPublish UP-TO-DATE
> Task :expo-font:bundleLibRuntimeToJarRelease UP-TO-DATE
> Task :expo-font:processReleaseJavaRes UP-TO-DATE
> Task :expo-font:createFullJarRelease UP-TO-DATE
> Task :expo-font:extractProguardFiles UP-TO-DATE
> Task :expo-font:generateReleaseLintModel UP-TO-DATE
> Task :expo-font:prepareLintJarForPublish UP-TO-DATE
> Task :expo-haptics:bundleLibRuntimeToJarRelease UP-TO-DATE
> Task :expo-haptics:processReleaseJavaRes UP-TO-DATE
> Task :expo-haptics:createFullJarRelease UP-TO-DATE
> Task :expo-haptics:extractProguardFiles UP-TO-DATE
> Task :expo-haptics:generateReleaseLintModel UP-TO-DATE
> Task :expo-haptics:prepareLintJarForPublish UP-TO-DATE
> Task :expo-image-loader:bundleLibRuntimeToJarRelease UP-TO-DATE
> Task :expo-image-loader:processReleaseJavaRes UP-TO-DATE
> Task :expo-image-loader:createFullJarRelease UP-TO-DATE
> Task :expo-image-loader:extractProguardFiles UP-TO-DATE
> Task :expo-image-loader:generateReleaseLintModel UP-TO-DATE
> Task :expo-image-loader:prepareLintJarForPublish UP-TO-DATE
> Task :expo-image-manipulator:bundleLibRuntimeToJarRelease UP-TO-DATE
> Task :expo-image-manipulator:processReleaseJavaRes UP-TO-DATE
> Task :expo-image-manipulator:createFullJarRelease UP-TO-DATE
> Task :expo-image-manipulator:extractProguardFiles UP-TO-DATE
> Task :expo-image-manipulator:generateReleaseLintModel UP-TO-DATE
> Task :expo-image-manipulator:prepareLintJarForPublish UP-TO-DATE
> Task :expo-image-picker:bundleLibRuntimeToJarRelease UP-TO-DATE
> Task :expo-image-picker:processReleaseJavaRes UP-TO-DATE
> Task :expo-image-picker:createFullJarRelease UP-TO-DATE
> Task :expo-image-picker:extractProguardFiles UP-TO-DATE
> Task :expo-image-picker:generateReleaseLintModel UP-TO-DATE
> Task :app:processReleaseManifestForPackage
> Task :expo-image-picker:prepareLintJarForPublish UP-TO-DATE
> Task :expo-keep-awake:bundleLibRuntimeToJarRelease UP-TO-DATE
> Task :expo-keep-awake:processReleaseJavaRes UP-TO-DATE
> Task :expo-keep-awake:createFullJarRelease UP-TO-DATE
> Task :expo-keep-awake:extractProguardFiles UP-TO-DATE
> Task :expo-keep-awake:generateReleaseLintModel UP-TO-DATE
> Task :expo-keep-awake:prepareLintJarForPublish UP-TO-DATE
> Task :expo-linear-gradient:bundleLibRuntimeToJarRelease UP-TO-DATE
> Task :expo-linear-gradient:processReleaseJavaRes UP-TO-DATE
> Task :expo-linear-gradient:createFullJarRelease UP-TO-DATE
> Task :expo-linear-gradient:extractProguardFiles UP-TO-DATE
> Task :expo-linear-gradient:generateReleaseLintModel UP-TO-DATE
> Task :expo-linear-gradient:prepareLintJarForPublish UP-TO-DATE
> Task :expo-linking:bundleLibRuntimeToJarRelease UP-TO-DATE
> Task :expo-linking:processReleaseJavaRes UP-TO-DATE
> Task :expo-linking:createFullJarRelease UP-TO-DATE
> Task :expo-linking:extractProguardFiles UP-TO-DATE
> Task :expo-linking:generateReleaseLintModel UP-TO-DATE
> Task :expo-linking:prepareLintJarForPublish UP-TO-DATE
> Task :expo-notifications:bundleLibRuntimeToJarRelease UP-TO-DATE
> Task :expo-notifications:processReleaseJavaRes UP-TO-DATE
> Task :expo-notifications:createFullJarRelease UP-TO-DATE
> Task :expo-notifications:extractProguardFiles UP-TO-DATE
> Task :expo-notifications:generateReleaseLintModel UP-TO-DATE
> Task :expo-notifications:prepareLintJarForPublish UP-TO-DATE
> Task :expo-splash-screen:bundleLibRuntimeToJarRelease UP-TO-DATE
> Task :expo-splash-screen:processReleaseJavaRes UP-TO-DATE
> Task :expo-splash-screen:createFullJarRelease UP-TO-DATE
> Task :expo-splash-screen:extractProguardFiles UP-TO-DATE
> Task :expo-splash-screen:generateReleaseLintModel UP-TO-DATE
> Task :expo-splash-screen:prepareLintJarForPublish UP-TO-DATE
> Task :expo-web-browser:bundleLibRuntimeToJarRelease UP-TO-DATE
> Task :expo-web-browser:processReleaseJavaRes UP-TO-DATE
> Task :expo-web-browser:createFullJarRelease UP-TO-DATE
> Task :expo-web-browser:extractProguardFiles UP-TO-DATE
> Task :expo-web-browser:generateReleaseLintModel UP-TO-DATE
> Task :expo-web-browser:prepareLintJarForPublish UP-TO-DATE
> Task :expo:generateReleaseLintModel UP-TO-DATE
> Task :expo:prepareLintJarForPublish UP-TO-DATE
> Task :livekit_react-native:bundleLibRuntimeToJarRelease UP-TO-DATE
> Task :livekit_react-native:processReleaseJavaRes UP-TO-DATE
> Task :livekit_react-native:createFullJarRelease UP-TO-DATE
> Task :livekit_react-native:extractProguardFiles UP-TO-DATE
> Task :livekit_react-native-webrtc:bundleLibRuntimeToJarRelease UP-TO-DATE
> Task :livekit_react-native-webrtc:processReleaseJavaRes NO-SOURCE
> Task :livekit_react-native-webrtc:createFullJarRelease UP-TO-DATE
> Task :livekit_react-native-webrtc:extractProguardFiles UP-TO-DATE
> Task :livekit_react-native-webrtc:generateReleaseLintModel UP-TO-DATE
> Task :livekit_react-native-webrtc:prepareLintJarForPublish UP-TO-DATE
> Task :livekit_react-native:generateReleaseLintModel UP-TO-DATE
> Task :livekit_react-native:prepareLintJarForPublish UP-TO-DATE
> Task :lottie-react-native:bundleLibRuntimeToJarRelease UP-TO-DATE
> Task :lottie-react-native:processReleaseJavaRes UP-TO-DATE
> Task :lottie-react-native:createFullJarRelease UP-TO-DATE
> Task :lottie-react-native:extractProguardFiles UP-TO-DATE
> Task :lottie-react-native:generateReleaseLintModel UP-TO-DATE
> Task :lottie-react-native:prepareLintJarForPublish UP-TO-DATE
> Task :react-native-async-storage_async-storage:bundleLibRuntimeToJarRelease UP-TO-DATE
> Task :react-native-async-storage_async-storage:processReleaseJavaRes NO-SOURCE
> Task :react-native-async-storage_async-storage:createFullJarRelease UP-TO-DATE
> Task :react-native-async-storage_async-storage:extractProguardFiles UP-TO-DATE
> Task :react-native-async-storage_async-storage:generateReleaseLintModel UP-TO-DATE
> Task :react-native-async-storage_async-storage:prepareLintJarForPublish UP-TO-DATE
> Task :react-native-community_datetimepicker:bundleLibRuntimeToJarRelease UP-TO-DATE
> Task :react-native-community_datetimepicker:processReleaseJavaRes NO-SOURCE
> Task :react-native-community_datetimepicker:createFullJarRelease UP-TO-DATE
> Task :react-native-community_datetimepicker:extractProguardFiles UP-TO-DATE
> Task :react-native-community_datetimepicker:generateReleaseLintModel UP-TO-DATE
> Task :react-native-community_datetimepicker:prepareLintJarForPublish UP-TO-DATE
> Task :react-native-firebase_analytics:bundleLibRuntimeToJarRelease UP-TO-DATE
> Task :react-native-firebase_analytics:processReleaseJavaRes NO-SOURCE
> Task :react-native-firebase_analytics:createFullJarRelease UP-TO-DATE
> Task :react-native-firebase_analytics:extractProguardFiles UP-TO-DATE
> Task :react-native-firebase_app:bundleLibRuntimeToJarRelease UP-TO-DATE
> Task :react-native-firebase_app:processReleaseJavaRes NO-SOURCE
> Task :react-native-firebase_app:createFullJarRelease UP-TO-DATE
> Task :react-native-firebase_app:extractProguardFiles UP-TO-DATE
> Task :react-native-firebase_app:generateReleaseLintModel UP-TO-DATE
> Task :react-native-firebase_app:prepareLintJarForPublish UP-TO-DATE
> Task :react-native-firebase_analytics:generateReleaseLintModel UP-TO-DATE
> Task :react-native-firebase_analytics:prepareLintJarForPublish UP-TO-DATE
> Task :react-native-firebase_crashlytics:bundleLibRuntimeToJarRelease UP-TO-DATE
> Task :react-native-firebase_crashlytics:processReleaseJavaRes NO-SOURCE
> Task :react-native-firebase_crashlytics:createFullJarRelease UP-TO-DATE
> Task :react-native-firebase_crashlytics:extractProguardFiles UP-TO-DATE
> Task :react-native-firebase_crashlytics:generateReleaseLintModel UP-TO-DATE
> Task :react-native-firebase_crashlytics:prepareLintJarForPublish UP-TO-DATE
> Task :react-native-gesture-handler:bundleLibRuntimeToJarRelease UP-TO-DATE
> Task :react-native-gesture-handler:processReleaseJavaRes UP-TO-DATE
> Task :react-native-gesture-handler:createFullJarRelease UP-TO-DATE
> Task :react-native-gesture-handler:extractProguardFiles UP-TO-DATE
> Task :react-native-reanimated:bundleLibRuntimeToJarRelease UP-TO-DATE
> Task :react-native-reanimated:processReleaseJavaRes NO-SOURCE
> Task :react-native-reanimated:createFullJarRelease UP-TO-DATE
> Task :react-native-reanimated:extractProguardFiles UP-TO-DATE
> Task :react-native-reanimated:generateReleaseLintModel UP-TO-DATE
> Task :react-native-reanimated:prepareLintJarForPublish UP-TO-DATE
> Task :react-native-gesture-handler:generateReleaseLintModel UP-TO-DATE
> Task :react-native-gesture-handler:prepareLintJarForPublish UP-TO-DATE
> Task :react-native-google-signin_google-signin:bundleLibRuntimeToJarRelease UP-TO-DATE
> Task :react-native-google-signin_google-signin:processReleaseJavaRes UP-TO-DATE
> Task :react-native-google-signin_google-signin:createFullJarRelease UP-TO-DATE
> Task :react-native-google-signin_google-signin:extractProguardFiles UP-TO-DATE
> Task :react-native-google-signin_google-signin:generateReleaseLintModel UP-TO-DATE
> Task :react-native-google-signin_google-signin:prepareLintJarForPublish UP-TO-DATE
> Task :react-native-keyboard-controller:bundleLibRuntimeToJarRelease UP-TO-DATE
> Task :react-native-keyboard-controller:processReleaseJavaRes UP-TO-DATE
> Task :react-native-keyboard-controller:createFullJarRelease UP-TO-DATE
> Task :react-native-keyboard-controller:extractProguardFiles UP-TO-DATE
> Task :react-native-keyboard-controller:generateReleaseLintModel UP-TO-DATE
> Task :react-native-keyboard-controller:prepareLintJarForPublish UP-TO-DATE
> Task :react-native-masked-view_masked-view:bundleLibRuntimeToJarRelease UP-TO-DATE
> Task :react-native-masked-view_masked-view:processReleaseJavaRes NO-SOURCE
> Task :react-native-masked-view_masked-view:createFullJarRelease UP-TO-DATE
> Task :react-native-masked-view_masked-view:extractProguardFiles UP-TO-DATE
> Task :react-native-masked-view_masked-view:generateReleaseLintModel UP-TO-DATE
> Task :react-native-masked-view_masked-view:prepareLintJarForPublish UP-TO-DATE
> Task :react-native-purchases:bundleLibRuntimeToJarRelease UP-TO-DATE
> Task :react-native-purchases:processReleaseJavaRes UP-TO-DATE
> Task :react-native-purchases:createFullJarRelease UP-TO-DATE
> Task :react-native-purchases:extractProguardFiles UP-TO-DATE
> Task :react-native-purchases:generateReleaseLintModel UP-TO-DATE
> Task :react-native-purchases:prepareLintJarForPublish UP-TO-DATE
> Task :react-native-safe-area-context:bundleLibRuntimeToJarRelease UP-TO-DATE
> Task :react-native-safe-area-context:processReleaseJavaRes UP-TO-DATE
> Task :react-native-safe-area-context:createFullJarRelease UP-TO-DATE
> Task :react-native-safe-area-context:extractProguardFiles UP-TO-DATE
> Task :react-native-safe-area-context:generateReleaseLintModel UP-TO-DATE
> Task :react-native-safe-area-context:prepareLintJarForPublish UP-TO-DATE
> Task :react-native-screens:bundleLibRuntimeToJarRelease UP-TO-DATE
> Task :react-native-screens:processReleaseJavaRes UP-TO-DATE
> Task :react-native-screens:createFullJarRelease UP-TO-DATE
> Task :react-native-screens:extractProguardFiles UP-TO-DATE
> Task :react-native-screens:generateReleaseLintModel UP-TO-DATE
> Task :react-native-screens:prepareLintJarForPublish UP-TO-DATE
> Task :react-native-webview:bundleLibRuntimeToJarRelease UP-TO-DATE
> Task :react-native-webview:processReleaseJavaRes UP-TO-DATE
> Task :react-native-webview:createFullJarRelease UP-TO-DATE
> Task :react-native-webview:extractProguardFiles UP-TO-DATE
> Task :react-native-webview:generateReleaseLintModel UP-TO-DATE
> Task :react-native-webview:prepareLintJarForPublish UP-TO-DATE
> Task :livekit_react-native:mergeReleaseJniLibFolders UP-TO-DATE
> Task :livekit_react-native:mergeReleaseNativeLibs NO-SOURCE
> Task :livekit_react-native:stripReleaseDebugSymbols NO-SOURCE
> Task :livekit_react-native:copyReleaseJniLibsProjectAndLocalJars UP-TO-DATE
> Task :livekit_react-native:extractDeepLinksForAarRelease UP-TO-DATE
> Task :livekit_react-native:extractReleaseAnnotations UP-TO-DATE
> Task :livekit_react-native:mergeReleaseGeneratedProguardFiles UP-TO-DATE
> Task :livekit_react-native:mergeReleaseConsumerProguardFiles UP-TO-DATE
> Task :livekit_react-native:mergeReleaseShaders UP-TO-DATE
> Task :livekit_react-native:compileReleaseShaders NO-SOURCE
> Task :livekit_react-native:generateReleaseAssets UP-TO-DATE
> Task :livekit_react-native:packageReleaseAssets UP-TO-DATE
> Task :livekit_react-native:prepareReleaseArtProfile UP-TO-DATE
> Task :livekit_react-native:mergeReleaseJavaResource UP-TO-DATE
> Task :livekit_react-native:syncReleaseLibJars UP-TO-DATE
> Task :livekit_react-native:bundleReleaseLocalLintAar UP-TO-DATE
> Task :react-native-google-signin_google-signin:mergeReleaseJniLibFolders UP-TO-DATE
> Task :react-native-google-signin_google-signin:mergeReleaseNativeLibs NO-SOURCE
> Task :react-native-google-signin_google-signin:stripReleaseDebugSymbols NO-SOURCE
> Task :react-native-google-signin_google-signin:copyReleaseJniLibsProjectAndLocalJars UP-TO-DATE
> Task :react-native-google-signin_google-signin:extractDeepLinksForAarRelease UP-TO-DATE
> Task :react-native-google-signin_google-signin:extractReleaseAnnotations UP-TO-DATE
> Task :react-native-google-signin_google-signin:mergeReleaseGeneratedProguardFiles UP-TO-DATE
> Task :react-native-google-signin_google-signin:mergeReleaseConsumerProguardFiles UP-TO-DATE
> Task :react-native-google-signin_google-signin:mergeReleaseShaders UP-TO-DATE
> Task :react-native-google-signin_google-signin:compileReleaseShaders NO-SOURCE
> Task :react-native-google-signin_google-signin:generateReleaseAssets UP-TO-DATE
> Task :react-native-google-signin_google-signin:packageReleaseAssets UP-TO-DATE
> Task :react-native-google-signin_google-signin:prepareReleaseArtProfile UP-TO-DATE
> Task :react-native-google-signin_google-signin:mergeReleaseJavaResource UP-TO-DATE
> Task :react-native-google-signin_google-signin:syncReleaseLibJars UP-TO-DATE
> Task :react-native-google-signin_google-signin:bundleReleaseLocalLintAar UP-TO-DATE
> Task :expo:mergeReleaseJniLibFolders UP-TO-DATE
> Task :expo:mergeReleaseNativeLibs NO-SOURCE
> Task :expo:stripReleaseDebugSymbols NO-SOURCE
> Task :expo:copyReleaseJniLibsProjectAndLocalJars UP-TO-DATE
> Task :expo:extractDeepLinksForAarRelease UP-TO-DATE
> Task :expo:extractReleaseAnnotations UP-TO-DATE
> Task :expo:mergeReleaseGeneratedProguardFiles UP-TO-DATE
> Task :expo:mergeReleaseConsumerProguardFiles UP-TO-DATE
> Task :expo:mergeReleaseShaders UP-TO-DATE
> Task :expo:compileReleaseShaders NO-SOURCE
> Task :expo:generateReleaseAssets UP-TO-DATE
> Task :expo:packageReleaseAssets UP-TO-DATE
> Task :expo:prepareReleaseArtProfile UP-TO-DATE
> Task :expo:mergeReleaseJavaResource UP-TO-DATE
> Task :expo:syncReleaseLibJars UP-TO-DATE
> Task :expo:bundleReleaseLocalLintAar UP-TO-DATE
> Task :lottie-react-native:mergeReleaseJniLibFolders UP-TO-DATE
> Task :lottie-react-native:mergeReleaseNativeLibs NO-SOURCE
> Task :lottie-react-native:stripReleaseDebugSymbols NO-SOURCE
> Task :lottie-react-native:copyReleaseJniLibsProjectAndLocalJars UP-TO-DATE
> Task :lottie-react-native:extractDeepLinksForAarRelease UP-TO-DATE
> Task :lottie-react-native:extractReleaseAnnotations UP-TO-DATE
> Task :lottie-react-native:mergeReleaseGeneratedProguardFiles UP-TO-DATE
> Task :lottie-react-native:mergeReleaseConsumerProguardFiles UP-TO-DATE
> Task :lottie-react-native:mergeReleaseShaders UP-TO-DATE
> Task :lottie-react-native:compileReleaseShaders NO-SOURCE
> Task :lottie-react-native:generateReleaseAssets UP-TO-DATE
> Task :lottie-react-native:packageReleaseAssets UP-TO-DATE
> Task :lottie-react-native:prepareReleaseArtProfile UP-TO-DATE
> Task :lottie-react-native:mergeReleaseJavaResource UP-TO-DATE
> Task :lottie-react-native:syncReleaseLibJars UP-TO-DATE
> Task :lottie-react-native:bundleReleaseLocalLintAar UP-TO-DATE
> Task :react-native-gesture-handler:mergeReleaseJniLibFolders UP-TO-DATE
> Task :react-native-gesture-handler:mergeReleaseNativeLibs NO-SOURCE
> Task :react-native-gesture-handler:stripReleaseDebugSymbols NO-SOURCE
> Task :react-native-gesture-handler:copyReleaseJniLibsProjectAndLocalJars UP-TO-DATE
> Task :react-native-gesture-handler:extractDeepLinksForAarRelease UP-TO-DATE
> Task :react-native-gesture-handler:extractReleaseAnnotations UP-TO-DATE
> Task :react-native-gesture-handler:mergeReleaseGeneratedProguardFiles UP-TO-DATE
> Task :react-native-gesture-handler:mergeReleaseConsumerProguardFiles UP-TO-DATE
> Task :react-native-gesture-handler:mergeReleaseShaders UP-TO-DATE
> Task :react-native-gesture-handler:compileReleaseShaders NO-SOURCE
> Task :react-native-gesture-handler:generateReleaseAssets UP-TO-DATE
> Task :react-native-gesture-handler:packageReleaseAssets UP-TO-DATE
> Task :react-native-gesture-handler:prepareReleaseArtProfile UP-TO-DATE
> Task :react-native-gesture-handler:mergeReleaseJavaResource UP-TO-DATE
> Task :react-native-gesture-handler:syncReleaseLibJars UP-TO-DATE
> Task :react-native-gesture-handler:bundleReleaseLocalLintAar UP-TO-DATE
> Task :react-native-keyboard-controller:mergeReleaseJniLibFolders UP-TO-DATE
> Task :react-native-keyboard-controller:mergeReleaseNativeLibs NO-SOURCE
> Task :react-native-keyboard-controller:stripReleaseDebugSymbols NO-SOURCE
> Task :react-native-keyboard-controller:copyReleaseJniLibsProjectAndLocalJars UP-TO-DATE
> Task :react-native-keyboard-controller:extractDeepLinksForAarRelease UP-TO-DATE
> Task :react-native-keyboard-controller:extractReleaseAnnotations UP-TO-DATE
> Task :react-native-keyboard-controller:mergeReleaseGeneratedProguardFiles UP-TO-DATE
> Task :react-native-keyboard-controller:mergeReleaseConsumerProguardFiles UP-TO-DATE
> Task :react-native-keyboard-controller:mergeReleaseShaders UP-TO-DATE
> Task :react-native-keyboard-controller:compileReleaseShaders NO-SOURCE
> Task :react-native-keyboard-controller:generateReleaseAssets UP-TO-DATE
> Task :react-native-keyboard-controller:packageReleaseAssets UP-TO-DATE
> Task :react-native-keyboard-controller:prepareReleaseArtProfile UP-TO-DATE
> Task :react-native-keyboard-controller:mergeReleaseJavaResource UP-TO-DATE
> Task :react-native-keyboard-controller:syncReleaseLibJars UP-TO-DATE
> Task :react-native-keyboard-controller:bundleReleaseLocalLintAar UP-TO-DATE
> Task :react-native-safe-area-context:mergeReleaseJniLibFolders UP-TO-DATE
> Task :react-native-safe-area-context:mergeReleaseNativeLibs NO-SOURCE
> Task :react-native-safe-area-context:stripReleaseDebugSymbols NO-SOURCE
> Task :react-native-safe-area-context:copyReleaseJniLibsProjectAndLocalJars UP-TO-DATE
> Task :react-native-safe-area-context:extractDeepLinksForAarRelease UP-TO-DATE
> Task :react-native-safe-area-context:extractReleaseAnnotations UP-TO-DATE
> Task :react-native-safe-area-context:mergeReleaseGeneratedProguardFiles UP-TO-DATE
> Task :react-native-safe-area-context:mergeReleaseConsumerProguardFiles UP-TO-DATE
> Task :react-native-safe-area-context:mergeReleaseShaders UP-TO-DATE
> Task :react-native-safe-area-context:compileReleaseShaders NO-SOURCE
> Task :react-native-safe-area-context:generateReleaseAssets UP-TO-DATE
> Task :react-native-safe-area-context:packageReleaseAssets UP-TO-DATE
> Task :react-native-safe-area-context:prepareReleaseArtProfile UP-TO-DATE
> Task :react-native-safe-area-context:mergeReleaseJavaResource UP-TO-DATE
> Task :react-native-safe-area-context:syncReleaseLibJars UP-TO-DATE
> Task :react-native-safe-area-context:bundleReleaseLocalLintAar UP-TO-DATE
> Task :react-native-screens:configureCMakeRelWithDebInfo[arm64-v8a]
> Task :react-native-screens:buildCMakeRelWithDebInfo[arm64-v8a]
> Task :react-native-screens:configureCMakeRelWithDebInfo[armeabi-v7a]
> Task :react-native-screens:buildCMakeRelWithDebInfo[armeabi-v7a]
> Task :react-native-screens:configureCMakeRelWithDebInfo[x86]
> Task :react-native-screens:buildCMakeRelWithDebInfo[x86]
> Task :react-native-screens:configureCMakeRelWithDebInfo[x86_64]
> Task :react-native-screens:buildCMakeRelWithDebInfo[x86_64]
> Task :react-native-screens:mergeReleaseJniLibFolders UP-TO-DATE
> Task :react-native-screens:mergeReleaseNativeLibs UP-TO-DATE
> Task :react-native-screens:stripReleaseDebugSymbols UP-TO-DATE
> Task :react-native-screens:copyReleaseJniLibsProjectAndLocalJars UP-TO-DATE
> Task :react-native-screens:extractDeepLinksForAarRelease UP-TO-DATE
> Task :react-native-screens:extractReleaseAnnotations UP-TO-DATE
> Task :react-native-screens:mergeReleaseGeneratedProguardFiles UP-TO-DATE
> Task :react-native-screens:mergeReleaseConsumerProguardFiles UP-TO-DATE
> Task :react-native-screens:mergeReleaseShaders UP-TO-DATE
> Task :react-native-screens:compileReleaseShaders NO-SOURCE
> Task :react-native-screens:generateReleaseAssets UP-TO-DATE
> Task :react-native-screens:packageReleaseAssets UP-TO-DATE
> Task :react-native-screens:prepareReleaseArtProfile UP-TO-DATE
> Task :react-native-screens:mergeReleaseJavaResource UP-TO-DATE
> Task :react-native-screens:syncReleaseLibJars UP-TO-DATE
> Task :react-native-screens:bundleReleaseLocalLintAar UP-TO-DATE
> Task :react-native-webview:mergeReleaseJniLibFolders UP-TO-DATE
> Task :react-native-webview:mergeReleaseNativeLibs NO-SOURCE
> Task :react-native-webview:stripReleaseDebugSymbols NO-SOURCE
> Task :react-native-webview:copyReleaseJniLibsProjectAndLocalJars UP-TO-DATE
> Task :react-native-webview:extractDeepLinksForAarRelease UP-TO-DATE
> Task :react-native-webview:extractReleaseAnnotations UP-TO-DATE
> Task :react-native-webview:mergeReleaseGeneratedProguardFiles UP-TO-DATE
> Task :react-native-webview:mergeReleaseConsumerProguardFiles UP-TO-DATE
> Task :react-native-webview:mergeReleaseShaders UP-TO-DATE
> Task :react-native-webview:compileReleaseShaders NO-SOURCE
> Task :react-native-webview:generateReleaseAssets UP-TO-DATE
> Task :react-native-webview:packageReleaseAssets UP-TO-DATE
> Task :react-native-webview:prepareReleaseArtProfile UP-TO-DATE
> Task :react-native-webview:mergeReleaseJavaResource UP-TO-DATE
> Task :react-native-webview:syncReleaseLibJars UP-TO-DATE
> Task :react-native-webview:bundleReleaseLocalLintAar UP-TO-DATE
> Task :livekit_react-native-webrtc:mergeReleaseJniLibFolders UP-TO-DATE
> Task :livekit_react-native-webrtc:mergeReleaseNativeLibs NO-SOURCE
> Task :livekit_react-native-webrtc:stripReleaseDebugSymbols NO-SOURCE
> Task :livekit_react-native-webrtc:copyReleaseJniLibsProjectAndLocalJars UP-TO-DATE
> Task :livekit_react-native-webrtc:extractDeepLinksForAarRelease UP-TO-DATE
> Task :livekit_react-native-webrtc:extractReleaseAnnotations UP-TO-DATE
> Task :livekit_react-native-webrtc:mergeReleaseGeneratedProguardFiles UP-TO-DATE
> Task :livekit_react-native-webrtc:mergeReleaseConsumerProguardFiles UP-TO-DATE
> Task :livekit_react-native-webrtc:mergeReleaseShaders UP-TO-DATE
> Task :livekit_react-native-webrtc:compileReleaseShaders NO-SOURCE
> Task :livekit_react-native-webrtc:generateReleaseAssets UP-TO-DATE
> Task :livekit_react-native-webrtc:packageReleaseAssets UP-TO-DATE
> Task :livekit_react-native-webrtc:prepareReleaseArtProfile UP-TO-DATE
> Task :livekit_react-native-webrtc:mergeReleaseJavaResource UP-TO-DATE
> Task :livekit_react-native-webrtc:syncReleaseLibJars UP-TO-DATE
> Task :livekit_react-native-webrtc:bundleReleaseLocalLintAar UP-TO-DATE
> Task :react-native-async-storage_async-storage:mergeReleaseJniLibFolders UP-TO-DATE
> Task :react-native-async-storage_async-storage:mergeReleaseNativeLibs NO-SOURCE
> Task :react-native-async-storage_async-storage:stripReleaseDebugSymbols NO-SOURCE
> Task :react-native-async-storage_async-storage:copyReleaseJniLibsProjectAndLocalJars UP-TO-DATE
> Task :react-native-async-storage_async-storage:extractDeepLinksForAarRelease UP-TO-DATE
> Task :react-native-async-storage_async-storage:extractReleaseAnnotations UP-TO-DATE
> Task :react-native-async-storage_async-storage:mergeReleaseGeneratedProguardFiles UP-TO-DATE
> Task :react-native-async-storage_async-storage:mergeReleaseConsumerProguardFiles UP-TO-DATE
> Task :react-native-async-storage_async-storage:mergeReleaseShaders UP-TO-DATE
> Task :react-native-async-storage_async-storage:compileReleaseShaders NO-SOURCE
> Task :react-native-async-storage_async-storage:generateReleaseAssets UP-TO-DATE
> Task :react-native-async-storage_async-storage:packageReleaseAssets UP-TO-DATE
> Task :react-native-async-storage_async-storage:prepareReleaseArtProfile UP-TO-DATE
> Task :react-native-async-storage_async-storage:mergeReleaseJavaResource UP-TO-DATE
> Task :react-native-async-storage_async-storage:syncReleaseLibJars UP-TO-DATE
> Task :react-native-async-storage_async-storage:bundleReleaseLocalLintAar UP-TO-DATE
> Task :react-native-community_datetimepicker:mergeReleaseJniLibFolders UP-TO-DATE
> Task :react-native-community_datetimepicker:mergeReleaseNativeLibs NO-SOURCE
> Task :react-native-community_datetimepicker:stripReleaseDebugSymbols NO-SOURCE
> Task :react-native-community_datetimepicker:copyReleaseJniLibsProjectAndLocalJars UP-TO-DATE
> Task :react-native-community_datetimepicker:extractDeepLinksForAarRelease UP-TO-DATE
> Task :react-native-community_datetimepicker:extractReleaseAnnotations UP-TO-DATE
> Task :react-native-community_datetimepicker:mergeReleaseGeneratedProguardFiles UP-TO-DATE
> Task :react-native-community_datetimepicker:mergeReleaseConsumerProguardFiles UP-TO-DATE
> Task :react-native-community_datetimepicker:mergeReleaseShaders UP-TO-DATE
> Task :react-native-community_datetimepicker:compileReleaseShaders NO-SOURCE
> Task :react-native-community_datetimepicker:generateReleaseAssets UP-TO-DATE
> Task :react-native-community_datetimepicker:packageReleaseAssets UP-TO-DATE
> Task :react-native-community_datetimepicker:prepareReleaseArtProfile UP-TO-DATE
> Task :react-native-community_datetimepicker:mergeReleaseJavaResource UP-TO-DATE
> Task :react-native-community_datetimepicker:syncReleaseLibJars UP-TO-DATE
> Task :react-native-community_datetimepicker:bundleReleaseLocalLintAar UP-TO-DATE
> Task :react-native-firebase_analytics:mergeReleaseJniLibFolders UP-TO-DATE
> Task :react-native-firebase_analytics:mergeReleaseNativeLibs NO-SOURCE
> Task :react-native-firebase_analytics:stripReleaseDebugSymbols NO-SOURCE
> Task :react-native-firebase_analytics:copyReleaseJniLibsProjectAndLocalJars UP-TO-DATE
> Task :react-native-firebase_analytics:extractDeepLinksForAarRelease UP-TO-DATE
> Task :react-native-firebase_analytics:extractReleaseAnnotations UP-TO-DATE
> Task :react-native-firebase_analytics:mergeReleaseGeneratedProguardFiles UP-TO-DATE
> Task :react-native-firebase_analytics:mergeReleaseConsumerProguardFiles UP-TO-DATE
> Task :react-native-firebase_analytics:mergeReleaseShaders UP-TO-DATE
> Task :react-native-firebase_analytics:compileReleaseShaders NO-SOURCE
> Task :react-native-firebase_analytics:generateReleaseAssets UP-TO-DATE
> Task :react-native-firebase_analytics:packageReleaseAssets UP-TO-DATE
> Task :react-native-firebase_analytics:prepareReleaseArtProfile UP-TO-DATE
> Task :react-native-firebase_analytics:mergeReleaseJavaResource UP-TO-DATE
> Task :react-native-firebase_analytics:syncReleaseLibJars UP-TO-DATE
> Task :react-native-firebase_analytics:bundleReleaseLocalLintAar UP-TO-DATE
> Task :react-native-firebase_crashlytics:mergeReleaseJniLibFolders UP-TO-DATE
> Task :react-native-firebase_crashlytics:mergeReleaseNativeLibs NO-SOURCE
> Task :react-native-firebase_crashlytics:stripReleaseDebugSymbols NO-SOURCE
> Task :react-native-firebase_crashlytics:copyReleaseJniLibsProjectAndLocalJars UP-TO-DATE
> Task :react-native-firebase_crashlytics:extractDeepLinksForAarRelease UP-TO-DATE
> Task :react-native-firebase_crashlytics:extractReleaseAnnotations UP-TO-DATE
> Task :react-native-firebase_crashlytics:mergeReleaseGeneratedProguardFiles UP-TO-DATE
> Task :react-native-firebase_crashlytics:mergeReleaseConsumerProguardFiles UP-TO-DATE
> Task :react-native-firebase_crashlytics:mergeReleaseShaders UP-TO-DATE
> Task :react-native-firebase_crashlytics:compileReleaseShaders NO-SOURCE
> Task :react-native-firebase_crashlytics:generateReleaseAssets UP-TO-DATE
> Task :react-native-firebase_crashlytics:packageReleaseAssets UP-TO-DATE
> Task :react-native-firebase_crashlytics:prepareReleaseArtProfile UP-TO-DATE
> Task :react-native-firebase_crashlytics:mergeReleaseJavaResource UP-TO-DATE
> Task :react-native-firebase_crashlytics:syncReleaseLibJars UP-TO-DATE
> Task :react-native-firebase_crashlytics:bundleReleaseLocalLintAar UP-TO-DATE
> Task :react-native-firebase_app:mergeReleaseJniLibFolders UP-TO-DATE
> Task :react-native-firebase_app:mergeReleaseNativeLibs NO-SOURCE
> Task :react-native-firebase_app:stripReleaseDebugSymbols NO-SOURCE
> Task :react-native-firebase_app:copyReleaseJniLibsProjectAndLocalJars UP-TO-DATE
> Task :react-native-firebase_app:extractDeepLinksForAarRelease UP-TO-DATE
> Task :react-native-firebase_app:extractReleaseAnnotations UP-TO-DATE
> Task :react-native-firebase_app:mergeReleaseGeneratedProguardFiles UP-TO-DATE
> Task :react-native-firebase_app:mergeReleaseConsumerProguardFiles UP-TO-DATE
> Task :react-native-firebase_app:mergeReleaseShaders UP-TO-DATE
> Task :react-native-firebase_app:compileReleaseShaders NO-SOURCE
> Task :react-native-firebase_app:generateReleaseAssets UP-TO-DATE
> Task :react-native-firebase_app:packageReleaseAssets UP-TO-DATE
> Task :react-native-firebase_app:prepareReleaseArtProfile UP-TO-DATE
> Task :react-native-firebase_app:mergeReleaseJavaResource UP-TO-DATE
> Task :react-native-firebase_app:syncReleaseLibJars UP-TO-DATE
> Task :react-native-firebase_app:bundleReleaseLocalLintAar UP-TO-DATE
> Task :react-native-masked-view_masked-view:mergeReleaseJniLibFolders UP-TO-DATE
> Task :react-native-masked-view_masked-view:mergeReleaseNativeLibs NO-SOURCE
> Task :react-native-masked-view_masked-view:stripReleaseDebugSymbols NO-SOURCE
> Task :react-native-masked-view_masked-view:copyReleaseJniLibsProjectAndLocalJars UP-TO-DATE
> Task :react-native-masked-view_masked-view:extractDeepLinksForAarRelease UP-TO-DATE
> Task :react-native-masked-view_masked-view:extractReleaseAnnotations UP-TO-DATE
> Task :react-native-masked-view_masked-view:mergeReleaseGeneratedProguardFiles UP-TO-DATE
> Task :react-native-masked-view_masked-view:mergeReleaseConsumerProguardFiles UP-TO-DATE
> Task :react-native-masked-view_masked-view:mergeReleaseShaders UP-TO-DATE
> Task :react-native-masked-view_masked-view:compileReleaseShaders NO-SOURCE
> Task :react-native-masked-view_masked-view:generateReleaseAssets UP-TO-DATE
> Task :react-native-masked-view_masked-view:packageReleaseAssets UP-TO-DATE
> Task :react-native-masked-view_masked-view:prepareReleaseArtProfile UP-TO-DATE
> Task :react-native-masked-view_masked-view:mergeReleaseJavaResource UP-TO-DATE
> Task :react-native-masked-view_masked-view:syncReleaseLibJars UP-TO-DATE
> Task :react-native-masked-view_masked-view:bundleReleaseLocalLintAar UP-TO-DATE
> Task :react-native-purchases:mergeReleaseJniLibFolders UP-TO-DATE
> Task :react-native-purchases:mergeReleaseNativeLibs NO-SOURCE
> Task :react-native-purchases:stripReleaseDebugSymbols NO-SOURCE
> Task :react-native-purchases:copyReleaseJniLibsProjectAndLocalJars UP-TO-DATE
> Task :react-native-purchases:extractDeepLinksForAarRelease UP-TO-DATE
> Task :react-native-purchases:extractReleaseAnnotations UP-TO-DATE
> Task :react-native-purchases:mergeReleaseGeneratedProguardFiles UP-TO-DATE
> Task :react-native-purchases:mergeReleaseConsumerProguardFiles UP-TO-DATE
> Task :react-native-purchases:mergeReleaseShaders UP-TO-DATE
> Task :react-native-purchases:compileReleaseShaders NO-SOURCE
> Task :react-native-purchases:generateReleaseAssets UP-TO-DATE
> Task :react-native-purchases:packageReleaseAssets UP-TO-DATE
> Task :react-native-purchases:prepareReleaseArtProfile UP-TO-DATE
> Task :react-native-purchases:mergeReleaseJavaResource UP-TO-DATE
> Task :react-native-purchases:syncReleaseLibJars UP-TO-DATE
> Task :react-native-purchases:bundleReleaseLocalLintAar UP-TO-DATE
> Task :react-native-reanimated:configureCMakeRelWithDebInfo[arm64-v8a]
> Task :react-native-reanimated:buildCMakeRelWithDebInfo[arm64-v8a]
> Task :react-native-reanimated:configureCMakeRelWithDebInfo[armeabi-v7a]
> Task :react-native-reanimated:buildCMakeRelWithDebInfo[armeabi-v7a]
> Task :react-native-reanimated:configureCMakeRelWithDebInfo[x86]
> Task :react-native-reanimated:buildCMakeRelWithDebInfo[x86]
> Task :react-native-reanimated:configureCMakeRelWithDebInfo[x86_64]
> Task :react-native-reanimated:buildCMakeRelWithDebInfo[x86_64]
> Task :react-native-reanimated:mergeReleaseJniLibFolders UP-TO-DATE
> Task :react-native-reanimated:mergeReleaseNativeLibs UP-TO-DATE
> Task :react-native-reanimated:stripReleaseDebugSymbols UP-TO-DATE
> Task :react-native-reanimated:copyReleaseJniLibsProjectAndLocalJars UP-TO-DATE
> Task :react-native-reanimated:extractDeepLinksForAarRelease UP-TO-DATE
> Task :react-native-reanimated:extractReleaseAnnotations UP-TO-DATE
> Task :react-native-reanimated:mergeReleaseGeneratedProguardFiles UP-TO-DATE
> Task :react-native-reanimated:mergeReleaseConsumerProguardFiles UP-TO-DATE
> Task :react-native-reanimated:mergeReleaseShaders UP-TO-DATE
> Task :react-native-reanimated:compileReleaseShaders NO-SOURCE
> Task :react-native-reanimated:generateReleaseAssets UP-TO-DATE
> Task :react-native-reanimated:packageReleaseAssets UP-TO-DATE
> Task :react-native-reanimated:externalNativeBuildRelease
> Task :react-native-reanimated:generateJsonModelRelease
> Task :react-native-reanimated:prefabReleaseConfigurePackage UP-TO-DATE
> Task :react-native-reanimated:prefabReleasePackage UP-TO-DATE
> Task :react-native-reanimated:prepareReleaseArtProfile UP-TO-DATE
> Task :react-native-reanimated:mergeReleaseJavaResource UP-TO-DATE
> Task :react-native-reanimated:syncReleaseLibJars UP-TO-DATE
> Task :react-native-reanimated:bundleReleaseLocalLintAar UP-TO-DATE
> Task :expo-application:mergeReleaseJniLibFolders UP-TO-DATE
> Task :expo-application:mergeReleaseNativeLibs NO-SOURCE
> Task :expo-application:stripReleaseDebugSymbols NO-SOURCE
> Task :expo-application:copyReleaseJniLibsProjectAndLocalJars UP-TO-DATE
> Task :expo-application:extractDeepLinksForAarRelease UP-TO-DATE
> Task :expo-application:extractReleaseAnnotations UP-TO-DATE
> Task :expo-application:mergeReleaseGeneratedProguardFiles UP-TO-DATE
> Task :expo-application:mergeReleaseConsumerProguardFiles UP-TO-DATE
> Task :expo-application:mergeReleaseShaders UP-TO-DATE
> Task :expo-application:compileReleaseShaders NO-SOURCE
> Task :expo-application:generateReleaseAssets UP-TO-DATE
> Task :expo-application:packageReleaseAssets UP-TO-DATE
> Task :expo-application:prepareReleaseArtProfile UP-TO-DATE
> Task :expo-application:mergeReleaseJavaResource UP-TO-DATE
> Task :expo-application:syncReleaseLibJars UP-TO-DATE
> Task :expo-application:bundleReleaseLocalLintAar UP-TO-DATE
> Task :expo-asset:mergeReleaseJniLibFolders UP-TO-DATE
> Task :expo-asset:mergeReleaseNativeLibs NO-SOURCE
> Task :expo-asset:stripReleaseDebugSymbols NO-SOURCE
> Task :expo-asset:copyReleaseJniLibsProjectAndLocalJars UP-TO-DATE
> Task :expo-asset:extractDeepLinksForAarRelease UP-TO-DATE
> Task :expo-asset:extractReleaseAnnotations UP-TO-DATE
> Task :expo-asset:mergeReleaseGeneratedProguardFiles UP-TO-DATE
> Task :expo-asset:mergeReleaseConsumerProguardFiles UP-TO-DATE
> Task :expo-asset:mergeReleaseShaders UP-TO-DATE
> Task :expo-asset:compileReleaseShaders NO-SOURCE
> Task :expo-asset:generateReleaseAssets UP-TO-DATE
> Task :expo-asset:packageReleaseAssets UP-TO-DATE
> Task :expo-asset:prepareReleaseArtProfile UP-TO-DATE
> Task :expo-asset:mergeReleaseJavaResource UP-TO-DATE
> Task :expo-asset:syncReleaseLibJars UP-TO-DATE
> Task :expo-asset:bundleReleaseLocalLintAar UP-TO-DATE
> Task :expo-av:configureCMakeRelWithDebInfo[arm64-v8a]
> Task :expo-av:buildCMakeRelWithDebInfo[arm64-v8a]
> Task :expo-av:configureCMakeRelWithDebInfo[armeabi-v7a]
> Task :expo-av:buildCMakeRelWithDebInfo[armeabi-v7a]
> Task :expo-av:configureCMakeRelWithDebInfo[x86]
> Task :expo-av:buildCMakeRelWithDebInfo[x86]
> Task :expo-av:configureCMakeRelWithDebInfo[x86_64]
> Task :expo-av:buildCMakeRelWithDebInfo[x86_64]
> Task :expo-av:mergeReleaseJniLibFolders UP-TO-DATE
> Task :expo-av:mergeReleaseNativeLibs UP-TO-DATE
> Task :expo-av:stripReleaseDebugSymbols UP-TO-DATE
> Task :expo-av:copyReleaseJniLibsProjectAndLocalJars UP-TO-DATE
> Task :expo-av:extractDeepLinksForAarRelease UP-TO-DATE
> Task :expo-av:extractReleaseAnnotations UP-TO-DATE
> Task :expo-av:mergeReleaseGeneratedProguardFiles UP-TO-DATE
> Task :expo-av:mergeReleaseConsumerProguardFiles UP-TO-DATE
> Task :expo-av:mergeReleaseShaders UP-TO-DATE
> Task :expo-av:compileReleaseShaders NO-SOURCE
> Task :expo-av:generateReleaseAssets UP-TO-DATE
> Task :expo-av:packageReleaseAssets UP-TO-DATE
> Task :expo-av:prepareReleaseArtProfile UP-TO-DATE
> Task :expo-av:mergeReleaseJavaResource UP-TO-DATE
> Task :expo-av:syncReleaseLibJars UP-TO-DATE
> Task :expo-av:bundleReleaseLocalLintAar UP-TO-DATE
> Task :expo-blur:mergeReleaseJniLibFolders UP-TO-DATE
> Task :expo-blur:mergeReleaseNativeLibs NO-SOURCE
> Task :expo-blur:stripReleaseDebugSymbols NO-SOURCE
> Task :expo-blur:copyReleaseJniLibsProjectAndLocalJars UP-TO-DATE
> Task :expo-blur:extractDeepLinksForAarRelease UP-TO-DATE
> Task :expo-blur:extractReleaseAnnotations UP-TO-DATE
> Task :expo-blur:mergeReleaseGeneratedProguardFiles UP-TO-DATE
> Task :expo-blur:mergeReleaseConsumerProguardFiles UP-TO-DATE
> Task :expo-blur:mergeReleaseShaders UP-TO-DATE
> Task :expo-blur:compileReleaseShaders NO-SOURCE
> Task :expo-blur:generateReleaseAssets UP-TO-DATE
> Task :expo-blur:packageReleaseAssets UP-TO-DATE
> Task :expo-blur:prepareReleaseArtProfile UP-TO-DATE
> Task :expo-blur:mergeReleaseJavaResource UP-TO-DATE
> Task :expo-blur:syncReleaseLibJars UP-TO-DATE
> Task :expo-blur:bundleReleaseLocalLintAar UP-TO-DATE
> Task :expo-clipboard:mergeReleaseJniLibFolders UP-TO-DATE
> Task :expo-clipboard:mergeReleaseNativeLibs NO-SOURCE
> Task :expo-clipboard:stripReleaseDebugSymbols NO-SOURCE
> Task :expo-clipboard:copyReleaseJniLibsProjectAndLocalJars UP-TO-DATE
> Task :expo-clipboard:extractDeepLinksForAarRelease UP-TO-DATE
> Task :expo-clipboard:extractReleaseAnnotations UP-TO-DATE
> Task :expo-clipboard:mergeReleaseGeneratedProguardFiles UP-TO-DATE
> Task :expo-clipboard:mergeReleaseConsumerProguardFiles UP-TO-DATE
> Task :expo-clipboard:mergeReleaseShaders UP-TO-DATE
> Task :expo-clipboard:compileReleaseShaders NO-SOURCE
> Task :expo-clipboard:generateReleaseAssets UP-TO-DATE
> Task :expo-clipboard:packageReleaseAssets UP-TO-DATE
> Task :expo-clipboard:prepareReleaseArtProfile UP-TO-DATE
> Task :expo-clipboard:mergeReleaseJavaResource UP-TO-DATE
> Task :expo-clipboard:syncReleaseLibJars UP-TO-DATE
> Task :expo-clipboard:bundleReleaseLocalLintAar UP-TO-DATE
> Task :expo-constants:mergeReleaseJniLibFolders UP-TO-DATE
> Task :expo-constants:mergeReleaseNativeLibs NO-SOURCE
> Task :expo-constants:stripReleaseDebugSymbols NO-SOURCE
> Task :expo-constants:copyReleaseJniLibsProjectAndLocalJars UP-TO-DATE
> Task :expo-constants:extractDeepLinksForAarRelease UP-TO-DATE
> Task :expo-constants:extractReleaseAnnotations UP-TO-DATE
> Task :expo-constants:mergeReleaseGeneratedProguardFiles UP-TO-DATE
> Task :expo-constants:mergeReleaseConsumerProguardFiles UP-TO-DATE
> Task :expo-constants:mergeReleaseShaders UP-TO-DATE
> Task :expo-constants:compileReleaseShaders NO-SOURCE
> Task :expo-constants:generateReleaseAssets UP-TO-DATE
> Task :expo-constants:packageReleaseAssets
> Task :expo-constants:prepareReleaseArtProfile UP-TO-DATE
> Task :expo-constants:mergeReleaseJavaResource UP-TO-DATE
> Task :expo-constants:syncReleaseLibJars UP-TO-DATE
> Task :expo-constants:bundleReleaseLocalLintAar
> Task :expo-crypto:mergeReleaseJniLibFolders UP-TO-DATE
> Task :expo-crypto:mergeReleaseNativeLibs NO-SOURCE
> Task :expo-crypto:stripReleaseDebugSymbols NO-SOURCE
> Task :expo-crypto:copyReleaseJniLibsProjectAndLocalJars UP-TO-DATE
> Task :expo-crypto:extractDeepLinksForAarRelease UP-TO-DATE
> Task :expo-crypto:extractReleaseAnnotations UP-TO-DATE
> Task :expo-crypto:mergeReleaseGeneratedProguardFiles UP-TO-DATE
> Task :expo-crypto:mergeReleaseConsumerProguardFiles UP-TO-DATE
> Task :expo-crypto:mergeReleaseShaders UP-TO-DATE
> Task :expo-crypto:compileReleaseShaders NO-SOURCE
> Task :expo-crypto:generateReleaseAssets UP-TO-DATE
> Task :expo-crypto:packageReleaseAssets UP-TO-DATE
> Task :expo-crypto:prepareReleaseArtProfile UP-TO-DATE
> Task :expo-crypto:mergeReleaseJavaResource UP-TO-DATE
> Task :expo-crypto:syncReleaseLibJars UP-TO-DATE
> Task :expo-crypto:bundleReleaseLocalLintAar UP-TO-DATE
> Task :expo-device:mergeReleaseJniLibFolders UP-TO-DATE
> Task :expo-device:mergeReleaseNativeLibs NO-SOURCE
> Task :expo-device:stripReleaseDebugSymbols NO-SOURCE
> Task :expo-device:copyReleaseJniLibsProjectAndLocalJars UP-TO-DATE
> Task :expo-device:extractDeepLinksForAarRelease UP-TO-DATE
> Task :expo-device:extractReleaseAnnotations UP-TO-DATE
> Task :expo-device:mergeReleaseGeneratedProguardFiles UP-TO-DATE
> Task :expo-device:mergeReleaseConsumerProguardFiles UP-TO-DATE
> Task :expo-device:mergeReleaseShaders UP-TO-DATE
> Task :expo-device:compileReleaseShaders NO-SOURCE
> Task :expo-device:generateReleaseAssets UP-TO-DATE
> Task :expo-device:packageReleaseAssets UP-TO-DATE
> Task :expo-device:prepareReleaseArtProfile UP-TO-DATE
> Task :expo-device:mergeReleaseJavaResource UP-TO-DATE
> Task :expo-device:syncReleaseLibJars UP-TO-DATE
> Task :expo-device:bundleReleaseLocalLintAar UP-TO-DATE
> Task :expo-file-system:mergeReleaseJniLibFolders UP-TO-DATE
> Task :expo-file-system:mergeReleaseNativeLibs NO-SOURCE
> Task :expo-file-system:stripReleaseDebugSymbols NO-SOURCE
> Task :expo-file-system:copyReleaseJniLibsProjectAndLocalJars UP-TO-DATE
> Task :expo-file-system:extractDeepLinksForAarRelease UP-TO-DATE
> Task :expo-file-system:extractReleaseAnnotations UP-TO-DATE
> Task :expo-file-system:mergeReleaseGeneratedProguardFiles UP-TO-DATE
> Task :expo-file-system:mergeReleaseConsumerProguardFiles UP-TO-DATE
> Task :expo-file-system:mergeReleaseShaders UP-TO-DATE
> Task :expo-file-system:compileReleaseShaders NO-SOURCE
> Task :expo-file-system:generateReleaseAssets UP-TO-DATE
> Task :expo-file-system:packageReleaseAssets UP-TO-DATE
> Task :expo-file-system:prepareReleaseArtProfile UP-TO-DATE
> Task :expo-file-system:mergeReleaseJavaResource UP-TO-DATE
> Task :expo-file-system:syncReleaseLibJars UP-TO-DATE
> Task :expo-file-system:bundleReleaseLocalLintAar UP-TO-DATE
> Task :expo-font:mergeReleaseJniLibFolders UP-TO-DATE
> Task :expo-font:mergeReleaseNativeLibs NO-SOURCE
> Task :expo-font:stripReleaseDebugSymbols NO-SOURCE
> Task :expo-font:copyReleaseJniLibsProjectAndLocalJars UP-TO-DATE
> Task :expo-font:extractDeepLinksForAarRelease UP-TO-DATE
> Task :expo-font:extractReleaseAnnotations UP-TO-DATE
> Task :expo-font:mergeReleaseGeneratedProguardFiles UP-TO-DATE
> Task :expo-font:mergeReleaseConsumerProguardFiles UP-TO-DATE
> Task :expo-font:mergeReleaseShaders UP-TO-DATE
> Task :expo-font:compileReleaseShaders NO-SOURCE
> Task :expo-font:generateReleaseAssets UP-TO-DATE
> Task :expo-font:packageReleaseAssets UP-TO-DATE
> Task :expo-font:prepareReleaseArtProfile UP-TO-DATE
> Task :expo-font:mergeReleaseJavaResource UP-TO-DATE
> Task :expo-font:syncReleaseLibJars UP-TO-DATE
> Task :expo-font:bundleReleaseLocalLintAar UP-TO-DATE
> Task :expo-haptics:mergeReleaseJniLibFolders UP-TO-DATE
> Task :expo-haptics:mergeReleaseNativeLibs NO-SOURCE
> Task :expo-haptics:stripReleaseDebugSymbols NO-SOURCE
> Task :expo-haptics:copyReleaseJniLibsProjectAndLocalJars UP-TO-DATE
> Task :expo-haptics:extractDeepLinksForAarRelease UP-TO-DATE
> Task :expo-haptics:extractReleaseAnnotations UP-TO-DATE
> Task :expo-haptics:mergeReleaseGeneratedProguardFiles UP-TO-DATE
> Task :expo-haptics:mergeReleaseConsumerProguardFiles UP-TO-DATE
> Task :expo-haptics:mergeReleaseShaders UP-TO-DATE
> Task :expo-haptics:compileReleaseShaders NO-SOURCE
> Task :expo-haptics:generateReleaseAssets UP-TO-DATE
> Task :expo-haptics:packageReleaseAssets UP-TO-DATE
> Task :expo-haptics:prepareReleaseArtProfile UP-TO-DATE
> Task :expo-haptics:mergeReleaseJavaResource UP-TO-DATE
> Task :expo-haptics:syncReleaseLibJars UP-TO-DATE
> Task :expo-haptics:bundleReleaseLocalLintAar UP-TO-DATE
> Task :expo-image-loader:mergeReleaseJniLibFolders UP-TO-DATE
> Task :expo-image-loader:mergeReleaseNativeLibs NO-SOURCE
> Task :expo-image-loader:stripReleaseDebugSymbols NO-SOURCE
> Task :expo-image-loader:copyReleaseJniLibsProjectAndLocalJars UP-TO-DATE
> Task :expo-image-loader:extractDeepLinksForAarRelease UP-TO-DATE
> Task :expo-image-loader:extractReleaseAnnotations UP-TO-DATE
> Task :expo-image-loader:mergeReleaseGeneratedProguardFiles UP-TO-DATE
> Task :expo-image-loader:mergeReleaseConsumerProguardFiles UP-TO-DATE
> Task :expo-image-loader:mergeReleaseShaders UP-TO-DATE
> Task :expo-image-loader:compileReleaseShaders NO-SOURCE
> Task :expo-image-loader:generateReleaseAssets UP-TO-DATE
> Task :expo-image-loader:packageReleaseAssets UP-TO-DATE
> Task :expo-image-loader:prepareReleaseArtProfile UP-TO-DATE
> Task :expo-image-loader:mergeReleaseJavaResource UP-TO-DATE
> Task :expo-image-loader:syncReleaseLibJars UP-TO-DATE
> Task :expo-image-loader:bundleReleaseLocalLintAar UP-TO-DATE
> Task :expo-image-manipulator:mergeReleaseJniLibFolders UP-TO-DATE
> Task :expo-image-manipulator:mergeReleaseNativeLibs NO-SOURCE
> Task :expo-image-manipulator:stripReleaseDebugSymbols NO-SOURCE
> Task :expo-image-manipulator:copyReleaseJniLibsProjectAndLocalJars UP-TO-DATE
> Task :expo-image-manipulator:extractDeepLinksForAarRelease UP-TO-DATE
> Task :expo-image-manipulator:extractReleaseAnnotations UP-TO-DATE
> Task :expo-image-manipulator:mergeReleaseGeneratedProguardFiles UP-TO-DATE
> Task :expo-image-manipulator:mergeReleaseConsumerProguardFiles UP-TO-DATE
> Task :expo-image-manipulator:mergeReleaseShaders UP-TO-DATE
> Task :expo-image-manipulator:compileReleaseShaders NO-SOURCE
> Task :expo-image-manipulator:generateReleaseAssets UP-TO-DATE
> Task :expo-image-manipulator:packageReleaseAssets UP-TO-DATE
> Task :expo-image-manipulator:prepareReleaseArtProfile UP-TO-DATE
> Task :expo-image-manipulator:mergeReleaseJavaResource UP-TO-DATE
> Task :expo-image-manipulator:syncReleaseLibJars UP-TO-DATE
> Task :expo-image-manipulator:bundleReleaseLocalLintAar UP-TO-DATE
> Task :expo-image-picker:mergeReleaseJniLibFolders UP-TO-DATE
> Task :expo-image-picker:mergeReleaseNativeLibs NO-SOURCE
> Task :expo-image-picker:stripReleaseDebugSymbols NO-SOURCE
> Task :expo-image-picker:copyReleaseJniLibsProjectAndLocalJars UP-TO-DATE
> Task :expo-image-picker:extractDeepLinksForAarRelease UP-TO-DATE
> Task :expo-image-picker:extractReleaseAnnotations UP-TO-DATE
> Task :expo-image-picker:mergeReleaseGeneratedProguardFiles UP-TO-DATE
> Task :expo-image-picker:mergeReleaseConsumerProguardFiles UP-TO-DATE
> Task :expo-image-picker:mergeReleaseShaders UP-TO-DATE
> Task :expo-image-picker:compileReleaseShaders NO-SOURCE
> Task :expo-image-picker:generateReleaseAssets UP-TO-DATE
> Task :expo-image-picker:packageReleaseAssets UP-TO-DATE
> Task :expo-image-picker:prepareReleaseArtProfile UP-TO-DATE
> Task :expo-image-picker:mergeReleaseJavaResource UP-TO-DATE
> Task :expo-image-picker:syncReleaseLibJars UP-TO-DATE
> Task :expo-image-picker:bundleReleaseLocalLintAar UP-TO-DATE
> Task :expo-keep-awake:mergeReleaseJniLibFolders UP-TO-DATE
> Task :expo-keep-awake:mergeReleaseNativeLibs NO-SOURCE
> Task :expo-keep-awake:stripReleaseDebugSymbols NO-SOURCE
> Task :expo-keep-awake:copyReleaseJniLibsProjectAndLocalJars UP-TO-DATE
> Task :expo-keep-awake:extractDeepLinksForAarRelease UP-TO-DATE
> Task :expo-keep-awake:extractReleaseAnnotations UP-TO-DATE
> Task :expo-keep-awake:mergeReleaseGeneratedProguardFiles UP-TO-DATE
> Task :expo-keep-awake:mergeReleaseConsumerProguardFiles UP-TO-DATE
> Task :expo-keep-awake:mergeReleaseShaders UP-TO-DATE
> Task :expo-keep-awake:compileReleaseShaders NO-SOURCE
> Task :expo-keep-awake:generateReleaseAssets UP-TO-DATE
> Task :expo-keep-awake:packageReleaseAssets UP-TO-DATE
> Task :expo-keep-awake:prepareReleaseArtProfile UP-TO-DATE
> Task :expo-keep-awake:mergeReleaseJavaResource UP-TO-DATE
> Task :expo-keep-awake:syncReleaseLibJars UP-TO-DATE
> Task :expo-keep-awake:bundleReleaseLocalLintAar UP-TO-DATE
> Task :expo-linear-gradient:mergeReleaseJniLibFolders UP-TO-DATE
> Task :expo-linear-gradient:mergeReleaseNativeLibs NO-SOURCE
> Task :expo-linear-gradient:stripReleaseDebugSymbols NO-SOURCE
> Task :expo-linear-gradient:copyReleaseJniLibsProjectAndLocalJars UP-TO-DATE
> Task :expo-linear-gradient:extractDeepLinksForAarRelease UP-TO-DATE
> Task :expo-linear-gradient:extractReleaseAnnotations UP-TO-DATE
> Task :expo-linear-gradient:mergeReleaseGeneratedProguardFiles UP-TO-DATE
> Task :expo-linear-gradient:mergeReleaseConsumerProguardFiles UP-TO-DATE
> Task :expo-linear-gradient:mergeReleaseShaders UP-TO-DATE
> Task :expo-linear-gradient:compileReleaseShaders NO-SOURCE
> Task :expo-linear-gradient:generateReleaseAssets UP-TO-DATE
> Task :expo-linear-gradient:packageReleaseAssets UP-TO-DATE
> Task :expo-linear-gradient:prepareReleaseArtProfile UP-TO-DATE
> Task :expo-linear-gradient:mergeReleaseJavaResource UP-TO-DATE
> Task :expo-linear-gradient:syncReleaseLibJars UP-TO-DATE
> Task :expo-linear-gradient:bundleReleaseLocalLintAar UP-TO-DATE
> Task :expo-linking:mergeReleaseJniLibFolders UP-TO-DATE
> Task :expo-linking:mergeReleaseNativeLibs NO-SOURCE
> Task :expo-linking:stripReleaseDebugSymbols NO-SOURCE
> Task :expo-linking:copyReleaseJniLibsProjectAndLocalJars UP-TO-DATE
> Task :expo-linking:extractDeepLinksForAarRelease UP-TO-DATE
> Task :expo-linking:extractReleaseAnnotations UP-TO-DATE
> Task :expo-linking:mergeReleaseGeneratedProguardFiles UP-TO-DATE
> Task :expo-linking:mergeReleaseConsumerProguardFiles UP-TO-DATE
> Task :expo-linking:mergeReleaseShaders UP-TO-DATE
> Task :expo-linking:compileReleaseShaders NO-SOURCE
> Task :expo-linking:generateReleaseAssets UP-TO-DATE
> Task :expo-linking:packageReleaseAssets UP-TO-DATE
> Task :expo-linking:prepareReleaseArtProfile UP-TO-DATE
> Task :expo-linking:mergeReleaseJavaResource UP-TO-DATE
> Task :expo-linking:syncReleaseLibJars UP-TO-DATE
> Task :expo-linking:bundleReleaseLocalLintAar UP-TO-DATE
> Task :expo-notifications:mergeReleaseJniLibFolders UP-TO-DATE
> Task :expo-notifications:mergeReleaseNativeLibs NO-SOURCE
> Task :expo-notifications:stripReleaseDebugSymbols NO-SOURCE
> Task :expo-notifications:copyReleaseJniLibsProjectAndLocalJars UP-TO-DATE
> Task :expo-notifications:extractDeepLinksForAarRelease UP-TO-DATE
> Task :expo-notifications:extractReleaseAnnotations UP-TO-DATE
> Task :expo-notifications:mergeReleaseGeneratedProguardFiles UP-TO-DATE
> Task :expo-notifications:mergeReleaseConsumerProguardFiles UP-TO-DATE
> Task :expo-notifications:mergeReleaseShaders UP-TO-DATE
> Task :expo-notifications:compileReleaseShaders NO-SOURCE
> Task :expo-notifications:generateReleaseAssets UP-TO-DATE
> Task :expo-notifications:packageReleaseAssets UP-TO-DATE
> Task :expo-notifications:prepareReleaseArtProfile UP-TO-DATE
> Task :expo-notifications:mergeReleaseJavaResource UP-TO-DATE
> Task :expo-notifications:syncReleaseLibJars UP-TO-DATE
> Task :expo-notifications:bundleReleaseLocalLintAar UP-TO-DATE
> Task :expo-splash-screen:mergeReleaseJniLibFolders UP-TO-DATE
> Task :expo-splash-screen:mergeReleaseNativeLibs NO-SOURCE
> Task :expo-splash-screen:stripReleaseDebugSymbols NO-SOURCE
> Task :expo-splash-screen:copyReleaseJniLibsProjectAndLocalJars UP-TO-DATE
> Task :expo-splash-screen:extractDeepLinksForAarRelease UP-TO-DATE
> Task :expo-splash-screen:extractReleaseAnnotations UP-TO-DATE
> Task :expo-splash-screen:mergeReleaseGeneratedProguardFiles UP-TO-DATE
> Task :expo-splash-screen:mergeReleaseConsumerProguardFiles UP-TO-DATE
> Task :expo-splash-screen:mergeReleaseShaders UP-TO-DATE
> Task :expo-splash-screen:compileReleaseShaders NO-SOURCE
> Task :expo-splash-screen:generateReleaseAssets UP-TO-DATE
> Task :expo-splash-screen:packageReleaseAssets UP-TO-DATE
> Task :expo-splash-screen:prepareReleaseArtProfile UP-TO-DATE
> Task :expo-splash-screen:mergeReleaseJavaResource UP-TO-DATE
> Task :expo-splash-screen:syncReleaseLibJars UP-TO-DATE
> Task :expo-splash-screen:bundleReleaseLocalLintAar UP-TO-DATE
> Task :expo-web-browser:mergeReleaseJniLibFolders UP-TO-DATE
> Task :expo-web-browser:mergeReleaseNativeLibs NO-SOURCE
> Task :expo-web-browser:stripReleaseDebugSymbols NO-SOURCE
> Task :expo-web-browser:copyReleaseJniLibsProjectAndLocalJars UP-TO-DATE
> Task :expo-web-browser:extractDeepLinksForAarRelease UP-TO-DATE
> Task :expo-web-browser:extractReleaseAnnotations UP-TO-DATE
> Task :expo-web-browser:mergeReleaseGeneratedProguardFiles UP-TO-DATE
> Task :expo-web-browser:mergeReleaseConsumerProguardFiles UP-TO-DATE
> Task :expo-web-browser:mergeReleaseShaders UP-TO-DATE
> Task :expo-web-browser:compileReleaseShaders NO-SOURCE
> Task :expo-web-browser:generateReleaseAssets UP-TO-DATE
> Task :expo-web-browser:packageReleaseAssets UP-TO-DATE
> Task :expo-web-browser:prepareReleaseArtProfile UP-TO-DATE
> Task :expo-web-browser:mergeReleaseJavaResource UP-TO-DATE
> Task :expo-web-browser:syncReleaseLibJars UP-TO-DATE
> Task :expo-web-browser:bundleReleaseLocalLintAar UP-TO-DATE
> Task :expo-modules-core:configureCMakeRelWithDebInfo[arm64-v8a]
> Task :expo-modules-core:buildCMakeRelWithDebInfo[arm64-v8a]
> Task :expo-modules-core:configureCMakeRelWithDebInfo[armeabi-v7a]
> Task :expo-modules-core:buildCMakeRelWithDebInfo[armeabi-v7a]
> Task :expo-modules-core:configureCMakeRelWithDebInfo[x86]
> Task :expo-modules-core:buildCMakeRelWithDebInfo[x86]
> Task :expo-modules-core:configureCMakeRelWithDebInfo[x86_64]
> Task :expo-modules-core:buildCMakeRelWithDebInfo[x86_64]
> Task :expo-modules-core:mergeReleaseJniLibFolders UP-TO-DATE
> Task :expo-modules-core:mergeReleaseNativeLibs UP-TO-DATE
> Task :expo-modules-core:stripReleaseDebugSymbols UP-TO-DATE
> Task :expo-modules-core:copyReleaseJniLibsProjectAndLocalJars UP-TO-DATE
> Task :expo-modules-core:extractDeepLinksForAarRelease UP-TO-DATE
> Task :expo-modules-core:extractReleaseAnnotations UP-TO-DATE
> Task :expo-modules-core:mergeReleaseGeneratedProguardFiles UP-TO-DATE
> Task :expo-modules-core:mergeReleaseConsumerProguardFiles UP-TO-DATE
> Task :expo-modules-core:mergeReleaseShaders UP-TO-DATE
> Task :expo-modules-core:compileReleaseShaders NO-SOURCE
> Task :expo-modules-core:generateReleaseAssets UP-TO-DATE
> Task :expo-modules-core:packageReleaseAssets UP-TO-DATE
> Task :expo-modules-core:prepareReleaseArtProfile UP-TO-DATE
> Task :expo-modules-core:mergeReleaseJavaResource UP-TO-DATE
> Task :expo-modules-core:syncReleaseLibJars UP-TO-DATE
> Task :expo-modules-core:bundleReleaseLocalLintAar UP-TO-DATE
> Task :expo-application:writeReleaseLintModelMetadata UP-TO-DATE
> Task :expo-asset:writeReleaseLintModelMetadata UP-TO-DATE
> Task :expo-av:writeReleaseLintModelMetadata UP-TO-DATE
> Task :expo-blur:writeReleaseLintModelMetadata UP-TO-DATE
> Task :expo-clipboard:writeReleaseLintModelMetadata UP-TO-DATE
> Task :expo-constants:writeReleaseLintModelMetadata UP-TO-DATE
> Task :expo-crypto:writeReleaseLintModelMetadata UP-TO-DATE
> Task :expo-device:writeReleaseLintModelMetadata UP-TO-DATE
> Task :expo-file-system:writeReleaseLintModelMetadata UP-TO-DATE
> Task :expo-font:writeReleaseLintModelMetadata UP-TO-DATE
> Task :expo-haptics:writeReleaseLintModelMetadata UP-TO-DATE
> Task :expo-image-loader:writeReleaseLintModelMetadata UP-TO-DATE
> Task :expo-image-manipulator:writeReleaseLintModelMetadata UP-TO-DATE
> Task :expo-image-picker:writeReleaseLintModelMetadata UP-TO-DATE
> Task :expo-keep-awake:writeReleaseLintModelMetadata UP-TO-DATE
> Task :expo-linear-gradient:writeReleaseLintModelMetadata UP-TO-DATE
> Task :expo-linking:writeReleaseLintModelMetadata UP-TO-DATE
> Task :expo-modules-core:writeReleaseLintModelMetadata UP-TO-DATE
> Task :expo-notifications:writeReleaseLintModelMetadata UP-TO-DATE
> Task :expo-splash-screen:writeReleaseLintModelMetadata UP-TO-DATE
> Task :expo-web-browser:writeReleaseLintModelMetadata UP-TO-DATE
> Task :expo:writeReleaseLintModelMetadata UP-TO-DATE
> Task :expo-application:lintVitalAnalyzeRelease UP-TO-DATE
> Task :expo-asset:lintVitalAnalyzeRelease UP-TO-DATE
> Task :expo-av:lintVitalAnalyzeRelease UP-TO-DATE
> Task :expo-blur:lintVitalAnalyzeRelease UP-TO-DATE
> Task :expo-clipboard:lintVitalAnalyzeRelease UP-TO-DATE
> Task :expo-constants:lintVitalAnalyzeRelease UP-TO-DATE
> Task :expo-crypto:lintVitalAnalyzeRelease UP-TO-DATE
> Task :expo-device:lintVitalAnalyzeRelease UP-TO-DATE
> Task :expo-file-system:lintVitalAnalyzeRelease UP-TO-DATE
> Task :expo-font:lintVitalAnalyzeRelease UP-TO-DATE
> Task :expo-haptics:lintVitalAnalyzeRelease UP-TO-DATE
> Task :expo-image-loader:lintVitalAnalyzeRelease UP-TO-DATE
> Task :expo-image-manipulator:lintVitalAnalyzeRelease UP-TO-DATE
> Task :expo-image-picker:lintVitalAnalyzeRelease UP-TO-DATE
> Task :expo-keep-awake:lintVitalAnalyzeRelease UP-TO-DATE
> Task :expo-linear-gradient:lintVitalAnalyzeRelease UP-TO-DATE
> Task :expo-linking:lintVitalAnalyzeRelease UP-TO-DATE
> Task :expo-modules-core:lintVitalAnalyzeRelease UP-TO-DATE
> Task :expo-notifications:lintVitalAnalyzeRelease UP-TO-DATE
> Task :expo-splash-screen:lintVitalAnalyzeRelease UP-TO-DATE
> Task :expo-web-browser:lintVitalAnalyzeRelease UP-TO-DATE
> Task :livekit_react-native-webrtc:writeReleaseLintModelMetadata UP-TO-DATE
> Task :livekit_react-native:lintVitalAnalyzeRelease UP-TO-DATE
> Task :livekit_react-native:writeReleaseLintModelMetadata UP-TO-DATE
> Task :livekit_react-native-webrtc:lintVitalAnalyzeRelease UP-TO-DATE
> Task :lottie-react-native:lintVitalAnalyzeRelease UP-TO-DATE
> Task :lottie-react-native:writeReleaseLintModelMetadata UP-TO-DATE
> Task :react-native-async-storage_async-storage:lintVitalAnalyzeRelease UP-TO-DATE
> Task :react-native-async-storage_async-storage:writeReleaseLintModelMetadata UP-TO-DATE
> Task :react-native-community_datetimepicker:lintVitalAnalyzeRelease UP-TO-DATE
> Task :react-native-community_datetimepicker:writeReleaseLintModelMetadata UP-TO-DATE
> Task :react-native-firebase_app:writeReleaseLintModelMetadata UP-TO-DATE
> Task :react-native-firebase_analytics:lintVitalAnalyzeRelease UP-TO-DATE
> Task :react-native-firebase_analytics:writeReleaseLintModelMetadata UP-TO-DATE
> Task :react-native-firebase_app:lintVitalAnalyzeRelease UP-TO-DATE
> Task :react-native-firebase_crashlytics:lintVitalAnalyzeRelease UP-TO-DATE
> Task :react-native-firebase_crashlytics:writeReleaseLintModelMetadata UP-TO-DATE
> Task :react-native-reanimated:writeReleaseLintModelMetadata UP-TO-DATE
> Task :react-native-gesture-handler:lintVitalAnalyzeRelease UP-TO-DATE
> Task :react-native-gesture-handler:writeReleaseLintModelMetadata UP-TO-DATE
> Task :react-native-google-signin_google-signin:lintVitalAnalyzeRelease UP-TO-DATE
> Task :react-native-google-signin_google-signin:writeReleaseLintModelMetadata UP-TO-DATE
> Task :react-native-keyboard-controller:lintVitalAnalyzeRelease UP-TO-DATE
> Task :react-native-keyboard-controller:writeReleaseLintModelMetadata UP-TO-DATE
> Task :react-native-masked-view_masked-view:lintVitalAnalyzeRelease UP-TO-DATE
> Task :react-native-masked-view_masked-view:writeReleaseLintModelMetadata UP-TO-DATE
> Task :react-native-purchases:lintVitalAnalyzeRelease UP-TO-DATE
> Task :react-native-purchases:writeReleaseLintModelMetadata UP-TO-DATE
> Task :react-native-reanimated:lintVitalAnalyzeRelease UP-TO-DATE
> Task :react-native-safe-area-context:lintVitalAnalyzeRelease UP-TO-DATE
> Task :react-native-safe-area-context:writeReleaseLintModelMetadata UP-TO-DATE
> Task :react-native-screens:lintVitalAnalyzeRelease UP-TO-DATE
> Task :react-native-screens:writeReleaseLintModelMetadata UP-TO-DATE
> Task :react-native-webview:lintVitalAnalyzeRelease UP-TO-DATE
> Task :react-native-webview:writeReleaseLintModelMetadata UP-TO-DATE
> Task :expo:generateReleaseLintVitalModel UP-TO-DATE
> Task :expo-application:generateReleaseLintVitalModel UP-TO-DATE
> Task :expo-asset:generateReleaseLintVitalModel UP-TO-DATE
> Task :expo-av:generateReleaseLintVitalModel UP-TO-DATE
> Task :expo-blur:generateReleaseLintVitalModel UP-TO-DATE
> Task :expo-clipboard:generateReleaseLintVitalModel UP-TO-DATE
> Task :expo-constants:generateReleaseLintVitalModel UP-TO-DATE
> Task :expo-crypto:generateReleaseLintVitalModel UP-TO-DATE
> Task :expo-device:generateReleaseLintVitalModel UP-TO-DATE
> Task :expo-file-system:generateReleaseLintVitalModel UP-TO-DATE
> Task :expo-font:generateReleaseLintVitalModel UP-TO-DATE
> Task :expo-haptics:generateReleaseLintVitalModel UP-TO-DATE
> Task :expo-image-loader:generateReleaseLintVitalModel UP-TO-DATE
> Task :expo-image-manipulator:generateReleaseLintVitalModel UP-TO-DATE
> Task :expo-image-picker:generateReleaseLintVitalModel UP-TO-DATE
> Task :expo-keep-awake:generateReleaseLintVitalModel UP-TO-DATE
> Task :expo-linear-gradient:generateReleaseLintVitalModel UP-TO-DATE
> Task :expo-linking:generateReleaseLintVitalModel UP-TO-DATE
> Task :expo-modules-core:generateReleaseLintVitalModel UP-TO-DATE
> Task :expo-notifications:generateReleaseLintVitalModel UP-TO-DATE
> Task :expo-splash-screen:generateReleaseLintVitalModel UP-TO-DATE
> Task :expo-web-browser:generateReleaseLintVitalModel UP-TO-DATE
> Task :livekit_react-native:generateReleaseLintVitalModel UP-TO-DATE
> Task :livekit_react-native-webrtc:generateReleaseLintVitalModel UP-TO-DATE
> Task :lottie-react-native:generateReleaseLintVitalModel UP-TO-DATE
> Task :react-native-async-storage_async-storage:generateReleaseLintVitalModel UP-TO-DATE
> Task :react-native-community_datetimepicker:generateReleaseLintVitalModel UP-TO-DATE
> Task :react-native-firebase_analytics:generateReleaseLintVitalModel UP-TO-DATE
> Task :react-native-firebase_app:generateReleaseLintVitalModel UP-TO-DATE
> Task :react-native-firebase_crashlytics:generateReleaseLintVitalModel UP-TO-DATE
> Task :react-native-gesture-handler:generateReleaseLintVitalModel UP-TO-DATE
> Task :react-native-google-signin_google-signin:generateReleaseLintVitalModel UP-TO-DATE
> Task :react-native-keyboard-controller:generateReleaseLintVitalModel UP-TO-DATE
> Task :react-native-masked-view_masked-view:generateReleaseLintVitalModel UP-TO-DATE
> Task :react-native-purchases:generateReleaseLintVitalModel UP-TO-DATE
> Task :react-native-reanimated:generateReleaseLintVitalModel UP-TO-DATE
> Task :react-native-safe-area-context:generateReleaseLintVitalModel UP-TO-DATE
> Task :react-native-screens:generateReleaseLintVitalModel UP-TO-DATE
> Task :react-native-webview:generateReleaseLintVitalModel UP-TO-DATE
> Task :app:mergeReleaseJniLibFolders UP-TO-DATE
> Task :expo:copyReleaseJniLibsProjectOnly UP-TO-DATE
> Task :expo-application:copyReleaseJniLibsProjectOnly UP-TO-DATE
> Task :expo-asset:copyReleaseJniLibsProjectOnly UP-TO-DATE
> Task :expo-av:copyReleaseJniLibsProjectOnly UP-TO-DATE
> Task :expo-blur:copyReleaseJniLibsProjectOnly UP-TO-DATE
> Task :expo-clipboard:copyReleaseJniLibsProjectOnly UP-TO-DATE
> Task :expo-constants:copyReleaseJniLibsProjectOnly UP-TO-DATE
> Task :expo-crypto:copyReleaseJniLibsProjectOnly UP-TO-DATE
> Task :expo-device:copyReleaseJniLibsProjectOnly UP-TO-DATE
> Task :expo-file-system:copyReleaseJniLibsProjectOnly UP-TO-DATE
> Task :expo-font:copyReleaseJniLibsProjectOnly UP-TO-DATE
> Task :expo-haptics:copyReleaseJniLibsProjectOnly UP-TO-DATE
> Task :expo-image-loader:copyReleaseJniLibsProjectOnly UP-TO-DATE
> Task :expo-image-manipulator:copyReleaseJniLibsProjectOnly UP-TO-DATE
> Task :expo-image-picker:copyReleaseJniLibsProjectOnly UP-TO-DATE
> Task :expo-keep-awake:copyReleaseJniLibsProjectOnly UP-TO-DATE
> Task :expo-linear-gradient:copyReleaseJniLibsProjectOnly UP-TO-DATE
> Task :expo-linking:copyReleaseJniLibsProjectOnly UP-TO-DATE
> Task :expo-modules-core:copyReleaseJniLibsProjectOnly UP-TO-DATE
> Task :app:processReleaseResources
> Task :expo-notifications:copyReleaseJniLibsProjectOnly UP-TO-DATE
> Task :expo-splash-screen:copyReleaseJniLibsProjectOnly UP-TO-DATE
> Task :expo-web-browser:copyReleaseJniLibsProjectOnly UP-TO-DATE
> Task :livekit_react-native:copyReleaseJniLibsProjectOnly UP-TO-DATE
> Task :livekit_react-native-webrtc:copyReleaseJniLibsProjectOnly UP-TO-DATE
> Task :lottie-react-native:copyReleaseJniLibsProjectOnly UP-TO-DATE
> Task :react-native-async-storage_async-storage:copyReleaseJniLibsProjectOnly UP-TO-DATE
> Task :react-native-community_datetimepicker:copyReleaseJniLibsProjectOnly UP-TO-DATE
> Task :react-native-firebase_analytics:copyReleaseJniLibsProjectOnly UP-TO-DATE
> Task :react-native-firebase_app:copyReleaseJniLibsProjectOnly UP-TO-DATE
> Task :react-native-firebase_crashlytics:copyReleaseJniLibsProjectOnly UP-TO-DATE
> Task :react-native-gesture-handler:copyReleaseJniLibsProjectOnly UP-TO-DATE
> Task :react-native-google-signin_google-signin:copyReleaseJniLibsProjectOnly UP-TO-DATE
> Task :react-native-keyboard-controller:copyReleaseJniLibsProjectOnly UP-TO-DATE
> Task :react-native-masked-view_masked-view:copyReleaseJniLibsProjectOnly UP-TO-DATE
> Task :react-native-purchases:copyReleaseJniLibsProjectOnly UP-TO-DATE
> Task :react-native-reanimated:copyReleaseJniLibsProjectOnly UP-TO-DATE
> Task :react-native-safe-area-context:copyReleaseJniLibsProjectOnly UP-TO-DATE
> Task :react-native-screens:copyReleaseJniLibsProjectOnly UP-TO-DATE
> Task :react-native-webview:copyReleaseJniLibsProjectOnly UP-TO-DATE
> Task :app:mergeReleaseNativeLibs UP-TO-DATE
> Task :app:stripReleaseDebugSymbols UP-TO-DATE
> Task :app:extractReleaseNativeSymbolTables UP-TO-DATE
> Task :app:mergeReleaseNativeDebugMetadata UP-TO-DATE
> Task :livekit_react-native:bundleLibRuntimeToDirRelease UP-TO-DATE
> Task :react-native-google-signin_google-signin:bundleLibRuntimeToDirRelease UP-TO-DATE
> Task :expo:bundleLibRuntimeToDirRelease UP-TO-DATE
> Task :lottie-react-native:bundleLibRuntimeToDirRelease UP-TO-DATE
> Task :react-native-gesture-handler:bundleLibRuntimeToDirRelease UP-TO-DATE
> Task :react-native-keyboard-controller:bundleLibRuntimeToDirRelease UP-TO-DATE
> Task :react-native-safe-area-context:bundleLibRuntimeToDirRelease UP-TO-DATE
> Task :react-native-screens:bundleLibRuntimeToDirRelease UP-TO-DATE
> Task :react-native-webview:bundleLibRuntimeToDirRelease UP-TO-DATE
> Task :livekit_react-native-webrtc:bundleLibRuntimeToDirRelease UP-TO-DATE
> Task :react-native-async-storage_async-storage:bundleLibRuntimeToDirRelease UP-TO-DATE
> Task :react-native-community_datetimepicker:bundleLibRuntimeToDirRelease UP-TO-DATE
> Task :react-native-firebase_analytics:bundleLibRuntimeToDirRelease UP-TO-DATE
> Task :react-native-firebase_crashlytics:bundleLibRuntimeToDirRelease UP-TO-DATE
> Task :react-native-firebase_app:bundleLibRuntimeToDirRelease UP-TO-DATE
> Task :react-native-masked-view_masked-view:bundleLibRuntimeToDirRelease UP-TO-DATE
> Task :react-native-purchases:bundleLibRuntimeToDirRelease UP-TO-DATE
> Task :react-native-reanimated:bundleLibRuntimeToDirRelease UP-TO-DATE
> Task :expo-application:bundleLibRuntimeToDirRelease UP-TO-DATE
> Task :expo-asset:bundleLibRuntimeToDirRelease UP-TO-DATE
> Task :expo-av:bundleLibRuntimeToDirRelease UP-TO-DATE
> Task :expo-blur:bundleLibRuntimeToDirRelease UP-TO-DATE
> Task :expo-clipboard:bundleLibRuntimeToDirRelease UP-TO-DATE
> Task :expo-constants:bundleLibRuntimeToDirRelease UP-TO-DATE
> Task :expo-crypto:bundleLibRuntimeToDirRelease UP-TO-DATE
> Task :expo-device:bundleLibRuntimeToDirRelease UP-TO-DATE
> Task :expo-file-system:bundleLibRuntimeToDirRelease UP-TO-DATE
> Task :expo-font:bundleLibRuntimeToDirRelease UP-TO-DATE
> Task :expo-haptics:bundleLibRuntimeToDirRelease UP-TO-DATE
> Task :expo-image-loader:bundleLibRuntimeToDirRelease UP-TO-DATE
> Task :expo-image-manipulator:bundleLibRuntimeToDirRelease UP-TO-DATE
> Task :expo-image-picker:bundleLibRuntimeToDirRelease UP-TO-DATE
> Task :expo-keep-awake:bundleLibRuntimeToDirRelease UP-TO-DATE
> Task :expo-linear-gradient:bundleLibRuntimeToDirRelease UP-TO-DATE
> Task :expo-linking:bundleLibRuntimeToDirRelease UP-TO-DATE
> Task :expo-notifications:bundleLibRuntimeToDirRelease UP-TO-DATE
> Task :expo-splash-screen:bundleLibRuntimeToDirRelease UP-TO-DATE
> Task :expo-web-browser:bundleLibRuntimeToDirRelease UP-TO-DATE
> Task :expo-modules-core:bundleLibRuntimeToDirRelease UP-TO-DATE
> Task :app:checkReleaseDuplicateClasses UP-TO-DATE
> Task :app:desugarReleaseFileDependencies UP-TO-DATE
> Task :app:mergeReleaseStartupProfile UP-TO-DATE
> Task :app:mergeExtDexRelease UP-TO-DATE
> Task :app:mergeReleaseArtProfile UP-TO-DATE
> Task :app:mergeReleaseShaders UP-TO-DATE
> Task :app:compileReleaseShaders NO-SOURCE
> Task :app:generateReleaseAssets UP-TO-DATE
> Task :app:mergeReleaseAssets
> Task :app:extractReleaseVersionControlInfo UP-TO-DATE
> Task :app:collectReleaseDependencies UP-TO-DATE
> Task :app:sdkReleaseDependencyData UP-TO-DATE
> Task :app:validateSigningRelease UP-TO-DATE
> Task :app:writeReleaseAppMetadata UP-TO-DATE
> Task :app:writeReleaseSigningConfigVersions UP-TO-DATE
> Task :expo:bundleReleaseAar UP-TO-DATE
> Task :expo:mapReleaseSourceSetPaths UP-TO-DATE
> Task :expo:mergeReleaseResources UP-TO-DATE
> Task :expo:verifyReleaseResources UP-TO-DATE
> Task :expo:assembleRelease UP-TO-DATE
> Task :expo-application:bundleReleaseAar UP-TO-DATE
> Task :expo-application:mapReleaseSourceSetPaths UP-TO-DATE
> Task :expo-application:mergeReleaseResources UP-TO-DATE
> Task :expo-application:verifyReleaseResources UP-TO-DATE
> Task :expo-application:assembleRelease UP-TO-DATE
> Task :expo-asset:bundleReleaseAar UP-TO-DATE
> Task :expo-asset:mapReleaseSourceSetPaths UP-TO-DATE
> Task :expo-asset:mergeReleaseResources UP-TO-DATE
> Task :expo-asset:verifyReleaseResources UP-TO-DATE
> Task :expo-asset:assembleRelease UP-TO-DATE
> Task :expo-av:bundleReleaseAar UP-TO-DATE
> Task :expo-av:mapReleaseSourceSetPaths UP-TO-DATE
> Task :expo-av:mergeReleaseResources UP-TO-DATE
> Task :expo-av:verifyReleaseResources UP-TO-DATE
> Task :expo-av:assembleRelease UP-TO-DATE
> Task :expo-blur:bundleReleaseAar UP-TO-DATE
> Task :expo-blur:mapReleaseSourceSetPaths UP-TO-DATE
> Task :expo-blur:mergeReleaseResources UP-TO-DATE
> Task :expo-blur:verifyReleaseResources UP-TO-DATE
> Task :expo-blur:assembleRelease UP-TO-DATE
> Task :expo-clipboard:bundleReleaseAar UP-TO-DATE
> Task :expo-clipboard:mapReleaseSourceSetPaths UP-TO-DATE
> Task :expo-clipboard:mergeReleaseResources UP-TO-DATE
> Task :expo-clipboard:verifyReleaseResources UP-TO-DATE
> Task :expo-clipboard:assembleRelease UP-TO-DATE
> Task :expo-constants:bundleReleaseAar
> Task :expo-constants:mapReleaseSourceSetPaths UP-TO-DATE
> Task :expo-constants:mergeReleaseResources UP-TO-DATE
> Task :expo-constants:verifyReleaseResources UP-TO-DATE
> Task :expo-constants:assembleRelease
> Task :expo-crypto:bundleReleaseAar UP-TO-DATE
> Task :expo-crypto:mapReleaseSourceSetPaths UP-TO-DATE
> Task :expo-crypto:mergeReleaseResources UP-TO-DATE
> Task :expo-crypto:verifyReleaseResources UP-TO-DATE
> Task :expo-crypto:assembleRelease UP-TO-DATE
> Task :expo-device:bundleReleaseAar UP-TO-DATE
> Task :expo-device:mapReleaseSourceSetPaths UP-TO-DATE
> Task :app:compressReleaseAssets
> Task :expo-device:mergeReleaseResources UP-TO-DATE
> Task :expo-device:verifyReleaseResources UP-TO-DATE
> Task :expo-device:assembleRelease UP-TO-DATE
> Task :expo-file-system:bundleReleaseAar UP-TO-DATE
> Task :expo-file-system:mapReleaseSourceSetPaths UP-TO-DATE
> Task :expo-file-system:mergeReleaseResources UP-TO-DATE
> Task :expo-file-system:verifyReleaseResources UP-TO-DATE
> Task :expo-file-system:assembleRelease UP-TO-DATE
> Task :expo-font:bundleReleaseAar UP-TO-DATE
> Task :expo-font:mapReleaseSourceSetPaths UP-TO-DATE
> Task :expo-font:mergeReleaseResources UP-TO-DATE
> Task :expo-font:verifyReleaseResources UP-TO-DATE
> Task :expo-font:assembleRelease UP-TO-DATE
> Task :expo-haptics:bundleReleaseAar UP-TO-DATE
> Task :expo-haptics:mapReleaseSourceSetPaths UP-TO-DATE
> Task :expo-haptics:mergeReleaseResources UP-TO-DATE
> Task :expo-haptics:verifyReleaseResources UP-TO-DATE
> Task :expo-haptics:assembleRelease UP-TO-DATE
> Task :expo-image-loader:bundleReleaseAar UP-TO-DATE
> Task :expo-image-loader:mapReleaseSourceSetPaths UP-TO-DATE
> Task :expo-image-loader:mergeReleaseResources UP-TO-DATE
> Task :expo-image-loader:verifyReleaseResources UP-TO-DATE
> Task :expo-image-loader:assembleRelease UP-TO-DATE
> Task :expo-image-manipulator:bundleReleaseAar UP-TO-DATE
> Task :expo-image-manipulator:mapReleaseSourceSetPaths UP-TO-DATE
> Task :expo-image-manipulator:mergeReleaseResources UP-TO-DATE
> Task :expo-image-manipulator:verifyReleaseResources UP-TO-DATE
> Task :expo-image-manipulator:assembleRelease UP-TO-DATE
> Task :expo-image-picker:bundleReleaseAar UP-TO-DATE
> Task :expo-image-picker:mapReleaseSourceSetPaths UP-TO-DATE
> Task :expo-image-picker:mergeReleaseResources UP-TO-DATE
> Task :expo-image-picker:verifyReleaseResources UP-TO-DATE
> Task :expo-image-picker:assembleRelease UP-TO-DATE
> Task :expo-keep-awake:bundleReleaseAar UP-TO-DATE
> Task :expo-keep-awake:mapReleaseSourceSetPaths UP-TO-DATE
> Task :expo-keep-awake:mergeReleaseResources UP-TO-DATE
> Task :expo-keep-awake:verifyReleaseResources UP-TO-DATE
> Task :expo-keep-awake:assembleRelease UP-TO-DATE
> Task :expo-linear-gradient:bundleReleaseAar UP-TO-DATE
> Task :expo-linear-gradient:mapReleaseSourceSetPaths UP-TO-DATE
> Task :expo-linear-gradient:mergeReleaseResources UP-TO-DATE
> Task :expo-linear-gradient:verifyReleaseResources UP-TO-DATE
> Task :expo-linear-gradient:assembleRelease UP-TO-DATE
> Task :expo-linking:bundleReleaseAar UP-TO-DATE
> Task :expo-linking:mapReleaseSourceSetPaths UP-TO-DATE
> Task :expo-linking:mergeReleaseResources UP-TO-DATE
> Task :expo-linking:verifyReleaseResources UP-TO-DATE
> Task :expo-linking:assembleRelease UP-TO-DATE
> Task :expo-modules-core:bundleReleaseAar UP-TO-DATE
> Task :expo-modules-core:mapReleaseSourceSetPaths UP-TO-DATE
> Task :expo-modules-core:mergeReleaseResources UP-TO-DATE
> Task :expo-modules-core:verifyReleaseResources UP-TO-DATE
> Task :expo-modules-core:assembleRelease UP-TO-DATE
> Task :expo-notifications:bundleReleaseAar UP-TO-DATE
> Task :expo-notifications:mapReleaseSourceSetPaths UP-TO-DATE
> Task :expo-notifications:mergeReleaseResources UP-TO-DATE
> Task :expo-notifications:verifyReleaseResources UP-TO-DATE
> Task :expo-notifications:assembleRelease UP-TO-DATE
> Task :expo-splash-screen:bundleReleaseAar UP-TO-DATE
> Task :expo-splash-screen:mapReleaseSourceSetPaths UP-TO-DATE
> Task :expo-splash-screen:mergeReleaseResources UP-TO-DATE
> Task :expo-splash-screen:verifyReleaseResources UP-TO-DATE
> Task :expo-splash-screen:assembleRelease UP-TO-DATE
> Task :expo-web-browser:bundleReleaseAar UP-TO-DATE
> Task :expo-web-browser:mapReleaseSourceSetPaths UP-TO-DATE
> Task :expo-web-browser:mergeReleaseResources UP-TO-DATE
> Task :expo-web-browser:verifyReleaseResources UP-TO-DATE
> Task :expo-web-browser:assembleRelease UP-TO-DATE
> Task :livekit_react-native:bundleReleaseAar UP-TO-DATE
> Task :livekit_react-native:mapReleaseSourceSetPaths UP-TO-DATE
> Task :livekit_react-native:mergeReleaseResources UP-TO-DATE
> Task :livekit_react-native:verifyReleaseResources UP-TO-DATE
> Task :livekit_react-native:assembleRelease UP-TO-DATE
> Task :livekit_react-native-webrtc:bundleReleaseAar UP-TO-DATE
> Task :livekit_react-native-webrtc:mapReleaseSourceSetPaths UP-TO-DATE
> Task :livekit_react-native-webrtc:mergeReleaseResources UP-TO-DATE
> Task :livekit_react-native-webrtc:verifyReleaseResources UP-TO-DATE
> Task :livekit_react-native-webrtc:assembleRelease UP-TO-DATE
> Task :lottie-react-native:bundleReleaseAar UP-TO-DATE
> Task :lottie-react-native:mapReleaseSourceSetPaths UP-TO-DATE
> Task :lottie-react-native:mergeReleaseResources UP-TO-DATE
> Task :lottie-react-native:verifyReleaseResources UP-TO-DATE
> Task :lottie-react-native:assembleRelease UP-TO-DATE
> Task :react-native-async-storage_async-storage:bundleReleaseAar UP-TO-DATE
> Task :react-native-async-storage_async-storage:mapReleaseSourceSetPaths UP-TO-DATE
> Task :react-native-async-storage_async-storage:mergeReleaseResources UP-TO-DATE
> Task :react-native-async-storage_async-storage:verifyReleaseResources UP-TO-DATE
> Task :react-native-async-storage_async-storage:assembleRelease UP-TO-DATE
> Task :react-native-community_datetimepicker:bundleReleaseAar UP-TO-DATE
> Task :react-native-community_datetimepicker:mapReleaseSourceSetPaths UP-TO-DATE
> Task :react-native-community_datetimepicker:mergeReleaseResources UP-TO-DATE
> Task :react-native-community_datetimepicker:verifyReleaseResources UP-TO-DATE
> Task :react-native-community_datetimepicker:assembleRelease UP-TO-DATE
> Task :react-native-firebase_analytics:bundleReleaseAar UP-TO-DATE
> Task :react-native-firebase_analytics:mapReleaseSourceSetPaths UP-TO-DATE
> Task :react-native-firebase_analytics:mergeReleaseResources UP-TO-DATE
> Task :react-native-firebase_analytics:verifyReleaseResources UP-TO-DATE
> Task :react-native-firebase_analytics:assembleRelease UP-TO-DATE
> Task :react-native-firebase_app:bundleReleaseAar UP-TO-DATE
> Task :react-native-firebase_app:mapReleaseSourceSetPaths UP-TO-DATE
> Task :react-native-firebase_app:mergeReleaseResources UP-TO-DATE
> Task :react-native-firebase_app:verifyReleaseResources UP-TO-DATE
> Task :react-native-firebase_app:assembleRelease UP-TO-DATE
> Task :react-native-firebase_crashlytics:bundleReleaseAar UP-TO-DATE
> Task :react-native-firebase_crashlytics:mapReleaseSourceSetPaths UP-TO-DATE
> Task :react-native-firebase_crashlytics:mergeReleaseResources UP-TO-DATE
> Task :react-native-firebase_crashlytics:verifyReleaseResources UP-TO-DATE
> Task :react-native-firebase_crashlytics:assembleRelease UP-TO-DATE
> Task :react-native-gesture-handler:bundleReleaseAar UP-TO-DATE
> Task :react-native-gesture-handler:mapReleaseSourceSetPaths UP-TO-DATE
> Task :react-native-gesture-handler:mergeReleaseResources UP-TO-DATE
> Task :react-native-gesture-handler:verifyReleaseResources UP-TO-DATE
> Task :react-native-gesture-handler:assembleRelease UP-TO-DATE
> Task :react-native-google-signin_google-signin:bundleReleaseAar UP-TO-DATE
> Task :react-native-google-signin_google-signin:mapReleaseSourceSetPaths UP-TO-DATE
> Task :react-native-google-signin_google-signin:mergeReleaseResources UP-TO-DATE
> Task :react-native-google-signin_google-signin:verifyReleaseResources UP-TO-DATE
> Task :react-native-google-signin_google-signin:assembleRelease UP-TO-DATE
> Task :react-native-keyboard-controller:bundleReleaseAar UP-TO-DATE
> Task :react-native-keyboard-controller:mapReleaseSourceSetPaths UP-TO-DATE
> Task :react-native-keyboard-controller:mergeReleaseResources UP-TO-DATE
> Task :react-native-keyboard-controller:verifyReleaseResources UP-TO-DATE
> Task :react-native-keyboard-controller:assembleRelease UP-TO-DATE
> Task :react-native-masked-view_masked-view:bundleReleaseAar UP-TO-DATE
> Task :react-native-masked-view_masked-view:mapReleaseSourceSetPaths UP-TO-DATE
> Task :react-native-masked-view_masked-view:mergeReleaseResources UP-TO-DATE
> Task :react-native-masked-view_masked-view:verifyReleaseResources UP-TO-DATE
> Task :react-native-masked-view_masked-view:assembleRelease UP-TO-DATE
> Task :react-native-purchases:bundleReleaseAar UP-TO-DATE
> Task :react-native-purchases:mapReleaseSourceSetPaths UP-TO-DATE
> Task :react-native-purchases:mergeReleaseResources UP-TO-DATE
> Task :react-native-purchases:verifyReleaseResources UP-TO-DATE
> Task :react-native-purchases:assembleRelease UP-TO-DATE
> Task :react-native-reanimated:bundleReleaseAar UP-TO-DATE
> Task :react-native-reanimated:mapReleaseSourceSetPaths UP-TO-DATE
> Task :react-native-reanimated:mergeReleaseResources UP-TO-DATE
> Task :app:optimizeReleaseResources
> Task :react-native-reanimated:verifyReleaseResources UP-TO-DATE
> Task :react-native-reanimated:assembleRelease UP-TO-DATE
> Task :react-native-safe-area-context:bundleReleaseAar UP-TO-DATE
> Task :react-native-safe-area-context:mapReleaseSourceSetPaths UP-TO-DATE
> Task :react-native-safe-area-context:mergeReleaseResources UP-TO-DATE
> Task :react-native-safe-area-context:verifyReleaseResources UP-TO-DATE
> Task :react-native-safe-area-context:assembleRelease UP-TO-DATE
> Task :react-native-screens:bundleReleaseAar UP-TO-DATE
> Task :react-native-screens:mapReleaseSourceSetPaths UP-TO-DATE
> Task :react-native-screens:mergeReleaseResources UP-TO-DATE
> Task :react-native-screens:verifyReleaseResources UP-TO-DATE
> Task :react-native-screens:assembleRelease UP-TO-DATE
> Task :react-native-webview:bundleReleaseAar UP-TO-DATE
> Task :react-native-webview:mapReleaseSourceSetPaths UP-TO-DATE
> Task :react-native-webview:mergeReleaseResources UP-TO-DATE
> Task :react-native-webview:verifyReleaseResources UP-TO-DATE
> Task :react-native-webview:assembleRelease UP-TO-DATE
> Task :app:compileReleaseKotlin
> Task :expo:lintVitalAnalyzeRelease
> Task :app:compileReleaseJavaWithJavac
> Task :app:generateReleaseLintVitalReportModel
> Task :app:dexBuilderRelease
> Task :app:mergeReleaseGlobalSynthetics UP-TO-DATE
> Task :app:processReleaseJavaRes UP-TO-DATE
> Task :app:mergeReleaseJavaResource UP-TO-DATE
> Task :app:lintVitalAnalyzeRelease
> Task :app:lintVitalReportRelease
> Task :app:lintVitalRelease
> Task :app:mergeDexRelease
> Task :app:compileReleaseArtProfile
> Task :app:packageRelease
> Task :app:createReleaseApkListingFileRedirect
> Task :app:assembleRelease

Deprecated Gradle features were used in this build, making it incompatible with Gradle 9.0.

You can use '--warning-mode all' to show the individual deprecation warnings and determine if they come from your own scripts or plugins.

For more on this, please refer to https://docs.gradle.org/8.10.2/userguide/command_line_interface.html#sec:command_line_warnings in the Gradle documentation.

BUİLD SUCCESSFUL in 1m 30s
1730 actionable tasks: 94 executed, 1636 up-to-date
