To honour the JVM settings for this build a single-use Daemon process will be forked. For more on this, please refer to https://docs.gradle.org/8.10.2/userguide/gradle_daemon.html#sec:disabling_the_daemon in the Gradle documentation.
Daemon will be stopped at the end of the build 
> Task :gradle-plugin:settings-plugin:checkKotlinGradlePluginConfigurationErrors
> Task :gradle-plugin:shared:checkKotlinGradlePluginConfigurationErrors
> Task :gradle-plugin:shared:compileKotlin UP-TO-DATE
> Task :gradle-plugin:shared:compileJava NO-SOURCE
> Task :gradle-plugin:shared:processResources NO-SOURCE
> Task :gradle-plugin:shared:classes UP-TO-DATE
> Task :gradle-plugin:shared:jar UP-TO-DATE
> Task :gradle-plugin:settings-plugin:compileKotlin UP-TO-DATE
> Task :gradle-plugin:settings-plugin:compileJava NO-SOURCE
> Task :gradle-plugin:settings-plugin:pluginDescriptors UP-TO-DATE
> Task :gradle-plugin:settings-plugin:processResources UP-TO-DATE
> Task :gradle-plugin:settings-plugin:classes UP-TO-DATE
> Task :gradle-plugin:settings-plugin:jar UP-TO-DATE
> Task :gradle-plugin:react-native-gradle-plugin:checkKotlinGradlePluginConfigurationErrors
> Task :gradle-plugin:react-native-gradle-plugin:compileKotlin UP-TO-DATE
> Task :gradle-plugin:react-native-gradle-plugin:compileJava NO-SOURCE
> Task :gradle-plugin:react-native-gradle-plugin:pluginDescriptors UP-TO-DATE
> Task :gradle-plugin:react-native-gradle-plugin:processResources UP-TO-DATE
> Task :gradle-plugin:react-native-gradle-plugin:classes UP-TO-DATE
> Task :gradle-plugin:react-native-gradle-plugin:jar UP-TO-DATE

> Configure project :expo

Using expo modules
  - [32mexpo-application[0m (6.0.2)
  - [32mexpo-asset[0m (11.0.5)
  - [32mexpo-av[0m (15.0.2)
  - [32mexpo-blur[0m (14.0.3)
  - [32mexpo-clipboard[0m (7.0.1)
  - [32mexpo-constants[0m (17.0.8)
  - [32mexpo-crypto[0m (14.0.2)
  - [32mexpo-device[0m (7.0.3)
  - [32mexpo-file-system[0m (18.0.12)
  - [32mexpo-font[0m (13.0.4)
  - [32mexpo-haptics[0m (14.0.1)
  - [32mexpo-image-loader[0m (5.0.0)
  - [32mexpo-image-manipulator[0m (13.0.6)
  - [32mexpo-image-picker[0m (16.0.6)
  - [32mexpo-keep-awake[0m (14.0.3)
  - [32mexpo-linear-gradient[0m (14.0.2)
  - [32mexpo-linking[0m (7.0.5)
  - [32mexpo-modules-core[0m (2.0.0)
  - [32mexpo-notifications[0m (0.29.14)
  - [32mexpo-splash-screen[0m (0.29.24)
  - [32mexpo-web-browser[0m (14.0.2)


> Configure project :react-native-firebase_analytics
:react-native-firebase_analytics package.json found at C:\SopranoChat\node_modules\@react-native-firebase\analytics\package.json
:react-native-firebase_app package.json found at C:\SopranoChat\node_modules\@react-native-firebase\app\package.json
:react-native-firebase_analytics:firebase.bom using default value: 33.12.0
:react-native-firebase_analytics package.json found at C:\SopranoChat\node_modules\@react-native-firebase\analytics\package.json
:react-native-firebase_analytics:version set from package.json: 21.14.0 (21,14,0 - 21014000)
:react-native-firebase_analytics:android.compileSdk using custom value: 35
:react-native-firebase_analytics:android.targetSdk using custom value: 35
:react-native-firebase_analytics:android.minSdk using custom value: 24
:react-native-firebase_analytics:reactNativeAndroidDir C:\SopranoChat\node_modules\react-native\android

> Configure project :react-native-firebase_app
:react-native-firebase_app package.json found at C:\SopranoChat\node_modules\@react-native-firebase\app\package.json
:react-native-firebase_app:firebase.bom using default value: 33.12.0
:react-native-firebase_app:play.play-services-auth using default value: 21.3.0
:react-native-firebase_app package.json found at C:\SopranoChat\node_modules\@react-native-firebase\app\package.json
:react-native-firebase_app:version set from package.json: 21.14.0 (21,14,0 - 21014000)
:react-native-firebase_app:android.compileSdk using custom value: 35
:react-native-firebase_app:android.targetSdk using custom value: 35
:react-native-firebase_app:android.minSdk using custom value: 24
:react-native-firebase_app:reactNativeAndroidDir C:\SopranoChat\node_modules\react-native\android

> Configure project :react-native-firebase_crashlytics
:react-native-firebase_crashlytics package.json found at C:\SopranoChat\node_modules\@react-native-firebase\crashlytics\package.json
:react-native-firebase_app package.json found at C:\SopranoChat\node_modules\@react-native-firebase\app\package.json
:react-native-firebase_crashlytics:firebase.bom using default value: 33.12.0
:react-native-firebase_crashlytics package.json found at C:\SopranoChat\node_modules\@react-native-firebase\crashlytics\package.json
:react-native-firebase_crashlytics:version set from package.json: 21.14.0 (21,14,0 - 21014000)
:react-native-firebase_crashlytics:android.compileSdk using custom value: 35
:react-native-firebase_crashlytics:android.targetSdk using custom value: 35
:react-native-firebase_crashlytics:android.minSdk using custom value: 24
:react-native-firebase_crashlytics:reactNativeAndroidDir C:\SopranoChat\node_modules\react-native\android

> Configure project :react-native-reanimated
Android gradle plugin: 8.6.0
Gradle: 8.10.2

> Task :app:generateAutolinkingPackageList UP-TO-DATE
> Task :app:generateCodegenSchemaFromJavaScript SKIPPED
> Task :app:generateCodegenArtifactsFromSchema SKIPPED
> Task :app:preBuild UP-TO-DATE
> Task :app:preDebugBuild UP-TO-DATE
> Task :app:mergeDebugNativeDebugMetadata NO-SOURCE
> Task :app:checkKotlinGradlePluginConfigurationErrors
> Task :app:generateDebugBuildConfig
> Task :expo:generateExpoModulesPackageListTask UP-TO-DATE
> Task :expo:preBuild UP-TO-DATE
> Task :expo:preDebugBuild UP-TO-DATE
> Task :expo:writeDebugAarMetadata UP-TO-DATE
> Task :expo-application:preBuild UP-TO-DATE
> Task :expo-application:preDebugBuild UP-TO-DATE
> Task :expo-application:writeDebugAarMetadata UP-TO-DATE
> Task :expo-asset:preBuild UP-TO-DATE
> Task :expo-asset:preDebugBuild UP-TO-DATE
> Task :expo-asset:writeDebugAarMetadata UP-TO-DATE
> Task :expo-av:preBuild UP-TO-DATE
> Task :expo-av:preDebugBuild UP-TO-DATE
> Task :expo-av:writeDebugAarMetadata UP-TO-DATE
> Task :expo-blur:preBuild UP-TO-DATE
> Task :expo-blur:preDebugBuild UP-TO-DATE
> Task :expo-blur:writeDebugAarMetadata UP-TO-DATE
> Task :expo-clipboard:preBuild UP-TO-DATE
> Task :expo-clipboard:preDebugBuild UP-TO-DATE
> Task :expo-clipboard:writeDebugAarMetadata UP-TO-DATE

> Task :expo-constants:createExpoConfig
The NODE_ENV environment variable is required but was not specified. Ensure the project is bundled with Expo CLI or NODE_ENV is set.
Proceeding without mode-specific .env

> Task :expo-constants:preBuild
> Task :expo-constants:preDebugBuild
> Task :expo-constants:writeDebugAarMetadata UP-TO-DATE
> Task :expo-crypto:preBuild UP-TO-DATE
> Task :expo-crypto:preDebugBuild UP-TO-DATE
> Task :expo-crypto:writeDebugAarMetadata UP-TO-DATE
> Task :expo-device:preBuild UP-TO-DATE
> Task :expo-device:preDebugBuild UP-TO-DATE
> Task :expo-device:writeDebugAarMetadata UP-TO-DATE
> Task :expo-file-system:preBuild UP-TO-DATE
> Task :expo-file-system:preDebugBuild UP-TO-DATE
> Task :expo-file-system:writeDebugAarMetadata UP-TO-DATE
> Task :expo-font:preBuild UP-TO-DATE
> Task :expo-font:preDebugBuild UP-TO-DATE
> Task :expo-font:writeDebugAarMetadata UP-TO-DATE
> Task :expo-haptics:preBuild UP-TO-DATE
> Task :expo-haptics:preDebugBuild UP-TO-DATE
> Task :expo-haptics:writeDebugAarMetadata UP-TO-DATE
> Task :expo-image-loader:preBuild UP-TO-DATE
> Task :expo-image-loader:preDebugBuild UP-TO-DATE
> Task :expo-image-loader:writeDebugAarMetadata UP-TO-DATE
> Task :expo-image-manipulator:preBuild UP-TO-DATE
> Task :expo-image-manipulator:preDebugBuild UP-TO-DATE
> Task :expo-image-manipulator:writeDebugAarMetadata UP-TO-DATE
> Task :expo-image-picker:preBuild UP-TO-DATE
> Task :expo-image-picker:preDebugBuild UP-TO-DATE
> Task :expo-image-picker:writeDebugAarMetadata UP-TO-DATE
> Task :expo-keep-awake:preBuild UP-TO-DATE
> Task :expo-keep-awake:preDebugBuild UP-TO-DATE
> Task :expo-keep-awake:writeDebugAarMetadata UP-TO-DATE
> Task :expo-linear-gradient:preBuild UP-TO-DATE
> Task :expo-linear-gradient:preDebugBuild UP-TO-DATE
> Task :expo-linear-gradient:writeDebugAarMetadata UP-TO-DATE
> Task :expo-linking:preBuild UP-TO-DATE
> Task :expo-linking:preDebugBuild UP-TO-DATE
> Task :expo-linking:writeDebugAarMetadata UP-TO-DATE
> Task :expo-modules-core:preBuild UP-TO-DATE
> Task :expo-modules-core:preDebugBuild UP-TO-DATE
> Task :expo-modules-core:writeDebugAarMetadata UP-TO-DATE
> Task :expo-notifications:preBuild UP-TO-DATE
> Task :expo-notifications:preDebugBuild UP-TO-DATE
> Task :expo-notifications:writeDebugAarMetadata UP-TO-DATE
> Task :expo-splash-screen:preBuild UP-TO-DATE
> Task :expo-splash-screen:preDebugBuild UP-TO-DATE
> Task :expo-splash-screen:writeDebugAarMetadata UP-TO-DATE
> Task :expo-web-browser:preBuild UP-TO-DATE
> Task :expo-web-browser:preDebugBuild UP-TO-DATE
> Task :expo-web-browser:writeDebugAarMetadata UP-TO-DATE
> Task :livekit_react-native:preBuild UP-TO-DATE
> Task :livekit_react-native:preDebugBuild UP-TO-DATE
> Task :livekit_react-native:writeDebugAarMetadata UP-TO-DATE
> Task :livekit_react-native-webrtc:preBuild UP-TO-DATE
> Task :livekit_react-native-webrtc:preDebugBuild UP-TO-DATE
> Task :livekit_react-native-webrtc:writeDebugAarMetadata UP-TO-DATE
> Task :lottie-react-native:preBuild UP-TO-DATE
> Task :lottie-react-native:preDebugBuild UP-TO-DATE
> Task :lottie-react-native:writeDebugAarMetadata UP-TO-DATE
> Task :react-native-async-storage_async-storage:preBuild UP-TO-DATE
> Task :react-native-async-storage_async-storage:preDebugBuild UP-TO-DATE
> Task :react-native-async-storage_async-storage:writeDebugAarMetadata UP-TO-DATE
> Task :react-native-community_datetimepicker:preBuild UP-TO-DATE
> Task :react-native-community_datetimepicker:preDebugBuild UP-TO-DATE
> Task :react-native-community_datetimepicker:writeDebugAarMetadata UP-TO-DATE
> Task :react-native-firebase_analytics:preBuild UP-TO-DATE
> Task :react-native-firebase_analytics:preDebugBuild UP-TO-DATE
> Task :react-native-firebase_analytics:writeDebugAarMetadata UP-TO-DATE
> Task :react-native-firebase_app:preBuild UP-TO-DATE
> Task :react-native-firebase_app:preDebugBuild UP-TO-DATE
> Task :react-native-firebase_app:writeDebugAarMetadata UP-TO-DATE
> Task :react-native-firebase_crashlytics:preBuild UP-TO-DATE
> Task :react-native-firebase_crashlytics:preDebugBuild UP-TO-DATE
> Task :react-native-firebase_crashlytics:writeDebugAarMetadata UP-TO-DATE
> Task :react-native-gesture-handler:preBuild UP-TO-DATE
> Task :react-native-gesture-handler:preDebugBuild UP-TO-DATE
> Task :react-native-gesture-handler:writeDebugAarMetadata UP-TO-DATE
> Task :react-native-google-signin_google-signin:preBuild UP-TO-DATE
> Task :react-native-google-signin_google-signin:preDebugBuild UP-TO-DATE
> Task :react-native-google-signin_google-signin:writeDebugAarMetadata UP-TO-DATE
> Task :react-native-keyboard-controller:preBuild UP-TO-DATE
> Task :react-native-keyboard-controller:preDebugBuild UP-TO-DATE
> Task :react-native-keyboard-controller:writeDebugAarMetadata UP-TO-DATE
> Task :react-native-masked-view_masked-view:preBuild UP-TO-DATE
> Task :react-native-masked-view_masked-view:preDebugBuild UP-TO-DATE
> Task :react-native-masked-view_masked-view:writeDebugAarMetadata UP-TO-DATE
> Task :react-native-purchases:preBuild UP-TO-DATE
> Task :react-native-purchases:preDebugBuild UP-TO-DATE
> Task :react-native-purchases:writeDebugAarMetadata UP-TO-DATE
> Task :react-native-reanimated:assertLatestReactNativeWithNewArchitectureTask SKIPPED
> Task :react-native-reanimated:assertMinimalReactNativeVersionTask SKIPPED
> Task :react-native-reanimated:prepareReanimatedHeadersForPrefabs UP-TO-DATE
> Task :react-native-reanimated:prepareWorkletsHeadersForPrefabs UP-TO-DATE
> Task :react-native-reanimated:preBuild UP-TO-DATE
> Task :react-native-reanimated:preDebugBuild UP-TO-DATE
> Task :react-native-reanimated:writeDebugAarMetadata UP-TO-DATE
> Task :react-native-safe-area-context:preBuild UP-TO-DATE
> Task :react-native-safe-area-context:preDebugBuild UP-TO-DATE
> Task :react-native-safe-area-context:writeDebugAarMetadata UP-TO-DATE
> Task :react-native-screens:preBuild UP-TO-DATE
> Task :react-native-screens:preDebugBuild UP-TO-DATE
> Task :react-native-screens:writeDebugAarMetadata UP-TO-DATE
> Task :react-native-svg:preBuild UP-TO-DATE
> Task :react-native-svg:preDebugBuild UP-TO-DATE
> Task :react-native-svg:writeDebugAarMetadata UP-TO-DATE
> Task :react-native-webview:preBuild UP-TO-DATE
> Task :react-native-webview:preDebugBuild UP-TO-DATE
> Task :react-native-webview:writeDebugAarMetadata UP-TO-DATE
> Task :app:checkDebugAarMetadata UP-TO-DATE
> Task :app:generateDebugResValues UP-TO-DATE
> Task :app:injectCrashlyticsMappingFileIdDebug UP-TO-DATE
> Task :app:processDebugGoogleServices UP-TO-DATE
> Task :expo:generateDebugResValues UP-TO-DATE
> Task :expo:generateDebugResources UP-TO-DATE
> Task :expo:packageDebugResources UP-TO-DATE
> Task :expo-application:generateDebugResValues UP-TO-DATE
> Task :expo-application:generateDebugResources UP-TO-DATE
> Task :expo-application:packageDebugResources UP-TO-DATE
> Task :expo-asset:generateDebugResValues UP-TO-DATE
> Task :expo-asset:generateDebugResources UP-TO-DATE
> Task :expo-asset:packageDebugResources UP-TO-DATE
> Task :expo-av:generateDebugResValues UP-TO-DATE
> Task :expo-av:generateDebugResources UP-TO-DATE
> Task :expo-av:packageDebugResources UP-TO-DATE
> Task :expo-blur:generateDebugResValues UP-TO-DATE
> Task :expo-blur:generateDebugResources UP-TO-DATE
> Task :expo-blur:packageDebugResources UP-TO-DATE
> Task :expo-clipboard:generateDebugResValues UP-TO-DATE
> Task :expo-clipboard:generateDebugResources UP-TO-DATE
> Task :expo-clipboard:packageDebugResources UP-TO-DATE
> Task :expo-constants:generateDebugResValues UP-TO-DATE
> Task :expo-constants:generateDebugResources UP-TO-DATE
> Task :expo-constants:packageDebugResources UP-TO-DATE
> Task :expo-crypto:generateDebugResValues UP-TO-DATE
> Task :expo-crypto:generateDebugResources UP-TO-DATE
> Task :expo-crypto:packageDebugResources UP-TO-DATE
> Task :expo-device:generateDebugResValues UP-TO-DATE
> Task :expo-device:generateDebugResources UP-TO-DATE
> Task :expo-device:packageDebugResources UP-TO-DATE
> Task :expo-file-system:generateDebugResValues UP-TO-DATE
> Task :expo-file-system:generateDebugResources UP-TO-DATE
> Task :expo-file-system:packageDebugResources UP-TO-DATE
> Task :expo-font:generateDebugResValues UP-TO-DATE
> Task :expo-font:generateDebugResources UP-TO-DATE
> Task :expo-font:packageDebugResources UP-TO-DATE
> Task :expo-haptics:generateDebugResValues UP-TO-DATE
> Task :expo-haptics:generateDebugResources UP-TO-DATE
> Task :expo-haptics:packageDebugResources UP-TO-DATE
> Task :expo-image-loader:generateDebugResValues UP-TO-DATE
> Task :expo-image-loader:generateDebugResources UP-TO-DATE
> Task :expo-image-loader:packageDebugResources UP-TO-DATE
> Task :expo-image-manipulator:generateDebugResValues UP-TO-DATE
> Task :expo-image-manipulator:generateDebugResources UP-TO-DATE
> Task :expo-image-manipulator:packageDebugResources UP-TO-DATE
> Task :expo-image-picker:generateDebugResValues UP-TO-DATE
> Task :expo-image-picker:generateDebugResources UP-TO-DATE
> Task :expo-image-picker:packageDebugResources UP-TO-DATE
> Task :expo-keep-awake:generateDebugResValues UP-TO-DATE
> Task :expo-keep-awake:generateDebugResources UP-TO-DATE
> Task :expo-keep-awake:packageDebugResources UP-TO-DATE
> Task :expo-linear-gradient:generateDebugResValues UP-TO-DATE
> Task :expo-linear-gradient:generateDebugResources UP-TO-DATE
> Task :expo-linear-gradient:packageDebugResources UP-TO-DATE
> Task :expo-linking:generateDebugResValues UP-TO-DATE
> Task :expo-linking:generateDebugResources UP-TO-DATE
> Task :expo-linking:packageDebugResources UP-TO-DATE
> Task :expo-modules-core:generateDebugResValues UP-TO-DATE
> Task :expo-modules-core:generateDebugResources UP-TO-DATE
> Task :expo-modules-core:packageDebugResources UP-TO-DATE
> Task :expo-notifications:generateDebugResValues UP-TO-DATE
> Task :expo-notifications:generateDebugResources UP-TO-DATE
> Task :expo-notifications:packageDebugResources UP-TO-DATE
> Task :expo-splash-screen:generateDebugResValues UP-TO-DATE
> Task :expo-splash-screen:generateDebugResources UP-TO-DATE
> Task :expo-splash-screen:packageDebugResources UP-TO-DATE
> Task :expo-web-browser:generateDebugResValues UP-TO-DATE
> Task :expo-web-browser:generateDebugResources UP-TO-DATE
> Task :expo-web-browser:packageDebugResources UP-TO-DATE
> Task :livekit_react-native:generateDebugResValues UP-TO-DATE
> Task :livekit_react-native:generateDebugResources UP-TO-DATE
> Task :livekit_react-native:packageDebugResources UP-TO-DATE
> Task :livekit_react-native-webrtc:generateDebugResValues UP-TO-DATE
> Task :livekit_react-native-webrtc:generateDebugResources UP-TO-DATE
> Task :livekit_react-native-webrtc:packageDebugResources UP-TO-DATE
> Task :lottie-react-native:generateDebugResValues UP-TO-DATE
> Task :lottie-react-native:generateDebugResources UP-TO-DATE
> Task :lottie-react-native:packageDebugResources UP-TO-DATE
> Task :react-native-async-storage_async-storage:generateDebugResValues UP-TO-DATE
> Task :react-native-async-storage_async-storage:generateDebugResources UP-TO-DATE
> Task :react-native-async-storage_async-storage:packageDebugResources UP-TO-DATE
> Task :react-native-community_datetimepicker:generateDebugResValues UP-TO-DATE
> Task :react-native-community_datetimepicker:generateDebugResources UP-TO-DATE
> Task :react-native-community_datetimepicker:packageDebugResources UP-TO-DATE
> Task :react-native-firebase_analytics:generateDebugResValues UP-TO-DATE
> Task :react-native-firebase_analytics:generateDebugResources UP-TO-DATE
> Task :react-native-firebase_analytics:packageDebugResources UP-TO-DATE
> Task :react-native-firebase_app:generateDebugResValues UP-TO-DATE
> Task :react-native-firebase_app:generateDebugResources UP-TO-DATE
> Task :react-native-firebase_app:packageDebugResources UP-TO-DATE
> Task :react-native-firebase_crashlytics:generateDebugResValues UP-TO-DATE
> Task :react-native-firebase_crashlytics:generateDebugResources UP-TO-DATE
> Task :react-native-firebase_crashlytics:packageDebugResources UP-TO-DATE
> Task :react-native-gesture-handler:generateDebugResValues UP-TO-DATE
> Task :react-native-gesture-handler:generateDebugResources UP-TO-DATE
> Task :react-native-gesture-handler:packageDebugResources UP-TO-DATE
> Task :react-native-google-signin_google-signin:generateDebugResValues UP-TO-DATE
> Task :react-native-google-signin_google-signin:generateDebugResources UP-TO-DATE
> Task :react-native-google-signin_google-signin:packageDebugResources UP-TO-DATE
> Task :react-native-keyboard-controller:generateDebugResValues UP-TO-DATE
> Task :react-native-keyboard-controller:generateDebugResources UP-TO-DATE
> Task :react-native-keyboard-controller:packageDebugResources UP-TO-DATE
> Task :react-native-masked-view_masked-view:generateDebugResValues UP-TO-DATE
> Task :react-native-masked-view_masked-view:generateDebugResources UP-TO-DATE
> Task :react-native-masked-view_masked-view:packageDebugResources UP-TO-DATE
> Task :react-native-purchases:generateDebugResValues UP-TO-DATE
> Task :react-native-purchases:generateDebugResources UP-TO-DATE
> Task :react-native-purchases:packageDebugResources UP-TO-DATE
> Task :react-native-reanimated:generateDebugResValues UP-TO-DATE
> Task :react-native-reanimated:generateDebugResources UP-TO-DATE
> Task :react-native-reanimated:packageDebugResources UP-TO-DATE
> Task :react-native-safe-area-context:generateDebugResValues UP-TO-DATE
> Task :react-native-safe-area-context:generateDebugResources UP-TO-DATE
> Task :react-native-safe-area-context:packageDebugResources UP-TO-DATE
> Task :react-native-screens:generateDebugResValues UP-TO-DATE
> Task :react-native-screens:generateDebugResources UP-TO-DATE
> Task :react-native-screens:packageDebugResources UP-TO-DATE
> Task :react-native-svg:generateDebugResValues UP-TO-DATE
> Task :react-native-svg:generateDebugResources UP-TO-DATE
> Task :react-native-svg:packageDebugResources UP-TO-DATE
> Task :react-native-webview:generateDebugResValues UP-TO-DATE
> Task :react-native-webview:generateDebugResources UP-TO-DATE
> Task :react-native-webview:packageDebugResources UP-TO-DATE
> Task :app:mapDebugSourceSetPaths UP-TO-DATE
> Task :app:generateDebugResources UP-TO-DATE
> Task :app:mergeDebugResources UP-TO-DATE
> Task :app:packageDebugResources UP-TO-DATE
> Task :app:parseDebugLocalResources UP-TO-DATE
> Task :app:createDebugCompatibleScreenManifests
> Task :app:extractDeepLinksDebug UP-TO-DATE
> Task :expo:extractDeepLinksDebug UP-TO-DATE
> Task :expo:processDebugManifest UP-TO-DATE
> Task :expo-application:extractDeepLinksDebug UP-TO-DATE
> Task :expo-application:processDebugManifest UP-TO-DATE
> Task :expo-asset:extractDeepLinksDebug UP-TO-DATE
> Task :expo-asset:processDebugManifest UP-TO-DATE
> Task :expo-av:extractDeepLinksDebug UP-TO-DATE
> Task :expo-av:processDebugManifest UP-TO-DATE
> Task :expo-blur:extractDeepLinksDebug UP-TO-DATE
> Task :expo-blur:processDebugManifest UP-TO-DATE
> Task :expo-clipboard:extractDeepLinksDebug UP-TO-DATE
> Task :expo-clipboard:processDebugManifest UP-TO-DATE
> Task :expo-constants:extractDeepLinksDebug UP-TO-DATE
> Task :expo-constants:processDebugManifest UP-TO-DATE
> Task :expo-crypto:extractDeepLinksDebug UP-TO-DATE
> Task :expo-crypto:processDebugManifest UP-TO-DATE
> Task :expo-device:extractDeepLinksDebug UP-TO-DATE
> Task :expo-device:processDebugManifest UP-TO-DATE
> Task :expo-file-system:extractDeepLinksDebug UP-TO-DATE
> Task :expo-file-system:processDebugManifest UP-TO-DATE
> Task :expo-font:extractDeepLinksDebug UP-TO-DATE
> Task :expo-font:processDebugManifest UP-TO-DATE
> Task :expo-haptics:extractDeepLinksDebug UP-TO-DATE
> Task :expo-haptics:processDebugManifest UP-TO-DATE
> Task :expo-image-loader:extractDeepLinksDebug UP-TO-DATE
> Task :expo-image-loader:processDebugManifest UP-TO-DATE
> Task :expo-image-manipulator:extractDeepLinksDebug UP-TO-DATE
> Task :expo-image-manipulator:processDebugManifest UP-TO-DATE
> Task :expo-image-picker:extractDeepLinksDebug UP-TO-DATE
> Task :expo-image-picker:processDebugManifest UP-TO-DATE
> Task :expo-keep-awake:extractDeepLinksDebug UP-TO-DATE
> Task :expo-keep-awake:processDebugManifest UP-TO-DATE
> Task :expo-linear-gradient:extractDeepLinksDebug UP-TO-DATE
> Task :expo-linear-gradient:processDebugManifest UP-TO-DATE
> Task :expo-linking:extractDeepLinksDebug UP-TO-DATE
> Task :expo-linking:processDebugManifest UP-TO-DATE
> Task :expo-modules-core:extractDeepLinksDebug UP-TO-DATE
> Task :expo-modules-core:processDebugManifest UP-TO-DATE
> Task :expo-notifications:extractDeepLinksDebug UP-TO-DATE
> Task :expo-notifications:processDebugManifest UP-TO-DATE
> Task :expo-splash-screen:extractDeepLinksDebug UP-TO-DATE
> Task :expo-splash-screen:processDebugManifest UP-TO-DATE
> Task :expo-web-browser:extractDeepLinksDebug UP-TO-DATE
> Task :expo-web-browser:processDebugManifest UP-TO-DATE
> Task :livekit_react-native:extractDeepLinksDebug UP-TO-DATE
> Task :livekit_react-native:processDebugManifest UP-TO-DATE
> Task :livekit_react-native-webrtc:extractDeepLinksDebug UP-TO-DATE
> Task :livekit_react-native-webrtc:processDebugManifest UP-TO-DATE
> Task :lottie-react-native:extractDeepLinksDebug UP-TO-DATE
> Task :lottie-react-native:processDebugManifest UP-TO-DATE
> Task :react-native-async-storage_async-storage:extractDeepLinksDebug UP-TO-DATE
> Task :react-native-async-storage_async-storage:processDebugManifest UP-TO-DATE
> Task :react-native-community_datetimepicker:extractDeepLinksDebug UP-TO-DATE
> Task :react-native-community_datetimepicker:processDebugManifest UP-TO-DATE
> Task :react-native-firebase_analytics:extractDeepLinksDebug UP-TO-DATE
> Task :react-native-firebase_analytics:processDebugManifest UP-TO-DATE
> Task :react-native-firebase_app:extractDeepLinksDebug UP-TO-DATE
> Task :react-native-firebase_app:processDebugManifest UP-TO-DATE
> Task :react-native-firebase_crashlytics:extractDeepLinksDebug UP-TO-DATE
> Task :react-native-firebase_crashlytics:processDebugManifest UP-TO-DATE
> Task :react-native-gesture-handler:extractDeepLinksDebug UP-TO-DATE
> Task :react-native-gesture-handler:processDebugManifest UP-TO-DATE
> Task :react-native-google-signin_google-signin:extractDeepLinksDebug UP-TO-DATE
> Task :react-native-google-signin_google-signin:processDebugManifest UP-TO-DATE
> Task :react-native-keyboard-controller:extractDeepLinksDebug UP-TO-DATE
> Task :react-native-keyboard-controller:processDebugManifest UP-TO-DATE
> Task :react-native-masked-view_masked-view:extractDeepLinksDebug UP-TO-DATE
> Task :react-native-purchases:extractDeepLinksDebug UP-TO-DATE
> Task :react-native-purchases:processDebugManifest UP-TO-DATE
> Task :react-native-reanimated:extractDeepLinksDebug UP-TO-DATE
> Task :react-native-reanimated:processDebugManifest UP-TO-DATE
> Task :react-native-safe-area-context:extractDeepLinksDebug UP-TO-DATE
> Task :react-native-safe-area-context:processDebugManifest UP-TO-DATE
> Task :react-native-screens:extractDeepLinksDebug UP-TO-DATE
> Task :react-native-screens:processDebugManifest UP-TO-DATE
> Task :react-native-svg:extractDeepLinksDebug UP-TO-DATE
> Task :react-native-svg:processDebugManifest UP-TO-DATE
> Task :react-native-webview:extractDeepLinksDebug UP-TO-DATE
> Task :react-native-webview:processDebugManifest UP-TO-DATE
> Task :expo:compileDebugLibraryResources UP-TO-DATE
> Task :expo:parseDebugLocalResources UP-TO-DATE
> Task :expo:generateDebugRFile UP-TO-DATE
> Task :expo-application:compileDebugLibraryResources UP-TO-DATE
> Task :expo-application:parseDebugLocalResources UP-TO-DATE
> Task :expo-application:generateDebugRFile UP-TO-DATE
> Task :expo-asset:compileDebugLibraryResources UP-TO-DATE
> Task :expo-asset:parseDebugLocalResources UP-TO-DATE
> Task :expo-asset:generateDebugRFile UP-TO-DATE
> Task :expo-av:compileDebugLibraryResources UP-TO-DATE
> Task :expo-av:parseDebugLocalResources UP-TO-DATE
> Task :expo-av:generateDebugRFile UP-TO-DATE
> Task :expo-blur:compileDebugLibraryResources UP-TO-DATE
> Task :expo-blur:parseDebugLocalResources UP-TO-DATE
> Task :expo-blur:generateDebugRFile UP-TO-DATE
> Task :expo-clipboard:compileDebugLibraryResources UP-TO-DATE
> Task :expo-clipboard:parseDebugLocalResources UP-TO-DATE
> Task :expo-clipboard:generateDebugRFile UP-TO-DATE
> Task :expo-constants:compileDebugLibraryResources UP-TO-DATE
> Task :react-native-masked-view_masked-view:processDebugManifest
> Task :expo-constants:parseDebugLocalResources UP-TO-DATE

> Task :app:processDebugMainManifest
C:\SopranoChat\android\app\src\debug\AndroidManifest.xml:6:5-162 Warning:
	application@android:usesCleartextTraffic was tagged at AndroidManifest.xml:6 to replace other declarations but no other declaration present
C:\SopranoChat\android\app\src\debug\AndroidManifest.xml Warning:
	provider#expo.modules.filesystem.FileSystemFileProvider@android:authorities was tagged at AndroidManifest.xml:0 to replace other declarations but no other declaration present

> Task :app:processDebugManifest
> Task :expo-constants:generateDebugRFile UP-TO-DATE
> Task :expo-crypto:compileDebugLibraryResources UP-TO-DATE
> Task :expo-crypto:parseDebugLocalResources UP-TO-DATE
> Task :expo-crypto:generateDebugRFile UP-TO-DATE
> Task :expo-device:compileDebugLibraryResources UP-TO-DATE
> Task :expo-device:parseDebugLocalResources UP-TO-DATE
> Task :expo-device:generateDebugRFile UP-TO-DATE
> Task :expo-file-system:compileDebugLibraryResources UP-TO-DATE
> Task :expo-file-system:parseDebugLocalResources UP-TO-DATE
> Task :expo-file-system:generateDebugRFile UP-TO-DATE
> Task :expo-font:compileDebugLibraryResources UP-TO-DATE
> Task :expo-font:parseDebugLocalResources UP-TO-DATE
> Task :expo-font:generateDebugRFile UP-TO-DATE
> Task :expo-haptics:compileDebugLibraryResources UP-TO-DATE
> Task :expo-haptics:parseDebugLocalResources UP-TO-DATE
> Task :expo-haptics:generateDebugRFile UP-TO-DATE
> Task :expo-image-loader:compileDebugLibraryResources UP-TO-DATE
> Task :expo-image-loader:parseDebugLocalResources UP-TO-DATE
> Task :expo-image-loader:generateDebugRFile UP-TO-DATE
> Task :expo-image-manipulator:compileDebugLibraryResources UP-TO-DATE
> Task :expo-image-manipulator:parseDebugLocalResources UP-TO-DATE
> Task :expo-image-manipulator:generateDebugRFile UP-TO-DATE
> Task :expo-image-picker:compileDebugLibraryResources UP-TO-DATE
> Task :expo-image-picker:parseDebugLocalResources UP-TO-DATE
> Task :expo-image-picker:generateDebugRFile UP-TO-DATE
> Task :expo-keep-awake:compileDebugLibraryResources UP-TO-DATE
> Task :expo-keep-awake:parseDebugLocalResources UP-TO-DATE
> Task :expo-keep-awake:generateDebugRFile UP-TO-DATE
> Task :expo-linear-gradient:compileDebugLibraryResources UP-TO-DATE
> Task :expo-linear-gradient:parseDebugLocalResources UP-TO-DATE
> Task :expo-linear-gradient:generateDebugRFile UP-TO-DATE
> Task :expo-linking:compileDebugLibraryResources UP-TO-DATE
> Task :expo-linking:parseDebugLocalResources UP-TO-DATE
> Task :expo-linking:generateDebugRFile UP-TO-DATE
> Task :expo-modules-core:compileDebugLibraryResources UP-TO-DATE
> Task :expo-modules-core:parseDebugLocalResources UP-TO-DATE
> Task :expo-modules-core:generateDebugRFile UP-TO-DATE
> Task :expo-notifications:compileDebugLibraryResources UP-TO-DATE
> Task :expo-notifications:parseDebugLocalResources UP-TO-DATE
> Task :expo-notifications:generateDebugRFile UP-TO-DATE
> Task :app:processDebugManifestForPackage
> Task :expo-splash-screen:compileDebugLibraryResources UP-TO-DATE
> Task :expo-splash-screen:parseDebugLocalResources UP-TO-DATE
> Task :expo-splash-screen:generateDebugRFile UP-TO-DATE
> Task :expo-web-browser:compileDebugLibraryResources UP-TO-DATE
> Task :expo-web-browser:parseDebugLocalResources UP-TO-DATE
> Task :expo-web-browser:generateDebugRFile UP-TO-DATE
> Task :livekit_react-native:compileDebugLibraryResources UP-TO-DATE
> Task :livekit_react-native:parseDebugLocalResources UP-TO-DATE
> Task :livekit_react-native:generateDebugRFile UP-TO-DATE
> Task :livekit_react-native-webrtc:compileDebugLibraryResources UP-TO-DATE
> Task :livekit_react-native-webrtc:parseDebugLocalResources UP-TO-DATE
> Task :livekit_react-native-webrtc:generateDebugRFile UP-TO-DATE
> Task :lottie-react-native:compileDebugLibraryResources UP-TO-DATE
> Task :lottie-react-native:parseDebugLocalResources UP-TO-DATE
> Task :lottie-react-native:generateDebugRFile UP-TO-DATE
> Task :react-native-async-storage_async-storage:compileDebugLibraryResources UP-TO-DATE
> Task :react-native-async-storage_async-storage:parseDebugLocalResources UP-TO-DATE
> Task :react-native-async-storage_async-storage:generateDebugRFile UP-TO-DATE
> Task :react-native-community_datetimepicker:compileDebugLibraryResources UP-TO-DATE
> Task :react-native-community_datetimepicker:parseDebugLocalResources UP-TO-DATE
> Task :react-native-community_datetimepicker:generateDebugRFile UP-TO-DATE
> Task :react-native-firebase_analytics:compileDebugLibraryResources UP-TO-DATE
> Task :react-native-firebase_analytics:parseDebugLocalResources UP-TO-DATE
> Task :react-native-firebase_analytics:generateDebugRFile UP-TO-DATE
> Task :react-native-firebase_app:compileDebugLibraryResources UP-TO-DATE
> Task :react-native-firebase_app:parseDebugLocalResources UP-TO-DATE
> Task :react-native-firebase_app:generateDebugRFile UP-TO-DATE
> Task :react-native-firebase_crashlytics:compileDebugLibraryResources UP-TO-DATE
> Task :react-native-firebase_crashlytics:parseDebugLocalResources UP-TO-DATE
> Task :react-native-firebase_crashlytics:generateDebugRFile UP-TO-DATE
> Task :react-native-gesture-handler:compileDebugLibraryResources UP-TO-DATE
> Task :react-native-gesture-handler:parseDebugLocalResources UP-TO-DATE
> Task :react-native-gesture-handler:generateDebugRFile UP-TO-DATE
> Task :react-native-google-signin_google-signin:compileDebugLibraryResources UP-TO-DATE
> Task :react-native-google-signin_google-signin:parseDebugLocalResources UP-TO-DATE
> Task :react-native-google-signin_google-signin:generateDebugRFile UP-TO-DATE
> Task :react-native-keyboard-controller:compileDebugLibraryResources UP-TO-DATE
> Task :react-native-keyboard-controller:parseDebugLocalResources UP-TO-DATE
> Task :react-native-keyboard-controller:generateDebugRFile UP-TO-DATE
> Task :react-native-masked-view_masked-view:compileDebugLibraryResources UP-TO-DATE
> Task :react-native-masked-view_masked-view:parseDebugLocalResources UP-TO-DATE
> Task :react-native-masked-view_masked-view:generateDebugRFile UP-TO-DATE
> Task :react-native-purchases:compileDebugLibraryResources UP-TO-DATE
> Task :react-native-purchases:parseDebugLocalResources UP-TO-DATE
> Task :react-native-purchases:generateDebugRFile UP-TO-DATE
> Task :react-native-reanimated:compileDebugLibraryResources UP-TO-DATE
> Task :react-native-reanimated:parseDebugLocalResources UP-TO-DATE
> Task :react-native-reanimated:generateDebugRFile UP-TO-DATE
> Task :react-native-safe-area-context:compileDebugLibraryResources UP-TO-DATE
> Task :react-native-safe-area-context:parseDebugLocalResources UP-TO-DATE
> Task :react-native-safe-area-context:generateDebugRFile UP-TO-DATE
> Task :react-native-screens:compileDebugLibraryResources UP-TO-DATE
> Task :react-native-screens:parseDebugLocalResources UP-TO-DATE
> Task :react-native-screens:generateDebugRFile UP-TO-DATE
> Task :react-native-svg:compileDebugLibraryResources UP-TO-DATE
> Task :react-native-svg:parseDebugLocalResources UP-TO-DATE
> Task :react-native-svg:generateDebugRFile UP-TO-DATE
> Task :react-native-webview:compileDebugLibraryResources UP-TO-DATE
> Task :react-native-webview:parseDebugLocalResources UP-TO-DATE
> Task :react-native-webview:generateDebugRFile UP-TO-DATE
> Task :expo:checkKotlinGradlePluginConfigurationErrors
> Task :expo:generateDebugBuildConfig UP-TO-DATE
> Task :expo-application:checkKotlinGradlePluginConfigurationErrors
> Task :expo-application:generateDebugBuildConfig UP-TO-DATE
> Task :expo-modules-core:checkKotlinGradlePluginConfigurationErrors
> Task :expo-modules-core:generateDebugBuildConfig UP-TO-DATE
> Task :expo-modules-core:compileDebugKotlin UP-TO-DATE
> Task :expo-modules-core:javaPreCompileDebug UP-TO-DATE
> Task :expo-modules-core:compileDebugJavaWithJavac UP-TO-DATE
> Task :expo-modules-core:bundleLibCompileToJarDebug UP-TO-DATE
> Task :expo-application:compileDebugKotlin UP-TO-DATE
> Task :expo-application:javaPreCompileDebug UP-TO-DATE
> Task :expo-application:compileDebugJavaWithJavac UP-TO-DATE
> Task :expo-application:bundleLibCompileToJarDebug UP-TO-DATE
> Task :expo-asset:checkKotlinGradlePluginConfigurationErrors
> Task :expo-asset:generateDebugBuildConfig UP-TO-DATE
> Task :expo-asset:compileDebugKotlin UP-TO-DATE
> Task :expo-asset:javaPreCompileDebug UP-TO-DATE
> Task :expo-asset:compileDebugJavaWithJavac UP-TO-DATE
> Task :expo-asset:bundleLibCompileToJarDebug UP-TO-DATE
> Task :expo-av:checkKotlinGradlePluginConfigurationErrors
> Task :expo-av:generateDebugBuildConfig UP-TO-DATE
> Task :expo-av:compileDebugKotlin UP-TO-DATE
> Task :expo-av:javaPreCompileDebug UP-TO-DATE
> Task :expo-av:compileDebugJavaWithJavac UP-TO-DATE
> Task :expo-av:bundleLibCompileToJarDebug UP-TO-DATE
> Task :expo-blur:checkKotlinGradlePluginConfigurationErrors
> Task :expo-blur:generateDebugBuildConfig UP-TO-DATE
> Task :expo-blur:compileDebugKotlin UP-TO-DATE
> Task :expo-blur:javaPreCompileDebug UP-TO-DATE
> Task :expo-blur:compileDebugJavaWithJavac UP-TO-DATE
> Task :expo-blur:bundleLibCompileToJarDebug UP-TO-DATE
> Task :expo-clipboard:checkKotlinGradlePluginConfigurationErrors
> Task :expo-clipboard:generateDebugBuildConfig UP-TO-DATE
> Task :expo-clipboard:compileDebugKotlin UP-TO-DATE
> Task :expo-clipboard:javaPreCompileDebug UP-TO-DATE
> Task :expo-clipboard:compileDebugJavaWithJavac UP-TO-DATE
> Task :expo-clipboard:bundleLibCompileToJarDebug UP-TO-DATE
> Task :expo-constants:checkKotlinGradlePluginConfigurationErrors
> Task :expo-constants:generateDebugBuildConfig UP-TO-DATE
> Task :expo-constants:compileDebugKotlin UP-TO-DATE
> Task :expo-constants:javaPreCompileDebug UP-TO-DATE
> Task :expo-constants:compileDebugJavaWithJavac UP-TO-DATE
> Task :expo-constants:bundleLibCompileToJarDebug UP-TO-DATE
> Task :expo-crypto:checkKotlinGradlePluginConfigurationErrors
> Task :expo-crypto:generateDebugBuildConfig UP-TO-DATE
> Task :expo-crypto:compileDebugKotlin UP-TO-DATE
> Task :expo-crypto:javaPreCompileDebug UP-TO-DATE
> Task :expo-crypto:compileDebugJavaWithJavac UP-TO-DATE
> Task :expo-crypto:bundleLibCompileToJarDebug UP-TO-DATE
> Task :expo-device:checkKotlinGradlePluginConfigurationErrors
> Task :expo-device:generateDebugBuildConfig UP-TO-DATE
> Task :expo-device:compileDebugKotlin UP-TO-DATE
> Task :expo-device:javaPreCompileDebug UP-TO-DATE
> Task :expo-device:compileDebugJavaWithJavac UP-TO-DATE
> Task :expo-device:bundleLibCompileToJarDebug UP-TO-DATE
> Task :expo-file-system:checkKotlinGradlePluginConfigurationErrors
> Task :expo-file-system:generateDebugBuildConfig UP-TO-DATE
> Task :expo-file-system:compileDebugKotlin UP-TO-DATE
> Task :expo-file-system:javaPreCompileDebug UP-TO-DATE
> Task :expo-file-system:compileDebugJavaWithJavac UP-TO-DATE
> Task :expo-file-system:bundleLibCompileToJarDebug UP-TO-DATE
> Task :expo-font:checkKotlinGradlePluginConfigurationErrors
> Task :expo-font:generateDebugBuildConfig UP-TO-DATE
> Task :expo-font:compileDebugKotlin UP-TO-DATE
> Task :expo-font:javaPreCompileDebug UP-TO-DATE
> Task :expo-font:compileDebugJavaWithJavac UP-TO-DATE
> Task :expo-font:bundleLibCompileToJarDebug UP-TO-DATE
> Task :expo-haptics:checkKotlinGradlePluginConfigurationErrors
> Task :expo-haptics:generateDebugBuildConfig UP-TO-DATE
> Task :expo-haptics:compileDebugKotlin UP-TO-DATE
> Task :expo-haptics:javaPreCompileDebug UP-TO-DATE
> Task :expo-haptics:compileDebugJavaWithJavac UP-TO-DATE
> Task :expo-haptics:bundleLibCompileToJarDebug UP-TO-DATE
> Task :expo-image-loader:checkKotlinGradlePluginConfigurationErrors
> Task :expo-image-loader:generateDebugBuildConfig UP-TO-DATE
> Task :expo-image-loader:compileDebugKotlin UP-TO-DATE
> Task :expo-image-loader:javaPreCompileDebug UP-TO-DATE
> Task :expo-image-loader:compileDebugJavaWithJavac UP-TO-DATE
> Task :expo-image-loader:bundleLibCompileToJarDebug UP-TO-DATE
> Task :expo-image-manipulator:checkKotlinGradlePluginConfigurationErrors
> Task :expo-image-manipulator:generateDebugBuildConfig UP-TO-DATE
> Task :expo-image-manipulator:compileDebugKotlin UP-TO-DATE
> Task :expo-image-manipulator:javaPreCompileDebug UP-TO-DATE
> Task :expo-image-manipulator:compileDebugJavaWithJavac UP-TO-DATE
> Task :expo-image-manipulator:bundleLibCompileToJarDebug UP-TO-DATE
> Task :expo-image-picker:checkKotlinGradlePluginConfigurationErrors
> Task :expo-image-picker:generateDebugBuildConfig UP-TO-DATE
> Task :expo-image-picker:compileDebugKotlin UP-TO-DATE
> Task :expo-image-picker:javaPreCompileDebug UP-TO-DATE
> Task :expo-image-picker:compileDebugJavaWithJavac UP-TO-DATE
> Task :expo-image-picker:bundleLibCompileToJarDebug UP-TO-DATE
> Task :expo-keep-awake:checkKotlinGradlePluginConfigurationErrors
> Task :expo-keep-awake:generateDebugBuildConfig UP-TO-DATE
> Task :expo-keep-awake:compileDebugKotlin UP-TO-DATE
> Task :expo-keep-awake:javaPreCompileDebug UP-TO-DATE
> Task :expo-keep-awake:compileDebugJavaWithJavac UP-TO-DATE
> Task :expo-keep-awake:bundleLibCompileToJarDebug UP-TO-DATE
> Task :expo-linear-gradient:checkKotlinGradlePluginConfigurationErrors
> Task :expo-linear-gradient:generateDebugBuildConfig UP-TO-DATE
> Task :expo-linear-gradient:compileDebugKotlin UP-TO-DATE
> Task :expo-linear-gradient:javaPreCompileDebug UP-TO-DATE
> Task :expo-linear-gradient:compileDebugJavaWithJavac UP-TO-DATE
> Task :expo-linear-gradient:bundleLibCompileToJarDebug UP-TO-DATE
> Task :expo-linking:checkKotlinGradlePluginConfigurationErrors
> Task :expo-linking:generateDebugBuildConfig UP-TO-DATE
> Task :expo-linking:compileDebugKotlin UP-TO-DATE
> Task :expo-linking:javaPreCompileDebug UP-TO-DATE
> Task :expo-linking:compileDebugJavaWithJavac UP-TO-DATE
> Task :expo-linking:bundleLibCompileToJarDebug UP-TO-DATE
> Task :expo-notifications:checkKotlinGradlePluginConfigurationErrors
> Task :expo-notifications:generateDebugBuildConfig UP-TO-DATE
> Task :expo-notifications:compileDebugKotlin UP-TO-DATE
> Task :expo-notifications:javaPreCompileDebug UP-TO-DATE
> Task :expo-notifications:compileDebugJavaWithJavac UP-TO-DATE
> Task :expo-notifications:bundleLibCompileToJarDebug UP-TO-DATE
> Task :expo-splash-screen:checkKotlinGradlePluginConfigurationErrors
> Task :expo-splash-screen:generateDebugBuildConfig UP-TO-DATE
> Task :expo-splash-screen:compileDebugKotlin UP-TO-DATE
> Task :expo-splash-screen:javaPreCompileDebug UP-TO-DATE
> Task :expo-splash-screen:compileDebugJavaWithJavac UP-TO-DATE
> Task :expo-splash-screen:bundleLibCompileToJarDebug UP-TO-DATE
> Task :expo-web-browser:checkKotlinGradlePluginConfigurationErrors
> Task :expo-web-browser:generateDebugBuildConfig UP-TO-DATE
> Task :expo-web-browser:compileDebugKotlin UP-TO-DATE
> Task :expo-web-browser:javaPreCompileDebug UP-TO-DATE
> Task :expo-web-browser:compileDebugJavaWithJavac UP-TO-DATE
> Task :expo-web-browser:bundleLibCompileToJarDebug UP-TO-DATE
> Task :expo:compileDebugKotlin UP-TO-DATE
> Task :expo:javaPreCompileDebug UP-TO-DATE
> Task :expo:compileDebugJavaWithJavac UP-TO-DATE
> Task :expo:bundleLibCompileToJarDebug UP-TO-DATE
> Task :livekit_react-native:checkKotlinGradlePluginConfigurationErrors
> Task :livekit_react-native:generateDebugBuildConfig UP-TO-DATE
> Task :livekit_react-native-webrtc:generateDebugBuildConfig UP-TO-DATE
> Task :livekit_react-native-webrtc:javaPreCompileDebug UP-TO-DATE
> Task :livekit_react-native-webrtc:compileDebugJavaWithJavac UP-TO-DATE
> Task :livekit_react-native-webrtc:bundleLibCompileToJarDebug UP-TO-DATE
> Task :livekit_react-native:compileDebugKotlin UP-TO-DATE
> Task :livekit_react-native:javaPreCompileDebug UP-TO-DATE
> Task :livekit_react-native:compileDebugJavaWithJavac UP-TO-DATE
> Task :livekit_react-native:bundleLibCompileToJarDebug UP-TO-DATE
> Task :lottie-react-native:checkKotlinGradlePluginConfigurationErrors
> Task :lottie-react-native:generateDebugBuildConfig UP-TO-DATE
> Task :lottie-react-native:compileDebugKotlin UP-TO-DATE
> Task :lottie-react-native:javaPreCompileDebug UP-TO-DATE
> Task :lottie-react-native:compileDebugJavaWithJavac UP-TO-DATE
> Task :lottie-react-native:bundleLibCompileToJarDebug UP-TO-DATE
> Task :react-native-async-storage_async-storage:generateDebugBuildConfig UP-TO-DATE
> Task :react-native-async-storage_async-storage:javaPreCompileDebug UP-TO-DATE
> Task :react-native-async-storage_async-storage:compileDebugJavaWithJavac UP-TO-DATE
> Task :react-native-async-storage_async-storage:bundleLibCompileToJarDebug UP-TO-DATE
> Task :react-native-community_datetimepicker:generateDebugBuildConfig UP-TO-DATE
> Task :react-native-community_datetimepicker:javaPreCompileDebug UP-TO-DATE
> Task :react-native-community_datetimepicker:compileDebugJavaWithJavac UP-TO-DATE
> Task :react-native-community_datetimepicker:bundleLibCompileToJarDebug UP-TO-DATE
> Task :react-native-firebase_analytics:generateDebugBuildConfig UP-TO-DATE
> Task :react-native-firebase_analytics:javaPreCompileDebug UP-TO-DATE
> Task :react-native-firebase_app:generateDebugBuildConfig UP-TO-DATE
> Task :react-native-firebase_app:javaPreCompileDebug UP-TO-DATE
> Task :react-native-firebase_app:compileDebugJavaWithJavac UP-TO-DATE
> Task :react-native-firebase_app:bundleLibCompileToJarDebug UP-TO-DATE
> Task :react-native-firebase_analytics:compileDebugJavaWithJavac UP-TO-DATE
> Task :react-native-firebase_analytics:bundleLibCompileToJarDebug UP-TO-DATE
> Task :react-native-firebase_crashlytics:generateDebugBuildConfig UP-TO-DATE
> Task :react-native-firebase_crashlytics:javaPreCompileDebug UP-TO-DATE
> Task :react-native-firebase_crashlytics:compileDebugJavaWithJavac UP-TO-DATE
> Task :react-native-firebase_crashlytics:bundleLibCompileToJarDebug UP-TO-DATE
> Task :react-native-gesture-handler:checkKotlinGradlePluginConfigurationErrors
> Task :react-native-gesture-handler:generateDebugBuildConfig UP-TO-DATE
> Task :react-native-reanimated:generateDebugBuildConfig UP-TO-DATE
> Task :react-native-reanimated:javaPreCompileDebug UP-TO-DATE
> Task :react-native-reanimated:packageNdkLibs NO-SOURCE
> Task :react-native-reanimated:compileDebugJavaWithJavac UP-TO-DATE
> Task :react-native-reanimated:bundleLibCompileToJarDebug UP-TO-DATE
> Task :react-native-gesture-handler:compileDebugKotlin UP-TO-DATE
> Task :react-native-gesture-handler:javaPreCompileDebug UP-TO-DATE
> Task :react-native-gesture-handler:compileDebugJavaWithJavac UP-TO-DATE
> Task :react-native-gesture-handler:bundleLibCompileToJarDebug UP-TO-DATE
> Task :react-native-google-signin_google-signin:checkKotlinGradlePluginConfigurationErrors
> Task :react-native-google-signin_google-signin:generateDebugBuildConfig UP-TO-DATE
> Task :react-native-google-signin_google-signin:compileDebugKotlin UP-TO-DATE
> Task :react-native-google-signin_google-signin:javaPreCompileDebug UP-TO-DATE
> Task :app:processDebugResources
> Task :react-native-google-signin_google-signin:compileDebugJavaWithJavac UP-TO-DATE
> Task :react-native-google-signin_google-signin:bundleLibCompileToJarDebug UP-TO-DATE
> Task :react-native-keyboard-controller:checkKotlinGradlePluginConfigurationErrors
> Task :react-native-keyboard-controller:generateDebugBuildConfig UP-TO-DATE
> Task :react-native-keyboard-controller:compileDebugKotlin UP-TO-DATE
> Task :react-native-keyboard-controller:javaPreCompileDebug UP-TO-DATE
> Task :react-native-keyboard-controller:compileDebugJavaWithJavac UP-TO-DATE
> Task :react-native-keyboard-controller:bundleLibCompileToJarDebug UP-TO-DATE
> Task :react-native-masked-view_masked-view:generateDebugBuildConfig UP-TO-DATE
> Task :react-native-masked-view_masked-view:javaPreCompileDebug UP-TO-DATE
> Task :react-native-masked-view_masked-view:compileDebugJavaWithJavac UP-TO-DATE
> Task :react-native-masked-view_masked-view:bundleLibCompileToJarDebug UP-TO-DATE
> Task :react-native-purchases:checkKotlinGradlePluginConfigurationErrors
> Task :react-native-purchases:generateDebugBuildConfig UP-TO-DATE
> Task :react-native-purchases:compileDebugKotlin UP-TO-DATE
> Task :react-native-purchases:javaPreCompileDebug UP-TO-DATE
> Task :react-native-purchases:compileDebugJavaWithJavac UP-TO-DATE
> Task :react-native-purchases:bundleLibCompileToJarDebug UP-TO-DATE
> Task :react-native-safe-area-context:checkKotlinGradlePluginConfigurationErrors
> Task :react-native-safe-area-context:generateDebugBuildConfig UP-TO-DATE
> Task :react-native-safe-area-context:compileDebugKotlin UP-TO-DATE
> Task :react-native-safe-area-context:javaPreCompileDebug UP-TO-DATE
> Task :react-native-safe-area-context:compileDebugJavaWithJavac UP-TO-DATE
> Task :react-native-safe-area-context:bundleLibCompileToJarDebug UP-TO-DATE
> Task :react-native-screens:checkKotlinGradlePluginConfigurationErrors
> Task :react-native-screens:generateDebugBuildConfig UP-TO-DATE
> Task :react-native-screens:compileDebugKotlin UP-TO-DATE
> Task :react-native-screens:javaPreCompileDebug UP-TO-DATE
> Task :react-native-screens:compileDebugJavaWithJavac UP-TO-DATE
> Task :react-native-screens:bundleLibCompileToJarDebug UP-TO-DATE
> Task :react-native-svg:generateDebugBuildConfig UP-TO-DATE
> Task :react-native-svg:javaPreCompileDebug UP-TO-DATE
> Task :react-native-svg:compileDebugJavaWithJavac UP-TO-DATE
> Task :react-native-svg:bundleLibCompileToJarDebug UP-TO-DATE
> Task :react-native-webview:checkKotlinGradlePluginConfigurationErrors
> Task :react-native-webview:generateDebugBuildConfig UP-TO-DATE
> Task :react-native-webview:compileDebugKotlin UP-TO-DATE
> Task :react-native-webview:javaPreCompileDebug UP-TO-DATE
> Task :react-native-webview:compileDebugJavaWithJavac UP-TO-DATE
> Task :react-native-webview:bundleLibCompileToJarDebug UP-TO-DATE
> Task :app:javaPreCompileDebug UP-TO-DATE
> Task :app:mergeDebugShaders UP-TO-DATE
> Task :app:compileDebugShaders NO-SOURCE
> Task :app:generateDebugAssets UP-TO-DATE
> Task :expo:mergeDebugShaders UP-TO-DATE
> Task :expo:compileDebugShaders NO-SOURCE
> Task :expo:generateDebugAssets UP-TO-DATE
> Task :expo:packageDebugAssets UP-TO-DATE
> Task :expo-application:mergeDebugShaders UP-TO-DATE
> Task :expo-application:compileDebugShaders NO-SOURCE
> Task :expo-application:generateDebugAssets UP-TO-DATE
> Task :expo-application:packageDebugAssets UP-TO-DATE
> Task :expo-asset:mergeDebugShaders UP-TO-DATE
> Task :expo-asset:compileDebugShaders NO-SOURCE
> Task :expo-asset:generateDebugAssets UP-TO-DATE
> Task :expo-asset:packageDebugAssets UP-TO-DATE
> Task :expo-av:mergeDebugShaders UP-TO-DATE
> Task :expo-av:compileDebugShaders NO-SOURCE
> Task :expo-av:generateDebugAssets UP-TO-DATE
> Task :expo-av:packageDebugAssets UP-TO-DATE
> Task :expo-blur:mergeDebugShaders UP-TO-DATE
> Task :expo-blur:compileDebugShaders NO-SOURCE
> Task :expo-blur:generateDebugAssets UP-TO-DATE
> Task :expo-blur:packageDebugAssets UP-TO-DATE
> Task :expo-clipboard:mergeDebugShaders UP-TO-DATE
> Task :expo-clipboard:compileDebugShaders NO-SOURCE
> Task :expo-clipboard:generateDebugAssets UP-TO-DATE
> Task :expo-clipboard:packageDebugAssets UP-TO-DATE
> Task :expo-constants:mergeDebugShaders UP-TO-DATE
> Task :expo-constants:compileDebugShaders NO-SOURCE
> Task :expo-constants:generateDebugAssets UP-TO-DATE
> Task :expo-constants:packageDebugAssets
> Task :expo-crypto:mergeDebugShaders UP-TO-DATE
> Task :expo-crypto:compileDebugShaders NO-SOURCE
> Task :expo-crypto:generateDebugAssets UP-TO-DATE
> Task :expo-crypto:packageDebugAssets UP-TO-DATE
> Task :expo-device:mergeDebugShaders UP-TO-DATE
> Task :expo-device:compileDebugShaders NO-SOURCE
> Task :expo-device:generateDebugAssets UP-TO-DATE
> Task :expo-device:packageDebugAssets UP-TO-DATE
> Task :expo-file-system:mergeDebugShaders UP-TO-DATE
> Task :expo-file-system:compileDebugShaders NO-SOURCE
> Task :expo-file-system:generateDebugAssets UP-TO-DATE
> Task :expo-file-system:packageDebugAssets UP-TO-DATE
> Task :expo-font:mergeDebugShaders UP-TO-DATE
> Task :expo-font:compileDebugShaders NO-SOURCE
> Task :expo-font:generateDebugAssets UP-TO-DATE
> Task :expo-font:packageDebugAssets UP-TO-DATE
> Task :expo-haptics:mergeDebugShaders UP-TO-DATE
> Task :expo-haptics:compileDebugShaders NO-SOURCE
> Task :expo-haptics:generateDebugAssets UP-TO-DATE
> Task :expo-haptics:packageDebugAssets UP-TO-DATE
> Task :expo-image-loader:mergeDebugShaders UP-TO-DATE
> Task :expo-image-loader:compileDebugShaders NO-SOURCE
> Task :expo-image-loader:generateDebugAssets UP-TO-DATE
> Task :expo-image-loader:packageDebugAssets UP-TO-DATE
> Task :expo-image-manipulator:mergeDebugShaders UP-TO-DATE
> Task :expo-image-manipulator:compileDebugShaders NO-SOURCE
> Task :expo-image-manipulator:generateDebugAssets UP-TO-DATE
> Task :expo-image-manipulator:packageDebugAssets UP-TO-DATE
> Task :expo-image-picker:mergeDebugShaders UP-TO-DATE
> Task :expo-image-picker:compileDebugShaders NO-SOURCE
> Task :expo-image-picker:generateDebugAssets UP-TO-DATE
> Task :expo-image-picker:packageDebugAssets UP-TO-DATE
> Task :expo-keep-awake:mergeDebugShaders UP-TO-DATE
> Task :expo-keep-awake:compileDebugShaders NO-SOURCE
> Task :expo-keep-awake:generateDebugAssets UP-TO-DATE
> Task :expo-keep-awake:packageDebugAssets UP-TO-DATE
> Task :expo-linear-gradient:mergeDebugShaders UP-TO-DATE
> Task :expo-linear-gradient:compileDebugShaders NO-SOURCE
> Task :expo-linear-gradient:generateDebugAssets UP-TO-DATE
> Task :expo-linear-gradient:packageDebugAssets UP-TO-DATE
> Task :expo-linking:mergeDebugShaders UP-TO-DATE
> Task :expo-linking:compileDebugShaders NO-SOURCE
> Task :expo-linking:generateDebugAssets UP-TO-DATE
> Task :expo-linking:packageDebugAssets UP-TO-DATE
> Task :expo-modules-core:mergeDebugShaders UP-TO-DATE
> Task :expo-modules-core:compileDebugShaders NO-SOURCE
> Task :expo-modules-core:generateDebugAssets UP-TO-DATE
> Task :expo-modules-core:packageDebugAssets UP-TO-DATE
> Task :expo-notifications:mergeDebugShaders UP-TO-DATE
> Task :expo-notifications:compileDebugShaders NO-SOURCE
> Task :expo-notifications:generateDebugAssets UP-TO-DATE
> Task :expo-notifications:packageDebugAssets UP-TO-DATE
> Task :expo-splash-screen:mergeDebugShaders UP-TO-DATE
> Task :expo-splash-screen:compileDebugShaders NO-SOURCE
> Task :expo-splash-screen:generateDebugAssets UP-TO-DATE
> Task :expo-splash-screen:packageDebugAssets UP-TO-DATE
> Task :expo-web-browser:mergeDebugShaders UP-TO-DATE
> Task :expo-web-browser:compileDebugShaders NO-SOURCE
> Task :expo-web-browser:generateDebugAssets UP-TO-DATE
> Task :expo-web-browser:packageDebugAssets UP-TO-DATE
> Task :livekit_react-native:mergeDebugShaders UP-TO-DATE
> Task :livekit_react-native:compileDebugShaders NO-SOURCE
> Task :livekit_react-native:generateDebugAssets UP-TO-DATE
> Task :livekit_react-native:packageDebugAssets UP-TO-DATE
> Task :livekit_react-native-webrtc:mergeDebugShaders UP-TO-DATE
> Task :livekit_react-native-webrtc:compileDebugShaders NO-SOURCE
> Task :livekit_react-native-webrtc:generateDebugAssets UP-TO-DATE
> Task :livekit_react-native-webrtc:packageDebugAssets UP-TO-DATE
> Task :lottie-react-native:mergeDebugShaders UP-TO-DATE
> Task :lottie-react-native:compileDebugShaders NO-SOURCE
> Task :lottie-react-native:generateDebugAssets UP-TO-DATE
> Task :lottie-react-native:packageDebugAssets UP-TO-DATE
> Task :react-native-async-storage_async-storage:mergeDebugShaders UP-TO-DATE
> Task :react-native-async-storage_async-storage:compileDebugShaders NO-SOURCE
> Task :react-native-async-storage_async-storage:generateDebugAssets UP-TO-DATE
> Task :react-native-async-storage_async-storage:packageDebugAssets UP-TO-DATE
> Task :react-native-community_datetimepicker:mergeDebugShaders UP-TO-DATE
> Task :react-native-community_datetimepicker:compileDebugShaders NO-SOURCE
> Task :react-native-community_datetimepicker:generateDebugAssets UP-TO-DATE
> Task :react-native-community_datetimepicker:packageDebugAssets UP-TO-DATE
> Task :react-native-firebase_analytics:mergeDebugShaders UP-TO-DATE
> Task :react-native-firebase_analytics:compileDebugShaders NO-SOURCE
> Task :react-native-firebase_analytics:generateDebugAssets UP-TO-DATE
> Task :react-native-firebase_analytics:packageDebugAssets UP-TO-DATE
> Task :react-native-firebase_app:mergeDebugShaders UP-TO-DATE
> Task :react-native-firebase_app:compileDebugShaders NO-SOURCE
> Task :react-native-firebase_app:generateDebugAssets UP-TO-DATE
> Task :react-native-firebase_app:packageDebugAssets UP-TO-DATE
> Task :react-native-firebase_crashlytics:mergeDebugShaders UP-TO-DATE
> Task :react-native-firebase_crashlytics:compileDebugShaders NO-SOURCE
> Task :react-native-firebase_crashlytics:generateDebugAssets UP-TO-DATE
> Task :react-native-firebase_crashlytics:packageDebugAssets UP-TO-DATE
> Task :react-native-gesture-handler:mergeDebugShaders UP-TO-DATE
> Task :react-native-gesture-handler:compileDebugShaders NO-SOURCE
> Task :react-native-gesture-handler:generateDebugAssets UP-TO-DATE
> Task :react-native-gesture-handler:packageDebugAssets UP-TO-DATE
> Task :react-native-google-signin_google-signin:mergeDebugShaders UP-TO-DATE
> Task :react-native-google-signin_google-signin:compileDebugShaders NO-SOURCE
> Task :react-native-google-signin_google-signin:generateDebugAssets UP-TO-DATE
> Task :react-native-google-signin_google-signin:packageDebugAssets UP-TO-DATE
> Task :react-native-keyboard-controller:mergeDebugShaders UP-TO-DATE
> Task :react-native-keyboard-controller:compileDebugShaders NO-SOURCE
> Task :react-native-keyboard-controller:generateDebugAssets UP-TO-DATE
> Task :react-native-keyboard-controller:packageDebugAssets UP-TO-DATE
> Task :react-native-masked-view_masked-view:mergeDebugShaders UP-TO-DATE
> Task :react-native-masked-view_masked-view:compileDebugShaders NO-SOURCE
> Task :react-native-masked-view_masked-view:generateDebugAssets UP-TO-DATE
> Task :react-native-masked-view_masked-view:packageDebugAssets UP-TO-DATE
> Task :react-native-purchases:mergeDebugShaders UP-TO-DATE
> Task :react-native-purchases:compileDebugShaders NO-SOURCE
> Task :react-native-purchases:generateDebugAssets UP-TO-DATE
> Task :react-native-purchases:packageDebugAssets UP-TO-DATE
> Task :react-native-reanimated:mergeDebugShaders UP-TO-DATE
> Task :react-native-reanimated:compileDebugShaders NO-SOURCE
> Task :react-native-reanimated:generateDebugAssets UP-TO-DATE
> Task :react-native-reanimated:packageDebugAssets UP-TO-DATE
> Task :react-native-safe-area-context:mergeDebugShaders UP-TO-DATE
> Task :react-native-safe-area-context:compileDebugShaders NO-SOURCE
> Task :react-native-safe-area-context:generateDebugAssets UP-TO-DATE
> Task :react-native-safe-area-context:packageDebugAssets UP-TO-DATE
> Task :react-native-screens:mergeDebugShaders UP-TO-DATE
> Task :react-native-screens:compileDebugShaders NO-SOURCE
> Task :react-native-screens:generateDebugAssets UP-TO-DATE
> Task :react-native-screens:packageDebugAssets UP-TO-DATE
> Task :react-native-svg:mergeDebugShaders UP-TO-DATE
> Task :react-native-svg:compileDebugShaders NO-SOURCE
> Task :react-native-svg:generateDebugAssets UP-TO-DATE
> Task :react-native-svg:packageDebugAssets UP-TO-DATE
> Task :react-native-webview:mergeDebugShaders UP-TO-DATE
> Task :react-native-webview:compileDebugShaders NO-SOURCE
> Task :react-native-webview:generateDebugAssets UP-TO-DATE
> Task :react-native-webview:packageDebugAssets UP-TO-DATE
> Task :app:mergeDebugAssets
> Task :livekit_react-native:bundleLibRuntimeToJarDebug UP-TO-DATE
> Task :react-native-google-signin_google-signin:bundleLibRuntimeToJarDebug UP-TO-DATE
> Task :expo:bundleLibRuntimeToJarDebug UP-TO-DATE
> Task :app:compressDebugAssets
> Task :lottie-react-native:bundleLibRuntimeToJarDebug UP-TO-DATE
> Task :react-native-gesture-handler:bundleLibRuntimeToJarDebug UP-TO-DATE
> Task :react-native-keyboard-controller:bundleLibRuntimeToJarDebug UP-TO-DATE
> Task :react-native-safe-area-context:bundleLibRuntimeToJarDebug UP-TO-DATE
> Task :react-native-screens:bundleLibRuntimeToJarDebug UP-TO-DATE
> Task :react-native-webview:bundleLibRuntimeToJarDebug UP-TO-DATE
> Task :livekit_react-native-webrtc:bundleLibRuntimeToJarDebug UP-TO-DATE
> Task :react-native-async-storage_async-storage:bundleLibRuntimeToJarDebug UP-TO-DATE
> Task :react-native-community_datetimepicker:bundleLibRuntimeToJarDebug UP-TO-DATE
> Task :react-native-firebase_analytics:bundleLibRuntimeToJarDebug UP-TO-DATE
> Task :react-native-firebase_crashlytics:bundleLibRuntimeToJarDebug UP-TO-DATE
> Task :react-native-firebase_app:bundleLibRuntimeToJarDebug UP-TO-DATE
> Task :react-native-masked-view_masked-view:bundleLibRuntimeToJarDebug UP-TO-DATE
> Task :react-native-purchases:bundleLibRuntimeToJarDebug UP-TO-DATE
> Task :react-native-reanimated:bundleLibRuntimeToJarDebug UP-TO-DATE
> Task :react-native-svg:bundleLibRuntimeToJarDebug UP-TO-DATE
> Task :expo-application:bundleLibRuntimeToJarDebug UP-TO-DATE
> Task :expo-asset:bundleLibRuntimeToJarDebug UP-TO-DATE
> Task :expo-av:bundleLibRuntimeToJarDebug UP-TO-DATE
> Task :expo-blur:bundleLibRuntimeToJarDebug UP-TO-DATE
> Task :expo-clipboard:bundleLibRuntimeToJarDebug UP-TO-DATE
> Task :expo-constants:bundleLibRuntimeToJarDebug UP-TO-DATE
> Task :expo-crypto:bundleLibRuntimeToJarDebug UP-TO-DATE
> Task :expo-device:bundleLibRuntimeToJarDebug UP-TO-DATE
> Task :expo-file-system:bundleLibRuntimeToJarDebug UP-TO-DATE
> Task :expo-font:bundleLibRuntimeToJarDebug UP-TO-DATE
> Task :expo-haptics:bundleLibRuntimeToJarDebug UP-TO-DATE
> Task :expo-image-loader:bundleLibRuntimeToJarDebug UP-TO-DATE
> Task :expo-image-manipulator:bundleLibRuntimeToJarDebug UP-TO-DATE
> Task :expo-image-picker:bundleLibRuntimeToJarDebug UP-TO-DATE
> Task :expo-keep-awake:bundleLibRuntimeToJarDebug UP-TO-DATE
> Task :expo-linear-gradient:bundleLibRuntimeToJarDebug UP-TO-DATE
> Task :expo-linking:bundleLibRuntimeToJarDebug UP-TO-DATE
> Task :expo-notifications:bundleLibRuntimeToJarDebug UP-TO-DATE
> Task :expo-splash-screen:bundleLibRuntimeToJarDebug UP-TO-DATE
> Task :expo-web-browser:bundleLibRuntimeToJarDebug UP-TO-DATE
> Task :expo-modules-core:bundleLibRuntimeToJarDebug UP-TO-DATE
> Task :app:desugarDebugFileDependencies UP-TO-DATE
> Task :expo:processDebugJavaRes UP-TO-DATE
> Task :expo-application:processDebugJavaRes UP-TO-DATE
> Task :expo-asset:processDebugJavaRes UP-TO-DATE
> Task :expo-av:processDebugJavaRes UP-TO-DATE
> Task :expo-blur:processDebugJavaRes UP-TO-DATE
> Task :expo-clipboard:processDebugJavaRes UP-TO-DATE
> Task :expo-constants:processDebugJavaRes UP-TO-DATE
> Task :expo-crypto:processDebugJavaRes UP-TO-DATE
> Task :expo-device:processDebugJavaRes UP-TO-DATE
> Task :expo-file-system:processDebugJavaRes UP-TO-DATE
> Task :expo-font:processDebugJavaRes UP-TO-DATE
> Task :expo-haptics:processDebugJavaRes UP-TO-DATE
> Task :expo-image-loader:processDebugJavaRes UP-TO-DATE
> Task :expo-image-manipulator:processDebugJavaRes UP-TO-DATE
> Task :expo-image-picker:processDebugJavaRes UP-TO-DATE
> Task :expo-keep-awake:processDebugJavaRes UP-TO-DATE
> Task :expo-linear-gradient:processDebugJavaRes UP-TO-DATE
> Task :expo-linking:processDebugJavaRes UP-TO-DATE
> Task :expo-modules-core:processDebugJavaRes UP-TO-DATE
> Task :expo-notifications:processDebugJavaRes UP-TO-DATE
> Task :expo-splash-screen:processDebugJavaRes UP-TO-DATE
> Task :expo-web-browser:processDebugJavaRes UP-TO-DATE
> Task :livekit_react-native:processDebugJavaRes UP-TO-DATE
> Task :livekit_react-native-webrtc:processDebugJavaRes NO-SOURCE
> Task :lottie-react-native:processDebugJavaRes UP-TO-DATE
> Task :react-native-async-storage_async-storage:processDebugJavaRes NO-SOURCE
> Task :react-native-community_datetimepicker:processDebugJavaRes NO-SOURCE
> Task :react-native-firebase_analytics:processDebugJavaRes NO-SOURCE
> Task :react-native-firebase_app:processDebugJavaRes NO-SOURCE
> Task :react-native-firebase_crashlytics:processDebugJavaRes NO-SOURCE
> Task :react-native-gesture-handler:processDebugJavaRes UP-TO-DATE
> Task :react-native-google-signin_google-signin:processDebugJavaRes UP-TO-DATE
> Task :react-native-keyboard-controller:processDebugJavaRes UP-TO-DATE
> Task :react-native-masked-view_masked-view:processDebugJavaRes NO-SOURCE
> Task :react-native-purchases:processDebugJavaRes UP-TO-DATE
> Task :react-native-reanimated:processDebugJavaRes NO-SOURCE
> Task :react-native-safe-area-context:processDebugJavaRes UP-TO-DATE
> Task :react-native-screens:processDebugJavaRes UP-TO-DATE
> Task :react-native-svg:processDebugJavaRes NO-SOURCE
> Task :react-native-webview:processDebugJavaRes UP-TO-DATE
> Task :app:checkDebugDuplicateClasses UP-TO-DATE
> Task :app:mergeExtDexDebug UP-TO-DATE
> Task :livekit_react-native:bundleLibRuntimeToDirDebug UP-TO-DATE
> Task :react-native-google-signin_google-signin:bundleLibRuntimeToDirDebug UP-TO-DATE
> Task :expo:bundleLibRuntimeToDirDebug UP-TO-DATE
> Task :lottie-react-native:bundleLibRuntimeToDirDebug UP-TO-DATE
> Task :react-native-gesture-handler:bundleLibRuntimeToDirDebug UP-TO-DATE
> Task :react-native-keyboard-controller:bundleLibRuntimeToDirDebug UP-TO-DATE
> Task :react-native-safe-area-context:bundleLibRuntimeToDirDebug UP-TO-DATE
> Task :react-native-screens:bundleLibRuntimeToDirDebug UP-TO-DATE
> Task :react-native-webview:bundleLibRuntimeToDirDebug UP-TO-DATE
> Task :livekit_react-native-webrtc:bundleLibRuntimeToDirDebug UP-TO-DATE
> Task :react-native-async-storage_async-storage:bundleLibRuntimeToDirDebug UP-TO-DATE
> Task :react-native-community_datetimepicker:bundleLibRuntimeToDirDebug UP-TO-DATE
> Task :react-native-firebase_analytics:bundleLibRuntimeToDirDebug UP-TO-DATE
> Task :react-native-firebase_crashlytics:bundleLibRuntimeToDirDebug UP-TO-DATE
> Task :react-native-firebase_app:bundleLibRuntimeToDirDebug UP-TO-DATE
> Task :react-native-masked-view_masked-view:bundleLibRuntimeToDirDebug UP-TO-DATE
> Task :react-native-purchases:bundleLibRuntimeToDirDebug UP-TO-DATE
> Task :react-native-reanimated:bundleLibRuntimeToDirDebug UP-TO-DATE
> Task :react-native-svg:bundleLibRuntimeToDirDebug UP-TO-DATE
> Task :expo-application:bundleLibRuntimeToDirDebug UP-TO-DATE
> Task :expo-asset:bundleLibRuntimeToDirDebug UP-TO-DATE
> Task :expo-av:bundleLibRuntimeToDirDebug UP-TO-DATE
> Task :expo-blur:bundleLibRuntimeToDirDebug UP-TO-DATE
> Task :expo-clipboard:bundleLibRuntimeToDirDebug UP-TO-DATE
> Task :expo-constants:bundleLibRuntimeToDirDebug UP-TO-DATE
> Task :expo-crypto:bundleLibRuntimeToDirDebug UP-TO-DATE
> Task :expo-device:bundleLibRuntimeToDirDebug UP-TO-DATE
> Task :expo-file-system:bundleLibRuntimeToDirDebug UP-TO-DATE
> Task :expo-font:bundleLibRuntimeToDirDebug UP-TO-DATE
> Task :expo-haptics:bundleLibRuntimeToDirDebug UP-TO-DATE
> Task :expo-image-loader:bundleLibRuntimeToDirDebug UP-TO-DATE
> Task :expo-image-manipulator:bundleLibRuntimeToDirDebug UP-TO-DATE
> Task :expo-image-picker:bundleLibRuntimeToDirDebug UP-TO-DATE
> Task :expo-keep-awake:bundleLibRuntimeToDirDebug UP-TO-DATE
> Task :expo-linear-gradient:bundleLibRuntimeToDirDebug UP-TO-DATE
> Task :expo-linking:bundleLibRuntimeToDirDebug UP-TO-DATE
> Task :expo-notifications:bundleLibRuntimeToDirDebug UP-TO-DATE
> Task :expo-splash-screen:bundleLibRuntimeToDirDebug UP-TO-DATE
> Task :expo-web-browser:bundleLibRuntimeToDirDebug UP-TO-DATE
> Task :app:compileDebugKotlin
> Task :expo-modules-core:bundleLibRuntimeToDirDebug UP-TO-DATE
> Task :app:compileDebugJavaWithJavac
> Task :app:dexBuilderDebug
> Task :app:mergeDebugGlobalSynthetics UP-TO-DATE
> Task :app:processDebugJavaRes UP-TO-DATE
> Task :app:mergeDebugJavaResource UP-TO-DATE
> Task :app:mergeLibDexDebug UP-TO-DATE
> Task :app:mergeDebugJniLibFolders UP-TO-DATE
> Task :expo:mergeDebugJniLibFolders UP-TO-DATE
> Task :expo:mergeDebugNativeLibs NO-SOURCE
> Task :expo:copyDebugJniLibsProjectOnly UP-TO-DATE
> Task :expo-application:mergeDebugJniLibFolders UP-TO-DATE
> Task :expo-application:mergeDebugNativeLibs NO-SOURCE
> Task :expo-application:copyDebugJniLibsProjectOnly UP-TO-DATE
> Task :expo-asset:mergeDebugJniLibFolders UP-TO-DATE
> Task :expo-asset:mergeDebugNativeLibs NO-SOURCE
> Task :expo-asset:copyDebugJniLibsProjectOnly UP-TO-DATE
> Task :app:mergeProjectDexDebug

> Task :expo-av:configureCMakeDebug[arm64-v8a]
[CXX5304] This version only understands SDK XML versions up to 3 but an SDK XML file of version 4 was encountered. This can happen if you use versions of Android Studio and the command-line tools that were released at different times.
[CXX5304] This version only understands SDK XML versions up to 3 but an SDK XML file of version 4 was encountered. This can happen if you use versions of Android Studio and the command-line tools that were released at different times.

> Task :expo-av:buildCMakeDebug[arm64-v8a]
> Task :expo-av:configureCMakeDebug[armeabi-v7a]
> Task :expo-av:buildCMakeDebug[armeabi-v7a]
> Task :expo-av:configureCMakeDebug[x86]
> Task :expo-av:buildCMakeDebug[x86]
> Task :expo-av:configureCMakeDebug[x86_64]
> Task :expo-av:buildCMakeDebug[x86_64]
> Task :expo-av:mergeDebugJniLibFolders UP-TO-DATE
> Task :expo-av:mergeDebugNativeLibs UP-TO-DATE
> Task :expo-av:copyDebugJniLibsProjectOnly UP-TO-DATE
> Task :expo-blur:mergeDebugJniLibFolders UP-TO-DATE
> Task :expo-blur:mergeDebugNativeLibs NO-SOURCE
> Task :expo-blur:copyDebugJniLibsProjectOnly UP-TO-DATE
> Task :expo-clipboard:mergeDebugJniLibFolders UP-TO-DATE
> Task :expo-clipboard:mergeDebugNativeLibs NO-SOURCE
> Task :expo-clipboard:copyDebugJniLibsProjectOnly UP-TO-DATE
> Task :expo-constants:mergeDebugJniLibFolders UP-TO-DATE
> Task :expo-constants:mergeDebugNativeLibs NO-SOURCE
> Task :expo-constants:copyDebugJniLibsProjectOnly UP-TO-DATE
> Task :expo-crypto:mergeDebugJniLibFolders UP-TO-DATE
> Task :expo-crypto:mergeDebugNativeLibs NO-SOURCE
> Task :expo-crypto:copyDebugJniLibsProjectOnly UP-TO-DATE
> Task :expo-device:mergeDebugJniLibFolders UP-TO-DATE
> Task :expo-device:mergeDebugNativeLibs NO-SOURCE
> Task :expo-device:copyDebugJniLibsProjectOnly UP-TO-DATE
> Task :expo-file-system:mergeDebugJniLibFolders UP-TO-DATE
> Task :expo-file-system:mergeDebugNativeLibs NO-SOURCE
> Task :expo-file-system:copyDebugJniLibsProjectOnly UP-TO-DATE
> Task :expo-font:mergeDebugJniLibFolders UP-TO-DATE
> Task :expo-font:mergeDebugNativeLibs NO-SOURCE
> Task :expo-font:copyDebugJniLibsProjectOnly UP-TO-DATE
> Task :expo-haptics:mergeDebugJniLibFolders UP-TO-DATE
> Task :expo-haptics:mergeDebugNativeLibs NO-SOURCE
> Task :expo-haptics:copyDebugJniLibsProjectOnly UP-TO-DATE
> Task :expo-image-loader:mergeDebugJniLibFolders UP-TO-DATE
> Task :expo-image-loader:mergeDebugNativeLibs NO-SOURCE
> Task :expo-image-loader:copyDebugJniLibsProjectOnly UP-TO-DATE
> Task :expo-image-manipulator:mergeDebugJniLibFolders UP-TO-DATE
> Task :expo-image-manipulator:mergeDebugNativeLibs NO-SOURCE
> Task :expo-image-manipulator:copyDebugJniLibsProjectOnly UP-TO-DATE
> Task :expo-image-picker:mergeDebugJniLibFolders UP-TO-DATE
> Task :expo-image-picker:mergeDebugNativeLibs NO-SOURCE
> Task :expo-image-picker:copyDebugJniLibsProjectOnly UP-TO-DATE
> Task :expo-keep-awake:mergeDebugJniLibFolders UP-TO-DATE
> Task :expo-keep-awake:mergeDebugNativeLibs NO-SOURCE
> Task :expo-keep-awake:copyDebugJniLibsProjectOnly UP-TO-DATE
> Task :expo-linear-gradient:mergeDebugJniLibFolders UP-TO-DATE
> Task :expo-linear-gradient:mergeDebugNativeLibs NO-SOURCE
> Task :expo-linear-gradient:copyDebugJniLibsProjectOnly UP-TO-DATE
> Task :expo-linking:mergeDebugJniLibFolders UP-TO-DATE
> Task :expo-linking:mergeDebugNativeLibs NO-SOURCE
> Task :expo-linking:copyDebugJniLibsProjectOnly UP-TO-DATE
> Task :expo-modules-core:configureCMakeDebug[arm64-v8a]
> Task :expo-modules-core:buildCMakeDebug[arm64-v8a]
> Task :expo-modules-core:configureCMakeDebug[armeabi-v7a]
> Task :expo-modules-core:buildCMakeDebug[armeabi-v7a]
> Task :expo-modules-core:configureCMakeDebug[x86]
> Task :expo-modules-core:buildCMakeDebug[x86]
> Task :expo-modules-core:configureCMakeDebug[x86_64]
> Task :expo-modules-core:buildCMakeDebug[x86_64]
> Task :expo-modules-core:mergeDebugJniLibFolders UP-TO-DATE
> Task :expo-modules-core:mergeDebugNativeLibs UP-TO-DATE
> Task :expo-modules-core:copyDebugJniLibsProjectOnly UP-TO-DATE
> Task :expo-notifications:mergeDebugJniLibFolders UP-TO-DATE
> Task :expo-notifications:mergeDebugNativeLibs NO-SOURCE
> Task :expo-notifications:copyDebugJniLibsProjectOnly UP-TO-DATE
> Task :expo-splash-screen:mergeDebugJniLibFolders UP-TO-DATE
> Task :expo-splash-screen:mergeDebugNativeLibs NO-SOURCE
> Task :expo-splash-screen:copyDebugJniLibsProjectOnly UP-TO-DATE
> Task :expo-web-browser:mergeDebugJniLibFolders UP-TO-DATE
> Task :expo-web-browser:mergeDebugNativeLibs NO-SOURCE
> Task :expo-web-browser:copyDebugJniLibsProjectOnly UP-TO-DATE
> Task :livekit_react-native:mergeDebugJniLibFolders UP-TO-DATE
> Task :livekit_react-native:mergeDebugNativeLibs NO-SOURCE
> Task :livekit_react-native:copyDebugJniLibsProjectOnly UP-TO-DATE
> Task :livekit_react-native-webrtc:mergeDebugJniLibFolders UP-TO-DATE
> Task :livekit_react-native-webrtc:mergeDebugNativeLibs NO-SOURCE
> Task :livekit_react-native-webrtc:copyDebugJniLibsProjectOnly UP-TO-DATE
> Task :lottie-react-native:mergeDebugJniLibFolders UP-TO-DATE
> Task :lottie-react-native:mergeDebugNativeLibs NO-SOURCE
> Task :lottie-react-native:copyDebugJniLibsProjectOnly UP-TO-DATE
> Task :react-native-async-storage_async-storage:mergeDebugJniLibFolders UP-TO-DATE
> Task :react-native-async-storage_async-storage:mergeDebugNativeLibs NO-SOURCE
> Task :react-native-async-storage_async-storage:copyDebugJniLibsProjectOnly UP-TO-DATE
> Task :react-native-community_datetimepicker:mergeDebugJniLibFolders UP-TO-DATE
> Task :react-native-community_datetimepicker:mergeDebugNativeLibs NO-SOURCE
> Task :react-native-community_datetimepicker:copyDebugJniLibsProjectOnly UP-TO-DATE
> Task :react-native-firebase_analytics:mergeDebugJniLibFolders UP-TO-DATE
> Task :react-native-firebase_analytics:mergeDebugNativeLibs NO-SOURCE
> Task :react-native-firebase_analytics:copyDebugJniLibsProjectOnly UP-TO-DATE
> Task :react-native-firebase_app:mergeDebugJniLibFolders UP-TO-DATE
> Task :react-native-firebase_app:mergeDebugNativeLibs NO-SOURCE
> Task :react-native-firebase_app:copyDebugJniLibsProjectOnly UP-TO-DATE
> Task :react-native-firebase_crashlytics:mergeDebugJniLibFolders UP-TO-DATE
> Task :react-native-firebase_crashlytics:mergeDebugNativeLibs NO-SOURCE
> Task :react-native-firebase_crashlytics:copyDebugJniLibsProjectOnly UP-TO-DATE
> Task :react-native-gesture-handler:mergeDebugJniLibFolders UP-TO-DATE
> Task :react-native-gesture-handler:mergeDebugNativeLibs NO-SOURCE
> Task :react-native-gesture-handler:copyDebugJniLibsProjectOnly UP-TO-DATE
> Task :react-native-google-signin_google-signin:mergeDebugJniLibFolders UP-TO-DATE
> Task :react-native-google-signin_google-signin:mergeDebugNativeLibs NO-SOURCE
> Task :react-native-google-signin_google-signin:copyDebugJniLibsProjectOnly UP-TO-DATE
> Task :react-native-keyboard-controller:mergeDebugJniLibFolders UP-TO-DATE
> Task :react-native-keyboard-controller:mergeDebugNativeLibs NO-SOURCE
> Task :react-native-keyboard-controller:copyDebugJniLibsProjectOnly UP-TO-DATE
> Task :react-native-masked-view_masked-view:mergeDebugJniLibFolders UP-TO-DATE
> Task :react-native-masked-view_masked-view:mergeDebugNativeLibs NO-SOURCE
> Task :react-native-masked-view_masked-view:copyDebugJniLibsProjectOnly UP-TO-DATE
> Task :react-native-purchases:mergeDebugJniLibFolders UP-TO-DATE
> Task :react-native-purchases:mergeDebugNativeLibs NO-SOURCE
> Task :react-native-purchases:copyDebugJniLibsProjectOnly UP-TO-DATE
> Task :react-native-reanimated:configureCMakeDebug[arm64-v8a]
> Task :react-native-reanimated:buildCMakeDebug[arm64-v8a]
> Task :react-native-reanimated:configureCMakeDebug[armeabi-v7a]
> Task :react-native-reanimated:buildCMakeDebug[armeabi-v7a]
> Task :react-native-reanimated:configureCMakeDebug[x86]
> Task :react-native-reanimated:buildCMakeDebug[x86]
> Task :react-native-reanimated:configureCMakeDebug[x86_64]
> Task :react-native-reanimated:buildCMakeDebug[x86_64]
> Task :react-native-reanimated:mergeDebugJniLibFolders UP-TO-DATE
> Task :react-native-reanimated:mergeDebugNativeLibs UP-TO-DATE
> Task :react-native-reanimated:copyDebugJniLibsProjectOnly UP-TO-DATE
> Task :react-native-safe-area-context:mergeDebugJniLibFolders UP-TO-DATE
> Task :react-native-safe-area-context:mergeDebugNativeLibs NO-SOURCE
> Task :react-native-safe-area-context:copyDebugJniLibsProjectOnly UP-TO-DATE
> Task :react-native-screens:configureCMakeDebug[arm64-v8a]
> Task :react-native-screens:buildCMakeDebug[arm64-v8a]
> Task :react-native-screens:configureCMakeDebug[armeabi-v7a]
> Task :react-native-screens:buildCMakeDebug[armeabi-v7a]
> Task :react-native-screens:configureCMakeDebug[x86]
> Task :react-native-screens:buildCMakeDebug[x86]
> Task :react-native-screens:configureCMakeDebug[x86_64]
> Task :react-native-screens:buildCMakeDebug[x86_64]
> Task :react-native-screens:mergeDebugJniLibFolders UP-TO-DATE
> Task :react-native-screens:mergeDebugNativeLibs UP-TO-DATE
> Task :react-native-screens:copyDebugJniLibsProjectOnly UP-TO-DATE
> Task :react-native-svg:mergeDebugJniLibFolders UP-TO-DATE
> Task :react-native-svg:mergeDebugNativeLibs NO-SOURCE
> Task :react-native-svg:copyDebugJniLibsProjectOnly UP-TO-DATE
> Task :react-native-webview:mergeDebugJniLibFolders UP-TO-DATE
> Task :react-native-webview:mergeDebugNativeLibs NO-SOURCE
> Task :react-native-webview:copyDebugJniLibsProjectOnly UP-TO-DATE
> Task :app:mergeDebugNativeLibs UP-TO-DATE
> Task :app:stripDebugDebugSymbols UP-TO-DATE
> Task :app:validateSigningDebug UP-TO-DATE
> Task :app:writeDebugAppMetadata UP-TO-DATE
> Task :app:writeDebugSigningConfigVersions UP-TO-DATE
> Task :expo:stripDebugDebugSymbols NO-SOURCE
> Task :expo:copyDebugJniLibsProjectAndLocalJars UP-TO-DATE
> Task :expo:extractDebugAnnotations UP-TO-DATE
> Task :expo:extractDeepLinksForAarDebug UP-TO-DATE
> Task :expo:mergeDebugGeneratedProguardFiles UP-TO-DATE
> Task :expo:mergeDebugConsumerProguardFiles UP-TO-DATE
> Task :expo:prepareDebugArtProfile UP-TO-DATE
> Task :expo:prepareLintJarForPublish UP-TO-DATE
> Task :expo:mergeDebugJavaResource UP-TO-DATE
> Task :expo:syncDebugLibJars UP-TO-DATE
> Task :expo:bundleDebugAar UP-TO-DATE
> Task :expo:assembleDebug UP-TO-DATE
> Task :expo-application:stripDebugDebugSymbols NO-SOURCE
> Task :expo-application:copyDebugJniLibsProjectAndLocalJars UP-TO-DATE
> Task :expo-application:extractDebugAnnotations UP-TO-DATE
> Task :expo-application:extractDeepLinksForAarDebug UP-TO-DATE
> Task :expo-application:mergeDebugGeneratedProguardFiles UP-TO-DATE
> Task :expo-application:mergeDebugConsumerProguardFiles UP-TO-DATE
> Task :expo-application:prepareDebugArtProfile UP-TO-DATE
> Task :expo-application:prepareLintJarForPublish UP-TO-DATE
> Task :expo-application:mergeDebugJavaResource UP-TO-DATE
> Task :expo-application:syncDebugLibJars UP-TO-DATE
> Task :expo-application:bundleDebugAar UP-TO-DATE
> Task :expo-application:assembleDebug UP-TO-DATE
> Task :expo-asset:stripDebugDebugSymbols NO-SOURCE
> Task :expo-asset:copyDebugJniLibsProjectAndLocalJars UP-TO-DATE
> Task :expo-asset:extractDebugAnnotations UP-TO-DATE
> Task :expo-asset:extractDeepLinksForAarDebug UP-TO-DATE
> Task :expo-asset:mergeDebugGeneratedProguardFiles UP-TO-DATE
> Task :expo-asset:mergeDebugConsumerProguardFiles UP-TO-DATE
> Task :expo-asset:prepareDebugArtProfile UP-TO-DATE
> Task :expo-asset:prepareLintJarForPublish UP-TO-DATE
> Task :expo-asset:mergeDebugJavaResource UP-TO-DATE
> Task :expo-asset:syncDebugLibJars UP-TO-DATE
> Task :expo-asset:bundleDebugAar UP-TO-DATE
> Task :expo-asset:assembleDebug UP-TO-DATE
> Task :expo-av:stripDebugDebugSymbols UP-TO-DATE
> Task :expo-av:copyDebugJniLibsProjectAndLocalJars UP-TO-DATE
> Task :expo-av:extractDebugAnnotations UP-TO-DATE
> Task :expo-av:extractDeepLinksForAarDebug UP-TO-DATE
> Task :expo-av:mergeDebugGeneratedProguardFiles UP-TO-DATE
> Task :expo-av:mergeDebugConsumerProguardFiles UP-TO-DATE
> Task :expo-av:prepareDebugArtProfile UP-TO-DATE
> Task :expo-av:prepareLintJarForPublish UP-TO-DATE
> Task :expo-av:mergeDebugJavaResource UP-TO-DATE
> Task :expo-av:syncDebugLibJars UP-TO-DATE
> Task :expo-av:bundleDebugAar UP-TO-DATE
> Task :expo-av:assembleDebug UP-TO-DATE
> Task :expo-blur:stripDebugDebugSymbols NO-SOURCE
> Task :expo-blur:copyDebugJniLibsProjectAndLocalJars UP-TO-DATE
> Task :expo-blur:extractDebugAnnotations UP-TO-DATE
> Task :expo-blur:extractDeepLinksForAarDebug UP-TO-DATE
> Task :expo-blur:mergeDebugGeneratedProguardFiles UP-TO-DATE
> Task :expo-blur:mergeDebugConsumerProguardFiles UP-TO-DATE
> Task :expo-blur:prepareDebugArtProfile UP-TO-DATE
> Task :expo-blur:prepareLintJarForPublish UP-TO-DATE
> Task :expo-blur:mergeDebugJavaResource UP-TO-DATE
> Task :expo-blur:syncDebugLibJars UP-TO-DATE
> Task :expo-blur:bundleDebugAar UP-TO-DATE
> Task :expo-blur:assembleDebug UP-TO-DATE
> Task :expo-clipboard:stripDebugDebugSymbols NO-SOURCE
> Task :expo-clipboard:copyDebugJniLibsProjectAndLocalJars UP-TO-DATE
> Task :expo-clipboard:extractDebugAnnotations UP-TO-DATE
> Task :expo-clipboard:extractDeepLinksForAarDebug UP-TO-DATE
> Task :expo-clipboard:mergeDebugGeneratedProguardFiles UP-TO-DATE
> Task :expo-clipboard:mergeDebugConsumerProguardFiles UP-TO-DATE
> Task :expo-clipboard:prepareDebugArtProfile UP-TO-DATE
> Task :expo-clipboard:prepareLintJarForPublish UP-TO-DATE
> Task :expo-clipboard:mergeDebugJavaResource UP-TO-DATE
> Task :expo-clipboard:syncDebugLibJars UP-TO-DATE
> Task :expo-clipboard:bundleDebugAar UP-TO-DATE
> Task :expo-clipboard:assembleDebug UP-TO-DATE
> Task :expo-constants:stripDebugDebugSymbols NO-SOURCE
> Task :expo-constants:copyDebugJniLibsProjectAndLocalJars UP-TO-DATE
> Task :expo-constants:extractDebugAnnotations UP-TO-DATE
> Task :expo-constants:extractDeepLinksForAarDebug UP-TO-DATE
> Task :expo-constants:mergeDebugGeneratedProguardFiles UP-TO-DATE
> Task :expo-constants:mergeDebugConsumerProguardFiles UP-TO-DATE
> Task :expo-constants:prepareDebugArtProfile UP-TO-DATE
> Task :expo-constants:prepareLintJarForPublish UP-TO-DATE
> Task :expo-constants:mergeDebugJavaResource UP-TO-DATE
> Task :expo-constants:syncDebugLibJars UP-TO-DATE
> Task :expo-constants:bundleDebugAar
> Task :expo-constants:assembleDebug
> Task :expo-crypto:stripDebugDebugSymbols NO-SOURCE
> Task :expo-crypto:copyDebugJniLibsProjectAndLocalJars UP-TO-DATE
> Task :expo-crypto:extractDebugAnnotations UP-TO-DATE
> Task :expo-crypto:extractDeepLinksForAarDebug UP-TO-DATE
> Task :expo-crypto:mergeDebugGeneratedProguardFiles UP-TO-DATE
> Task :expo-crypto:mergeDebugConsumerProguardFiles UP-TO-DATE
> Task :expo-crypto:prepareDebugArtProfile UP-TO-DATE
> Task :expo-crypto:prepareLintJarForPublish UP-TO-DATE
> Task :expo-crypto:mergeDebugJavaResource UP-TO-DATE
> Task :expo-crypto:syncDebugLibJars UP-TO-DATE
> Task :expo-crypto:bundleDebugAar UP-TO-DATE
> Task :expo-crypto:assembleDebug UP-TO-DATE
> Task :expo-device:stripDebugDebugSymbols NO-SOURCE
> Task :expo-device:copyDebugJniLibsProjectAndLocalJars UP-TO-DATE
> Task :expo-device:extractDebugAnnotations UP-TO-DATE
> Task :expo-device:extractDeepLinksForAarDebug UP-TO-DATE
> Task :expo-device:mergeDebugGeneratedProguardFiles UP-TO-DATE
> Task :expo-device:mergeDebugConsumerProguardFiles UP-TO-DATE
> Task :expo-device:prepareDebugArtProfile UP-TO-DATE
> Task :expo-device:prepareLintJarForPublish UP-TO-DATE
> Task :expo-device:mergeDebugJavaResource UP-TO-DATE
> Task :expo-device:syncDebugLibJars UP-TO-DATE
> Task :expo-device:bundleDebugAar UP-TO-DATE
> Task :expo-device:assembleDebug UP-TO-DATE
> Task :expo-file-system:stripDebugDebugSymbols NO-SOURCE
> Task :expo-file-system:copyDebugJniLibsProjectAndLocalJars UP-TO-DATE
> Task :expo-file-system:extractDebugAnnotations UP-TO-DATE
> Task :expo-file-system:extractDeepLinksForAarDebug UP-TO-DATE
> Task :expo-file-system:mergeDebugGeneratedProguardFiles UP-TO-DATE
> Task :expo-file-system:mergeDebugConsumerProguardFiles UP-TO-DATE
> Task :expo-file-system:prepareDebugArtProfile UP-TO-DATE
> Task :expo-file-system:prepareLintJarForPublish UP-TO-DATE
> Task :expo-file-system:mergeDebugJavaResource UP-TO-DATE
> Task :expo-file-system:syncDebugLibJars UP-TO-DATE
> Task :expo-file-system:bundleDebugAar UP-TO-DATE
> Task :expo-file-system:assembleDebug UP-TO-DATE
> Task :expo-font:stripDebugDebugSymbols NO-SOURCE
> Task :expo-font:copyDebugJniLibsProjectAndLocalJars UP-TO-DATE
> Task :expo-font:extractDebugAnnotations UP-TO-DATE
> Task :expo-font:extractDeepLinksForAarDebug UP-TO-DATE
> Task :expo-font:mergeDebugGeneratedProguardFiles UP-TO-DATE
> Task :expo-font:mergeDebugConsumerProguardFiles UP-TO-DATE
> Task :expo-font:prepareDebugArtProfile UP-TO-DATE
> Task :expo-font:prepareLintJarForPublish UP-TO-DATE
> Task :expo-font:mergeDebugJavaResource UP-TO-DATE
> Task :expo-font:syncDebugLibJars UP-TO-DATE
> Task :expo-font:bundleDebugAar UP-TO-DATE
> Task :expo-font:assembleDebug UP-TO-DATE
> Task :expo-haptics:stripDebugDebugSymbols NO-SOURCE
> Task :expo-haptics:copyDebugJniLibsProjectAndLocalJars UP-TO-DATE
> Task :expo-haptics:extractDebugAnnotations UP-TO-DATE
> Task :expo-haptics:extractDeepLinksForAarDebug UP-TO-DATE
> Task :expo-haptics:mergeDebugGeneratedProguardFiles UP-TO-DATE
> Task :expo-haptics:mergeDebugConsumerProguardFiles UP-TO-DATE
> Task :expo-haptics:prepareDebugArtProfile UP-TO-DATE
> Task :expo-haptics:prepareLintJarForPublish UP-TO-DATE
> Task :expo-haptics:mergeDebugJavaResource UP-TO-DATE
> Task :expo-haptics:syncDebugLibJars UP-TO-DATE
> Task :expo-haptics:bundleDebugAar UP-TO-DATE
> Task :expo-haptics:assembleDebug UP-TO-DATE
> Task :expo-image-loader:stripDebugDebugSymbols NO-SOURCE
> Task :expo-image-loader:copyDebugJniLibsProjectAndLocalJars UP-TO-DATE
> Task :expo-image-loader:extractDebugAnnotations UP-TO-DATE
> Task :expo-image-loader:extractDeepLinksForAarDebug UP-TO-DATE
> Task :expo-image-loader:mergeDebugGeneratedProguardFiles UP-TO-DATE
> Task :expo-image-loader:mergeDebugConsumerProguardFiles UP-TO-DATE
> Task :expo-image-loader:prepareDebugArtProfile UP-TO-DATE
> Task :expo-image-loader:prepareLintJarForPublish UP-TO-DATE
> Task :expo-image-loader:mergeDebugJavaResource UP-TO-DATE
> Task :expo-image-loader:syncDebugLibJars UP-TO-DATE
> Task :expo-image-loader:bundleDebugAar UP-TO-DATE
> Task :expo-image-loader:assembleDebug UP-TO-DATE
> Task :expo-image-manipulator:stripDebugDebugSymbols NO-SOURCE
> Task :expo-image-manipulator:copyDebugJniLibsProjectAndLocalJars UP-TO-DATE
> Task :expo-image-manipulator:extractDebugAnnotations UP-TO-DATE
> Task :expo-image-manipulator:extractDeepLinksForAarDebug UP-TO-DATE
> Task :expo-image-manipulator:mergeDebugGeneratedProguardFiles UP-TO-DATE
> Task :expo-image-manipulator:mergeDebugConsumerProguardFiles UP-TO-DATE
> Task :expo-image-manipulator:prepareDebugArtProfile UP-TO-DATE
> Task :expo-image-manipulator:prepareLintJarForPublish UP-TO-DATE
> Task :expo-image-manipulator:mergeDebugJavaResource UP-TO-DATE
> Task :expo-image-manipulator:syncDebugLibJars UP-TO-DATE
> Task :expo-image-manipulator:bundleDebugAar UP-TO-DATE
> Task :expo-image-manipulator:assembleDebug UP-TO-DATE
> Task :expo-image-picker:stripDebugDebugSymbols NO-SOURCE
> Task :expo-image-picker:copyDebugJniLibsProjectAndLocalJars UP-TO-DATE
> Task :expo-image-picker:extractDebugAnnotations UP-TO-DATE
> Task :expo-image-picker:extractDeepLinksForAarDebug UP-TO-DATE
> Task :expo-image-picker:mergeDebugGeneratedProguardFiles UP-TO-DATE
> Task :expo-image-picker:mergeDebugConsumerProguardFiles UP-TO-DATE
> Task :expo-image-picker:prepareDebugArtProfile UP-TO-DATE
> Task :expo-image-picker:prepareLintJarForPublish UP-TO-DATE
> Task :expo-image-picker:mergeDebugJavaResource UP-TO-DATE
> Task :expo-image-picker:syncDebugLibJars UP-TO-DATE
> Task :expo-image-picker:bundleDebugAar UP-TO-DATE
> Task :expo-image-picker:assembleDebug UP-TO-DATE
> Task :expo-keep-awake:stripDebugDebugSymbols NO-SOURCE
> Task :expo-keep-awake:copyDebugJniLibsProjectAndLocalJars UP-TO-DATE
> Task :expo-keep-awake:extractDebugAnnotations UP-TO-DATE
> Task :expo-keep-awake:extractDeepLinksForAarDebug UP-TO-DATE
> Task :expo-keep-awake:mergeDebugGeneratedProguardFiles UP-TO-DATE
> Task :expo-keep-awake:mergeDebugConsumerProguardFiles UP-TO-DATE
> Task :expo-keep-awake:prepareDebugArtProfile UP-TO-DATE
> Task :expo-keep-awake:prepareLintJarForPublish UP-TO-DATE
> Task :expo-keep-awake:mergeDebugJavaResource UP-TO-DATE
> Task :expo-keep-awake:syncDebugLibJars UP-TO-DATE
> Task :expo-keep-awake:bundleDebugAar UP-TO-DATE
> Task :expo-keep-awake:assembleDebug UP-TO-DATE
> Task :expo-linear-gradient:stripDebugDebugSymbols NO-SOURCE
> Task :expo-linear-gradient:copyDebugJniLibsProjectAndLocalJars UP-TO-DATE
> Task :expo-linear-gradient:extractDebugAnnotations UP-TO-DATE
> Task :expo-linear-gradient:extractDeepLinksForAarDebug UP-TO-DATE
> Task :expo-linear-gradient:mergeDebugGeneratedProguardFiles UP-TO-DATE
> Task :expo-linear-gradient:mergeDebugConsumerProguardFiles UP-TO-DATE
> Task :expo-linear-gradient:prepareDebugArtProfile UP-TO-DATE
> Task :expo-linear-gradient:prepareLintJarForPublish UP-TO-DATE
> Task :expo-linear-gradient:mergeDebugJavaResource UP-TO-DATE
> Task :expo-linear-gradient:syncDebugLibJars UP-TO-DATE
> Task :expo-linear-gradient:bundleDebugAar UP-TO-DATE
> Task :expo-linear-gradient:assembleDebug UP-TO-DATE
> Task :expo-linking:stripDebugDebugSymbols NO-SOURCE
> Task :expo-linking:copyDebugJniLibsProjectAndLocalJars UP-TO-DATE
> Task :expo-linking:extractDebugAnnotations UP-TO-DATE
> Task :expo-linking:extractDeepLinksForAarDebug UP-TO-DATE
> Task :expo-linking:mergeDebugGeneratedProguardFiles UP-TO-DATE
> Task :expo-linking:mergeDebugConsumerProguardFiles UP-TO-DATE
> Task :expo-linking:prepareDebugArtProfile UP-TO-DATE
> Task :expo-linking:prepareLintJarForPublish UP-TO-DATE
> Task :expo-linking:mergeDebugJavaResource UP-TO-DATE
> Task :expo-linking:syncDebugLibJars UP-TO-DATE
> Task :expo-linking:bundleDebugAar UP-TO-DATE
> Task :expo-linking:assembleDebug UP-TO-DATE
> Task :expo-modules-core:stripDebugDebugSymbols UP-TO-DATE
> Task :expo-modules-core:copyDebugJniLibsProjectAndLocalJars UP-TO-DATE
> Task :expo-modules-core:extractDebugAnnotations UP-TO-DATE
> Task :expo-modules-core:extractDeepLinksForAarDebug UP-TO-DATE
> Task :expo-modules-core:mergeDebugGeneratedProguardFiles UP-TO-DATE
> Task :expo-modules-core:mergeDebugConsumerProguardFiles UP-TO-DATE
> Task :expo-modules-core:prepareDebugArtProfile UP-TO-DATE
> Task :expo-modules-core:prepareLintJarForPublish UP-TO-DATE
> Task :expo-modules-core:mergeDebugJavaResource UP-TO-DATE
> Task :expo-modules-core:syncDebugLibJars UP-TO-DATE
> Task :expo-modules-core:bundleDebugAar UP-TO-DATE
> Task :expo-modules-core:assembleDebug UP-TO-DATE
> Task :expo-notifications:stripDebugDebugSymbols NO-SOURCE
> Task :expo-notifications:copyDebugJniLibsProjectAndLocalJars UP-TO-DATE
> Task :expo-notifications:extractDebugAnnotations UP-TO-DATE
> Task :expo-notifications:extractDeepLinksForAarDebug UP-TO-DATE
> Task :expo-notifications:mergeDebugGeneratedProguardFiles UP-TO-DATE
> Task :expo-notifications:mergeDebugConsumerProguardFiles UP-TO-DATE
> Task :expo-notifications:prepareDebugArtProfile UP-TO-DATE
> Task :expo-notifications:prepareLintJarForPublish UP-TO-DATE
> Task :expo-notifications:mergeDebugJavaResource UP-TO-DATE
> Task :expo-notifications:syncDebugLibJars UP-TO-DATE
> Task :expo-notifications:bundleDebugAar UP-TO-DATE
> Task :expo-notifications:assembleDebug UP-TO-DATE
> Task :expo-splash-screen:stripDebugDebugSymbols NO-SOURCE
> Task :expo-splash-screen:copyDebugJniLibsProjectAndLocalJars UP-TO-DATE
> Task :expo-splash-screen:extractDebugAnnotations UP-TO-DATE
> Task :expo-splash-screen:extractDeepLinksForAarDebug UP-TO-DATE
> Task :expo-splash-screen:mergeDebugGeneratedProguardFiles UP-TO-DATE
> Task :expo-splash-screen:mergeDebugConsumerProguardFiles UP-TO-DATE
> Task :expo-splash-screen:prepareDebugArtProfile UP-TO-DATE
> Task :expo-splash-screen:prepareLintJarForPublish UP-TO-DATE
> Task :expo-splash-screen:mergeDebugJavaResource UP-TO-DATE
> Task :expo-splash-screen:syncDebugLibJars UP-TO-DATE
> Task :expo-splash-screen:bundleDebugAar UP-TO-DATE
> Task :expo-splash-screen:assembleDebug UP-TO-DATE
> Task :expo-web-browser:stripDebugDebugSymbols NO-SOURCE
> Task :expo-web-browser:copyDebugJniLibsProjectAndLocalJars UP-TO-DATE
> Task :expo-web-browser:extractDebugAnnotations UP-TO-DATE
> Task :expo-web-browser:extractDeepLinksForAarDebug UP-TO-DATE
> Task :expo-web-browser:mergeDebugGeneratedProguardFiles UP-TO-DATE
> Task :expo-web-browser:mergeDebugConsumerProguardFiles UP-TO-DATE
> Task :expo-web-browser:prepareDebugArtProfile UP-TO-DATE
> Task :expo-web-browser:prepareLintJarForPublish UP-TO-DATE
> Task :expo-web-browser:mergeDebugJavaResource UP-TO-DATE
> Task :expo-web-browser:syncDebugLibJars UP-TO-DATE
> Task :expo-web-browser:bundleDebugAar UP-TO-DATE
> Task :expo-web-browser:assembleDebug UP-TO-DATE
> Task :livekit_react-native:stripDebugDebugSymbols NO-SOURCE
> Task :livekit_react-native:copyDebugJniLibsProjectAndLocalJars UP-TO-DATE
> Task :livekit_react-native:extractDebugAnnotations UP-TO-DATE
> Task :livekit_react-native:extractDeepLinksForAarDebug UP-TO-DATE
> Task :livekit_react-native:mergeDebugGeneratedProguardFiles UP-TO-DATE
> Task :livekit_react-native:mergeDebugConsumerProguardFiles UP-TO-DATE
> Task :livekit_react-native:prepareDebugArtProfile UP-TO-DATE
> Task :livekit_react-native:prepareLintJarForPublish UP-TO-DATE
> Task :livekit_react-native:mergeDebugJavaResource UP-TO-DATE
> Task :livekit_react-native:syncDebugLibJars UP-TO-DATE
> Task :livekit_react-native:bundleDebugAar UP-TO-DATE
> Task :livekit_react-native:assembleDebug UP-TO-DATE
> Task :livekit_react-native-webrtc:stripDebugDebugSymbols NO-SOURCE
> Task :livekit_react-native-webrtc:copyDebugJniLibsProjectAndLocalJars UP-TO-DATE
> Task :livekit_react-native-webrtc:extractDebugAnnotations UP-TO-DATE
> Task :livekit_react-native-webrtc:extractDeepLinksForAarDebug UP-TO-DATE
> Task :livekit_react-native-webrtc:mergeDebugGeneratedProguardFiles UP-TO-DATE
> Task :livekit_react-native-webrtc:mergeDebugConsumerProguardFiles UP-TO-DATE
> Task :livekit_react-native-webrtc:prepareDebugArtProfile UP-TO-DATE
> Task :livekit_react-native-webrtc:prepareLintJarForPublish UP-TO-DATE
> Task :livekit_react-native-webrtc:mergeDebugJavaResource UP-TO-DATE
> Task :livekit_react-native-webrtc:syncDebugLibJars UP-TO-DATE
> Task :livekit_react-native-webrtc:bundleDebugAar UP-TO-DATE
> Task :livekit_react-native-webrtc:assembleDebug UP-TO-DATE
> Task :lottie-react-native:stripDebugDebugSymbols NO-SOURCE
> Task :lottie-react-native:copyDebugJniLibsProjectAndLocalJars UP-TO-DATE
> Task :lottie-react-native:extractDebugAnnotations UP-TO-DATE
> Task :lottie-react-native:extractDeepLinksForAarDebug UP-TO-DATE
> Task :lottie-react-native:mergeDebugGeneratedProguardFiles UP-TO-DATE
> Task :lottie-react-native:mergeDebugConsumerProguardFiles UP-TO-DATE
> Task :lottie-react-native:prepareDebugArtProfile UP-TO-DATE
> Task :lottie-react-native:prepareLintJarForPublish UP-TO-DATE
> Task :lottie-react-native:mergeDebugJavaResource UP-TO-DATE
> Task :lottie-react-native:syncDebugLibJars UP-TO-DATE
> Task :lottie-react-native:bundleDebugAar UP-TO-DATE
> Task :lottie-react-native:assembleDebug UP-TO-DATE
> Task :react-native-async-storage_async-storage:stripDebugDebugSymbols NO-SOURCE
> Task :react-native-async-storage_async-storage:copyDebugJniLibsProjectAndLocalJars UP-TO-DATE
> Task :react-native-async-storage_async-storage:extractDebugAnnotations UP-TO-DATE
> Task :react-native-async-storage_async-storage:extractDeepLinksForAarDebug UP-TO-DATE
> Task :react-native-async-storage_async-storage:mergeDebugGeneratedProguardFiles UP-TO-DATE
> Task :react-native-async-storage_async-storage:mergeDebugConsumerProguardFiles UP-TO-DATE
> Task :react-native-async-storage_async-storage:prepareDebugArtProfile UP-TO-DATE
> Task :react-native-async-storage_async-storage:prepareLintJarForPublish UP-TO-DATE
> Task :react-native-async-storage_async-storage:mergeDebugJavaResource UP-TO-DATE
> Task :react-native-async-storage_async-storage:syncDebugLibJars UP-TO-DATE
> Task :react-native-async-storage_async-storage:bundleDebugAar UP-TO-DATE
> Task :react-native-async-storage_async-storage:assembleDebug UP-TO-DATE
> Task :react-native-community_datetimepicker:stripDebugDebugSymbols NO-SOURCE
> Task :react-native-community_datetimepicker:copyDebugJniLibsProjectAndLocalJars UP-TO-DATE
> Task :react-native-community_datetimepicker:extractDebugAnnotations UP-TO-DATE
> Task :react-native-community_datetimepicker:extractDeepLinksForAarDebug UP-TO-DATE
> Task :react-native-community_datetimepicker:mergeDebugGeneratedProguardFiles UP-TO-DATE
> Task :react-native-community_datetimepicker:mergeDebugConsumerProguardFiles UP-TO-DATE
> Task :react-native-community_datetimepicker:prepareDebugArtProfile UP-TO-DATE
> Task :react-native-community_datetimepicker:prepareLintJarForPublish UP-TO-DATE
> Task :react-native-community_datetimepicker:mergeDebugJavaResource UP-TO-DATE
> Task :react-native-community_datetimepicker:syncDebugLibJars UP-TO-DATE
> Task :react-native-community_datetimepicker:bundleDebugAar UP-TO-DATE
> Task :react-native-community_datetimepicker:assembleDebug UP-TO-DATE
> Task :react-native-firebase_analytics:stripDebugDebugSymbols NO-SOURCE
> Task :react-native-firebase_analytics:copyDebugJniLibsProjectAndLocalJars UP-TO-DATE
> Task :react-native-firebase_analytics:extractDebugAnnotations UP-TO-DATE
> Task :react-native-firebase_analytics:extractDeepLinksForAarDebug UP-TO-DATE
> Task :react-native-firebase_analytics:mergeDebugGeneratedProguardFiles UP-TO-DATE
> Task :react-native-firebase_analytics:mergeDebugConsumerProguardFiles UP-TO-DATE
> Task :react-native-firebase_analytics:prepareDebugArtProfile UP-TO-DATE
> Task :react-native-firebase_analytics:prepareLintJarForPublish UP-TO-DATE
> Task :react-native-firebase_analytics:mergeDebugJavaResource UP-TO-DATE
> Task :react-native-firebase_analytics:syncDebugLibJars UP-TO-DATE
> Task :react-native-firebase_analytics:bundleDebugAar UP-TO-DATE
> Task :react-native-firebase_analytics:assembleDebug UP-TO-DATE
> Task :react-native-firebase_app:stripDebugDebugSymbols NO-SOURCE
> Task :react-native-firebase_app:copyDebugJniLibsProjectAndLocalJars UP-TO-DATE
> Task :react-native-firebase_app:extractDebugAnnotations UP-TO-DATE
> Task :react-native-firebase_app:extractDeepLinksForAarDebug UP-TO-DATE
> Task :react-native-firebase_app:mergeDebugGeneratedProguardFiles UP-TO-DATE
> Task :react-native-firebase_app:mergeDebugConsumerProguardFiles UP-TO-DATE
> Task :react-native-firebase_app:prepareDebugArtProfile UP-TO-DATE
> Task :react-native-firebase_app:prepareLintJarForPublish UP-TO-DATE
> Task :react-native-firebase_app:mergeDebugJavaResource UP-TO-DATE
> Task :react-native-firebase_app:syncDebugLibJars UP-TO-DATE
> Task :react-native-firebase_app:bundleDebugAar UP-TO-DATE
> Task :react-native-firebase_app:assembleDebug UP-TO-DATE
> Task :react-native-firebase_crashlytics:stripDebugDebugSymbols NO-SOURCE
> Task :react-native-firebase_crashlytics:copyDebugJniLibsProjectAndLocalJars UP-TO-DATE
> Task :react-native-firebase_crashlytics:extractDebugAnnotations UP-TO-DATE
> Task :react-native-firebase_crashlytics:extractDeepLinksForAarDebug UP-TO-DATE
> Task :react-native-firebase_crashlytics:mergeDebugGeneratedProguardFiles UP-TO-DATE
> Task :react-native-firebase_crashlytics:mergeDebugConsumerProguardFiles UP-TO-DATE
> Task :react-native-firebase_crashlytics:prepareDebugArtProfile UP-TO-DATE
> Task :react-native-firebase_crashlytics:prepareLintJarForPublish UP-TO-DATE
> Task :react-native-firebase_crashlytics:mergeDebugJavaResource UP-TO-DATE
> Task :react-native-firebase_crashlytics:syncDebugLibJars UP-TO-DATE
> Task :react-native-firebase_crashlytics:bundleDebugAar UP-TO-DATE
> Task :react-native-firebase_crashlytics:assembleDebug UP-TO-DATE
> Task :react-native-gesture-handler:stripDebugDebugSymbols NO-SOURCE
> Task :react-native-gesture-handler:copyDebugJniLibsProjectAndLocalJars UP-TO-DATE
> Task :react-native-gesture-handler:extractDebugAnnotations UP-TO-DATE
> Task :react-native-gesture-handler:extractDeepLinksForAarDebug UP-TO-DATE
> Task :react-native-gesture-handler:mergeDebugGeneratedProguardFiles UP-TO-DATE
> Task :react-native-gesture-handler:mergeDebugConsumerProguardFiles UP-TO-DATE
> Task :react-native-gesture-handler:prepareDebugArtProfile UP-TO-DATE
> Task :react-native-gesture-handler:prepareLintJarForPublish UP-TO-DATE
> Task :react-native-gesture-handler:mergeDebugJavaResource UP-TO-DATE
> Task :react-native-gesture-handler:syncDebugLibJars UP-TO-DATE
> Task :react-native-gesture-handler:bundleDebugAar UP-TO-DATE
> Task :react-native-gesture-handler:assembleDebug UP-TO-DATE
> Task :react-native-google-signin_google-signin:stripDebugDebugSymbols NO-SOURCE
> Task :react-native-google-signin_google-signin:copyDebugJniLibsProjectAndLocalJars UP-TO-DATE
> Task :react-native-google-signin_google-signin:extractDebugAnnotations UP-TO-DATE
> Task :react-native-google-signin_google-signin:extractDeepLinksForAarDebug UP-TO-DATE
> Task :react-native-google-signin_google-signin:mergeDebugGeneratedProguardFiles UP-TO-DATE
> Task :react-native-google-signin_google-signin:mergeDebugConsumerProguardFiles UP-TO-DATE
> Task :react-native-google-signin_google-signin:prepareDebugArtProfile UP-TO-DATE
> Task :react-native-google-signin_google-signin:prepareLintJarForPublish UP-TO-DATE
> Task :react-native-google-signin_google-signin:mergeDebugJavaResource UP-TO-DATE
> Task :react-native-google-signin_google-signin:syncDebugLibJars UP-TO-DATE
> Task :react-native-google-signin_google-signin:bundleDebugAar UP-TO-DATE
> Task :react-native-google-signin_google-signin:assembleDebug UP-TO-DATE
> Task :react-native-keyboard-controller:stripDebugDebugSymbols NO-SOURCE
> Task :react-native-keyboard-controller:copyDebugJniLibsProjectAndLocalJars UP-TO-DATE
> Task :react-native-keyboard-controller:extractDebugAnnotations UP-TO-DATE
> Task :react-native-keyboard-controller:extractDeepLinksForAarDebug UP-TO-DATE
> Task :react-native-keyboard-controller:mergeDebugGeneratedProguardFiles UP-TO-DATE
> Task :react-native-keyboard-controller:mergeDebugConsumerProguardFiles UP-TO-DATE
> Task :app:packageDebug
> Task :app:createDebugApkListingFileRedirect
> Task :app:assembleDebug
> Task :react-native-keyboard-controller:prepareDebugArtProfile UP-TO-DATE
> Task :react-native-keyboard-controller:prepareLintJarForPublish UP-TO-DATE
> Task :react-native-keyboard-controller:mergeDebugJavaResource UP-TO-DATE
> Task :react-native-keyboard-controller:syncDebugLibJars UP-TO-DATE
> Task :react-native-keyboard-controller:bundleDebugAar UP-TO-DATE
> Task :react-native-keyboard-controller:assembleDebug UP-TO-DATE
> Task :react-native-masked-view_masked-view:stripDebugDebugSymbols NO-SOURCE
> Task :react-native-masked-view_masked-view:copyDebugJniLibsProjectAndLocalJars UP-TO-DATE
> Task :react-native-masked-view_masked-view:extractDebugAnnotations UP-TO-DATE
> Task :react-native-masked-view_masked-view:extractDeepLinksForAarDebug UP-TO-DATE
> Task :react-native-masked-view_masked-view:mergeDebugGeneratedProguardFiles UP-TO-DATE
> Task :react-native-masked-view_masked-view:mergeDebugConsumerProguardFiles UP-TO-DATE
> Task :react-native-masked-view_masked-view:prepareDebugArtProfile UP-TO-DATE
> Task :react-native-masked-view_masked-view:prepareLintJarForPublish UP-TO-DATE
> Task :react-native-masked-view_masked-view:mergeDebugJavaResource UP-TO-DATE
> Task :react-native-masked-view_masked-view:syncDebugLibJars UP-TO-DATE
> Task :react-native-masked-view_masked-view:bundleDebugAar UP-TO-DATE
> Task :react-native-masked-view_masked-view:assembleDebug UP-TO-DATE
> Task :react-native-purchases:stripDebugDebugSymbols NO-SOURCE
> Task :react-native-purchases:copyDebugJniLibsProjectAndLocalJars UP-TO-DATE
> Task :react-native-purchases:extractDebugAnnotations UP-TO-DATE
> Task :react-native-purchases:extractDeepLinksForAarDebug UP-TO-DATE
> Task :react-native-purchases:mergeDebugGeneratedProguardFiles UP-TO-DATE
> Task :react-native-purchases:mergeDebugConsumerProguardFiles UP-TO-DATE
> Task :react-native-purchases:prepareDebugArtProfile UP-TO-DATE
> Task :react-native-purchases:prepareLintJarForPublish UP-TO-DATE
> Task :react-native-purchases:mergeDebugJavaResource UP-TO-DATE
> Task :react-native-purchases:syncDebugLibJars UP-TO-DATE
> Task :react-native-purchases:bundleDebugAar UP-TO-DATE
> Task :react-native-purchases:assembleDebug UP-TO-DATE
> Task :react-native-reanimated:stripDebugDebugSymbols UP-TO-DATE
> Task :react-native-reanimated:copyDebugJniLibsProjectAndLocalJars UP-TO-DATE
> Task :react-native-reanimated:extractDebugAnnotations UP-TO-DATE
> Task :react-native-reanimated:extractDeepLinksForAarDebug UP-TO-DATE
> Task :react-native-reanimated:mergeDebugGeneratedProguardFiles UP-TO-DATE
> Task :react-native-reanimated:mergeDebugConsumerProguardFiles UP-TO-DATE
> Task :react-native-reanimated:externalNativeBuildDebug
> Task :react-native-reanimated:generateJsonModelDebug
> Task :react-native-reanimated:prefabDebugConfigurePackage UP-TO-DATE
> Task :react-native-reanimated:prefabDebugPackage UP-TO-DATE
> Task :react-native-reanimated:prepareDebugArtProfile UP-TO-DATE
> Task :react-native-reanimated:prepareLintJarForPublish UP-TO-DATE
> Task :react-native-reanimated:mergeDebugJavaResource UP-TO-DATE
> Task :react-native-reanimated:syncDebugLibJars UP-TO-DATE
> Task :react-native-reanimated:bundleDebugAar UP-TO-DATE
> Task :react-native-reanimated:assembleDebug UP-TO-DATE
> Task :react-native-safe-area-context:stripDebugDebugSymbols NO-SOURCE
> Task :react-native-safe-area-context:copyDebugJniLibsProjectAndLocalJars UP-TO-DATE
> Task :react-native-safe-area-context:extractDebugAnnotations UP-TO-DATE
> Task :react-native-safe-area-context:extractDeepLinksForAarDebug UP-TO-DATE
> Task :react-native-safe-area-context:mergeDebugGeneratedProguardFiles UP-TO-DATE
> Task :react-native-safe-area-context:mergeDebugConsumerProguardFiles UP-TO-DATE
> Task :react-native-safe-area-context:prepareDebugArtProfile UP-TO-DATE
> Task :react-native-safe-area-context:prepareLintJarForPublish UP-TO-DATE
> Task :react-native-safe-area-context:mergeDebugJavaResource UP-TO-DATE
> Task :react-native-safe-area-context:syncDebugLibJars UP-TO-DATE
> Task :react-native-safe-area-context:bundleDebugAar UP-TO-DATE
> Task :react-native-safe-area-context:assembleDebug UP-TO-DATE
> Task :react-native-screens:stripDebugDebugSymbols UP-TO-DATE
> Task :react-native-screens:copyDebugJniLibsProjectAndLocalJars UP-TO-DATE
> Task :react-native-screens:extractDebugAnnotations UP-TO-DATE
> Task :react-native-screens:extractDeepLinksForAarDebug UP-TO-DATE
> Task :react-native-screens:mergeDebugGeneratedProguardFiles UP-TO-DATE
> Task :react-native-screens:mergeDebugConsumerProguardFiles UP-TO-DATE
> Task :react-native-screens:prepareDebugArtProfile UP-TO-DATE
> Task :react-native-screens:prepareLintJarForPublish UP-TO-DATE
> Task :react-native-screens:mergeDebugJavaResource UP-TO-DATE
> Task :react-native-screens:syncDebugLibJars UP-TO-DATE
> Task :react-native-screens:bundleDebugAar UP-TO-DATE
> Task :react-native-screens:assembleDebug UP-TO-DATE
> Task :react-native-svg:stripDebugDebugSymbols NO-SOURCE
> Task :react-native-svg:copyDebugJniLibsProjectAndLocalJars UP-TO-DATE
> Task :react-native-svg:extractDebugAnnotations UP-TO-DATE
> Task :react-native-svg:extractDeepLinksForAarDebug UP-TO-DATE
> Task :react-native-svg:mergeDebugGeneratedProguardFiles UP-TO-DATE
> Task :react-native-svg:mergeDebugConsumerProguardFiles UP-TO-DATE
> Task :react-native-svg:prepareDebugArtProfile UP-TO-DATE
> Task :react-native-svg:prepareLintJarForPublish UP-TO-DATE
> Task :react-native-svg:mergeDebugJavaResource UP-TO-DATE
> Task :react-native-svg:syncDebugLibJars UP-TO-DATE
> Task :react-native-svg:bundleDebugAar UP-TO-DATE
> Task :react-native-svg:assembleDebug UP-TO-DATE
> Task :react-native-webview:stripDebugDebugSymbols NO-SOURCE
> Task :react-native-webview:copyDebugJniLibsProjectAndLocalJars UP-TO-DATE
> Task :react-native-webview:extractDebugAnnotations UP-TO-DATE
> Task :react-native-webview:extractDeepLinksForAarDebug UP-TO-DATE
> Task :react-native-webview:mergeDebugGeneratedProguardFiles UP-TO-DATE
> Task :react-native-webview:mergeDebugConsumerProguardFiles UP-TO-DATE
> Task :react-native-webview:prepareDebugArtProfile UP-TO-DATE
> Task :react-native-webview:prepareLintJarForPublish UP-TO-DATE
> Task :react-native-webview:mergeDebugJavaResource UP-TO-DATE
> Task :react-native-webview:syncDebugLibJars UP-TO-DATE
> Task :react-native-webview:bundleDebugAar UP-TO-DATE
> Task :react-native-webview:assembleDebug UP-TO-DATE

Deprecated Gradle features were used in this build, making it incompatible with Gradle 9.0.

You can use '--warning-mode all' to show the individual deprecation warnings and determine if they come from your own scripts or plugins.

For more on this, please refer to https://docs.gradle.org/8.10.2/userguide/command_line_interface.html#sec:command_line_warnings in the Gradle documentation.

BUİLD SUCCESSFUL in 2m 22s
1354 actionable tasks: 86 executed, 1268 up-to-date
