Starting a Gradle Daemon, 2 busy Daemons could not be reused, use --status for details
> Task :gradle-plugin:settings-plugin:checkKotlinGradlePluginConfigurationErrors
> Task :gradle-plugin:shared:checkKotlinGradlePluginConfigurationErrors
> Task :gradle-plugin:shared:processResources NO-SOURCE
> Task :gradle-plugin:settings-plugin:pluginDescriptors
> Task :gradle-plugin:settings-plugin:processResources
> Task :gradle-plugin:shared:compileKotlin
> Task :gradle-plugin:shared:compileJava NO-SOURCE
> Task :gradle-plugin:shared:classes UP-TO-DATE
> Task :gradle-plugin:shared:jar
> Task :gradle-plugin:settings-plugin:compileKotlin
> Task :gradle-plugin:settings-plugin:compileJava NO-SOURCE
> Task :gradle-plugin:settings-plugin:classes
> Task :gradle-plugin:settings-plugin:jar
> Task :gradle-plugin:react-native-gradle-plugin:checkKotlinGradlePluginConfigurationErrors
> Task :gradle-plugin:react-native-gradle-plugin:pluginDescriptors
> Task :gradle-plugin:react-native-gradle-plugin:processResources
> Task :gradle-plugin:react-native-gradle-plugin:compileKotlin
> Task :gradle-plugin:react-native-gradle-plugin:compileJava NO-SOURCE
> Task :gradle-plugin:react-native-gradle-plugin:classes
> Task :gradle-plugin:react-native-gradle-plugin:jar

> Configure project :expo

Using expo modules
  - [32mexpo-application[0m (6.0.2)
  - [32mexpo-asset[0m (11.0.5)
  - [32mexpo-av[0m (15.0.2)
  - [32mexpo-blur[0m (14.0.3)
  - [32mexpo-clipboard[0m (7.0.1)
  - [32mexpo-constants[0m (17.0.8)
  - [32mexpo-crypto[0m (14.0.2)
  - [32mexpo-device[0m (7.0.3)
  - [32mexpo-file-system[0m (18.0.12)
  - [32mexpo-font[0m (13.0.4)
  - [32mexpo-haptics[0m (14.0.1)
  - [32mexpo-image-loader[0m (5.0.0)
  - [32mexpo-image-manipulator[0m (13.0.6)
  - [32mexpo-image-picker[0m (16.0.6)
  - [32mexpo-keep-awake[0m (14.0.3)
  - [32mexpo-linear-gradient[0m (14.0.2)
  - [32mexpo-linking[0m (7.0.5)
  - [32mexpo-modules-core[0m (2.0.0)
  - [32mexpo-notifications[0m (0.29.14)
  - [32mexpo-splash-screen[0m (0.29.24)
  - [32mexpo-web-browser[0m (14.0.2)


> Configure project :react-native-firebase_analytics
:react-native-firebase_analytics package.json found at C:\SopranoChat\node_modules\@react-native-firebase\analytics\package.json
:react-native-firebase_app package.json found at C:\SopranoChat\node_modules\@react-native-firebase\app\package.json
:react-native-firebase_analytics:firebase.bom using default value: 33.12.0
:react-native-firebase_analytics package.json found at C:\SopranoChat\node_modules\@react-native-firebase\analytics\package.json
:react-native-firebase_analytics:version set from package.json: 21.14.0 (21,14,0 - 21014000)
:react-native-firebase_analytics:android.compileSdk using custom value: 35
:react-native-firebase_analytics:android.targetSdk using custom value: 35
:react-native-firebase_analytics:android.minSdk using custom value: 24
:react-native-firebase_analytics:reactNativeAndroidDir C:\SopranoChat\node_modules\react-native\android

> Configure project :react-native-firebase_app
:react-native-firebase_app package.json found at C:\SopranoChat\node_modules\@react-native-firebase\app\package.json
:react-native-firebase_app:firebase.bom using default value: 33.12.0
:react-native-firebase_app:play.play-services-auth using default value: 21.3.0
:react-native-firebase_app package.json found at C:\SopranoChat\node_modules\@react-native-firebase\app\package.json
:react-native-firebase_app:version set from package.json: 21.14.0 (21,14,0 - 21014000)
:react-native-firebase_app:android.compileSdk using custom value: 35
:react-native-firebase_app:android.targetSdk using custom value: 35
:react-native-firebase_app:android.minSdk using custom value: 24
:react-native-firebase_app:reactNativeAndroidDir C:\SopranoChat\node_modules\react-native\android

> Configure project :react-native-firebase_crashlytics
:react-native-firebase_crashlytics package.json found at C:\SopranoChat\node_modules\@react-native-firebase\crashlytics\package.json
:react-native-firebase_app package.json found at C:\SopranoChat\node_modules\@react-native-firebase\app\package.json
:react-native-firebase_crashlytics:firebase.bom using default value: 33.12.0
:react-native-firebase_crashlytics package.json found at C:\SopranoChat\node_modules\@react-native-firebase\crashlytics\package.json
:react-native-firebase_crashlytics:version set from package.json: 21.14.0 (21,14,0 - 21014000)
:react-native-firebase_crashlytics:android.compileSdk using custom value: 35
:react-native-firebase_crashlytics:android.targetSdk using custom value: 35
:react-native-firebase_crashlytics:android.minSdk using custom value: 24
:react-native-firebase_crashlytics:reactNativeAndroidDir C:\SopranoChat\node_modules\react-native\android

> Configure project :react-native-reanimated
Android gradle plugin: 8.6.0
Gradle: 8.10.2

> Task :app:checkKotlinGradlePluginConfigurationErrors
> Task :app:generateAutolinkingPackageList
> Task :app:generateCodegenSchemaFromJavaScript SKIPPED
> Task :app:generateCodegenArtifactsFromSchema SKIPPED
> Task :app:preBuild
> Task :app:preReleaseBuild
> Task :app:generateReleaseBuildConfig
> Task :expo:generateExpoModulesPackageListTask
> Task :expo:preBuild
> Task :expo:preReleaseBuild
> Task :expo-application:preBuild UP-TO-DATE
> Task :expo-application:preReleaseBuild UP-TO-DATE
> Task :expo-asset:preBuild UP-TO-DATE
> Task :expo-asset:preReleaseBuild UP-TO-DATE
> Task :expo-application:writeReleaseAarMetadata
> Task :expo:writeReleaseAarMetadata
> Task :expo-av:preBuild UP-TO-DATE
> Task :expo-av:preReleaseBuild UP-TO-DATE
> Task :expo-asset:writeReleaseAarMetadata
> Task :expo-blur:preBuild UP-TO-DATE
> Task :expo-blur:preReleaseBuild UP-TO-DATE
> Task :expo-av:writeReleaseAarMetadata
> Task :expo-clipboard:preBuild UP-TO-DATE
> Task :expo-clipboard:preReleaseBuild UP-TO-DATE
> Task :expo-blur:writeReleaseAarMetadata
> Task :expo-clipboard:writeReleaseAarMetadata

> Task :expo-constants:createExpoConfig
The NODE_ENV environment variable is required but was not specified. Ensure the project is bundled with Expo CLI or NODE_ENV is set.
Proceeding without mode-specific .env

> Task :expo-constants:preBuild
> Task :expo-constants:preReleaseBuild
> Task :expo-crypto:preBuild UP-TO-DATE
> Task :expo-crypto:preReleaseBuild UP-TO-DATE
> Task :expo-constants:writeReleaseAarMetadata
> Task :expo-device:preBuild UP-TO-DATE
> Task :expo-device:preReleaseBuild UP-TO-DATE
> Task :expo-crypto:writeReleaseAarMetadata
> Task :expo-file-system:preBuild UP-TO-DATE
> Task :expo-file-system:preReleaseBuild UP-TO-DATE
> Task :expo-device:writeReleaseAarMetadata
> Task :expo-font:preBuild UP-TO-DATE
> Task :expo-font:preReleaseBuild UP-TO-DATE
> Task :expo-file-system:writeReleaseAarMetadata
> Task :expo-haptics:preBuild UP-TO-DATE
> Task :expo-haptics:preReleaseBuild UP-TO-DATE
> Task :expo-font:writeReleaseAarMetadata
> Task :expo-image-loader:preBuild UP-TO-DATE
> Task :expo-image-loader:preReleaseBuild UP-TO-DATE
> Task :expo-haptics:writeReleaseAarMetadata
> Task :expo-image-manipulator:preBuild UP-TO-DATE
> Task :expo-image-manipulator:preReleaseBuild UP-TO-DATE
> Task :expo-image-loader:writeReleaseAarMetadata
> Task :expo-image-picker:preBuild UP-TO-DATE
> Task :expo-image-picker:preReleaseBuild UP-TO-DATE
> Task :expo-image-manipulator:writeReleaseAarMetadata
> Task :expo-keep-awake:preBuild UP-TO-DATE
> Task :expo-keep-awake:preReleaseBuild UP-TO-DATE
> Task :expo-image-picker:writeReleaseAarMetadata
> Task :expo-linear-gradient:preBuild UP-TO-DATE
> Task :expo-linear-gradient:preReleaseBuild UP-TO-DATE
> Task :expo-keep-awake:writeReleaseAarMetadata
> Task :expo-linking:preBuild UP-TO-DATE
> Task :expo-linking:preReleaseBuild UP-TO-DATE
> Task :expo-linear-gradient:writeReleaseAarMetadata
> Task :expo-modules-core:preBuild UP-TO-DATE
> Task :expo-modules-core:preReleaseBuild UP-TO-DATE
> Task :expo-linking:writeReleaseAarMetadata
> Task :expo-notifications:preBuild UP-TO-DATE
> Task :expo-notifications:preReleaseBuild UP-TO-DATE
> Task :expo-modules-core:writeReleaseAarMetadata
> Task :expo-splash-screen:preBuild UP-TO-DATE
> Task :expo-splash-screen:preReleaseBuild UP-TO-DATE
> Task :expo-notifications:writeReleaseAarMetadata
> Task :expo-web-browser:preBuild UP-TO-DATE
> Task :expo-web-browser:preReleaseBuild UP-TO-DATE
> Task :expo-splash-screen:writeReleaseAarMetadata
> Task :livekit_react-native:preBuild UP-TO-DATE
> Task :livekit_react-native:preReleaseBuild UP-TO-DATE
> Task :expo-web-browser:writeReleaseAarMetadata
> Task :livekit_react-native-webrtc:preBuild UP-TO-DATE
> Task :livekit_react-native-webrtc:preReleaseBuild UP-TO-DATE
> Task :livekit_react-native:writeReleaseAarMetadata
> Task :lottie-react-native:preBuild UP-TO-DATE
> Task :livekit_react-native-webrtc:writeReleaseAarMetadata
> Task :lottie-react-native:preReleaseBuild UP-TO-DATE
> Task :react-native-async-storage_async-storage:preBuild UP-TO-DATE
> Task :react-native-async-storage_async-storage:preReleaseBuild UP-TO-DATE
> Task :lottie-react-native:writeReleaseAarMetadata
> Task :react-native-community_datetimepicker:preBuild UP-TO-DATE
> Task :react-native-community_datetimepicker:preReleaseBuild UP-TO-DATE
> Task :react-native-async-storage_async-storage:writeReleaseAarMetadata
> Task :react-native-firebase_analytics:preBuild UP-TO-DATE
> Task :react-native-firebase_analytics:preReleaseBuild UP-TO-DATE
> Task :react-native-community_datetimepicker:writeReleaseAarMetadata
> Task :react-native-firebase_app:preBuild UP-TO-DATE
> Task :react-native-firebase_analytics:writeReleaseAarMetadata
> Task :react-native-firebase_app:preReleaseBuild UP-TO-DATE
> Task :react-native-firebase_crashlytics:preBuild UP-TO-DATE
> Task :react-native-firebase_crashlytics:preReleaseBuild UP-TO-DATE
> Task :react-native-firebase_app:writeReleaseAarMetadata
> Task :react-native-gesture-handler:preBuild UP-TO-DATE
> Task :react-native-gesture-handler:preReleaseBuild UP-TO-DATE
> Task :react-native-firebase_crashlytics:writeReleaseAarMetadata
> Task :react-native-google-signin_google-signin:preBuild UP-TO-DATE
> Task :react-native-google-signin_google-signin:preReleaseBuild UP-TO-DATE
> Task :react-native-gesture-handler:writeReleaseAarMetadata
> Task :react-native-keyboard-controller:preBuild UP-TO-DATE
> Task :react-native-keyboard-controller:preReleaseBuild UP-TO-DATE
> Task :react-native-google-signin_google-signin:writeReleaseAarMetadata
> Task :react-native-keyboard-controller:writeReleaseAarMetadata
> Task :react-native-masked-view_masked-view:preBuild UP-TO-DATE
> Task :react-native-masked-view_masked-view:preReleaseBuild UP-TO-DATE
> Task :react-native-purchases:preBuild UP-TO-DATE
> Task :react-native-purchases:preReleaseBuild UP-TO-DATE
> Task :react-native-masked-view_masked-view:writeReleaseAarMetadata
> Task :react-native-purchases:writeReleaseAarMetadata
> Task :react-native-reanimated:assertLatestReactNativeWithNewArchitectureTask SKIPPED
> Task :react-native-reanimated:assertMinimalReactNativeVersionTask SKIPPED
> Task :react-native-reanimated:prepareReanimatedHeadersForPrefabs
> Task :react-native-reanimated:prepareWorkletsHeadersForPrefabs
> Task :react-native-reanimated:preBuild
> Task :react-native-reanimated:preReleaseBuild
> Task :react-native-safe-area-context:preBuild UP-TO-DATE
> Task :react-native-safe-area-context:preReleaseBuild UP-TO-DATE
> Task :react-native-reanimated:writeReleaseAarMetadata
> Task :react-native-screens:preBuild UP-TO-DATE
> Task :react-native-screens:preReleaseBuild UP-TO-DATE
> Task :react-native-safe-area-context:writeReleaseAarMetadata
> Task :react-native-webview:preBuild UP-TO-DATE
> Task :react-native-webview:preReleaseBuild UP-TO-DATE
> Task :react-native-screens:writeReleaseAarMetadata
> Task :react-native-webview:writeReleaseAarMetadata

> Task :app:createBundleReleaseJsAndAssets
Starting Metro Bundler
warning: Bundler cache is empty, rebuilding (this may take a minute)
Android Bundled 27983ms C:\SopranoChat\index.ts (2132 modules)
Writing bundle output to: android\app\build\generated\assets\createBundleReleaseJsAndAssets\index.android.bundle
Writing sourcemap output to: android\app\build\intermediates\sourcemaps\react\release\index.android.bundle.packager.map
Copying 127 asset files
Done writing bundle output
Done writing sourcemap output
android\app\build\generated\assets\createBundleReleaseJsAndAssets\index.android.bundle:2376:20: warning: the variable "Promise" was not declared in function "promiseMethodWrapper"
        return new Promise((resolve, reject) => {
                   ^~~~~~~
android\app\build\generated\assets\createBundleReleaseJsAndAssets\index.android.bundle:2598:23: warning: the variable "DebuggerInternal" was not declared in function "__shouldPauseOnThrow"
        return typeof DebuggerInternal !== 'undefined' && DebuggerInternal.sh...
                      ^~~~~~~~~~~~~~~~
android\app\build\generated\assets\createBundleReleaseJsAndAssets\index.android.bundle:3915:5: warning: the variable "setImmediate" was not declared in function "handleResolved"
    setImmediate(function () {
    ^~~~~~~~~~~~
android\app\build\generated\assets\createBundleReleaseJsAndAssets\index.android.bundle:5263:94: warning: the variable "setTimeout" was not declared in anonymous arrow function " 238#"
...).then(callback).catch(error => setTimeout(() => {
                                   ^~~~~~~~~~
android\app\build\generated\assets\createBundleReleaseJsAndAssets\index.android.bundle:7540:5: warning: the variable "Headers" was not declared in anonymous function " 311#"
    Headers,
    ^~~~~~~
android\app\build\generated\assets\createBundleReleaseJsAndAssets\index.android.bundle:7541:5: warning: the variable "Request" was not declared in anonymous function " 311#"
    Request,
    ^~~~~~~
android\app\build\generated\assets\createBundleReleaseJsAndAssets\index.android.bundle:7542:5: warning: the variable "Response" was not declared in anonymous function " 311#"
    Response
    ^~~~~~~~
android\app\build\generated\assets\createBundleReleaseJsAndAssets\index.android.bundle:7699:24: warning: the variable "FileReader" was not declared in function "readBlobAsArrayBuffer"
      var reader = new FileReader();
                       ^~~~~~~~~~
android\app\build\generated\assets\createBundleReleaseJsAndAssets\index.android.bundle:7750:36: warning: the variable "Blob" was not declared in anonymous function " 322#"
        } else if (support.blob && Blob.prototype.isPrototypeOf(body)) {
                                   ^~~~
android\app\build\generated\assets\createBundleReleaseJsAndAssets\index.android.bundle:7752:40: warning: the variable "FormData" was not declared in anonymous function " 322#"
        } else if (support.formData && FormData.prototype.isPrototypeOf(body)) {
                                       ^~~~~~~~
android\app\build\generated\assets\createBundleReleaseJsAndAssets\index.android.bundle:7754:44: warning: the variable "URLSearchParams" was not declared in anonymous function " 322#"
...e if (support.searchParams && URLSearchParams.prototype.isPrototypeOf(body...
                                 ^~~~~~~~~~~~~~~
android\app\build\generated\assets\createBundleReleaseJsAndAssets\index.android.bundle:7873:26: warning: the variable "AbortController" was not declared in anonymous function " 328#"
          var ctrl = new AbortController();
                         ^~~~~~~~~~~~~~~
android\app\build\generated\assets\createBundleReleaseJsAndAssets\index.android.bundle:8007:23: warning: the variable "XMLHttpRequest" was not declared in anonymous function " 332#"
        var xhr = new XMLHttpRequest();
                      ^~~~~~~~~~~~~~
android\app\build\generated\assets\createBundleReleaseJsAndAssets\index.android.bundle:7552:71: warning: the variable "self" was not declared in anonymous function " 314#"
...undefined' && globalThis || typeof self !== 'undefined' && self ||
                                      ^~~~
android\app\build\generated\assets\createBundleReleaseJsAndAssets\index.android.bundle:17103:31: warning: the variable "nativeFabricUIManager" was not declared in anonymous function " 645#"
  var _nativeFabricUIManage = nativeFabricUIManager,
                              ^~~~~~~~~~~~~~~~~~~~~
android\app\build\generated\assets\createBundleReleaseJsAndAssets\index.android.bundle:17131:21: warning: the variable "clearTimeout" was not declared in anonymous function " 645#"
    cancelTimeout = clearTimeout;
                    ^~~~~~~~~~~~
android\app\build\generated\assets\createBundleReleaseJsAndAssets\index.android.bundle:17144:51: warning: the variable "RN$enableMicrotasksInReact" was not declared in anonymous function " 645#"
... "undefined" !== typeof RN$enableMicrotasksInReact && !!RN$enableMicrotask...
                           ^~~~~~~~~~~~~~~~~~~~~~~~~~
android\app\build\generated\assets\createBundleReleaseJsAndAssets\index.android.bundle:17145:47: warning: the variable "queueMicrotask" was not declared in anonymous function " 645#"
...otask = "function" === typeof queueMicrotask ? queueMicrotask : scheduleTi...
                                 ^~~~~~~~~~~~~~
android\app\build\generated\assets\createBundleReleaseJsAndAssets\index.android.bundle:21566:30: warning: the variable "__REACT_DEVTOOLS_GLOBAL_HOOK__" was not declared in anonymous function " 645#"
  if ("undefined" !== typeof __REACT_DEVTOOLS_GLOBAL_HOOK__) {
                             ^~~~~~~~~~~~~~~~~~~~~~~~~~~~~~
android\app\build\generated\assets\createBundleReleaseJsAndAssets\index.android.bundle:21704:26: warning: the variable "navigator" was not declared in anonymous function " 678#"
  "undefined" !== typeof navigator && undefined !== navigator.scheduling && u...
                         ^~~~~~~~~
android\app\build\generated\assets\createBundleReleaseJsAndAssets\index.android.bundle:21814:37: warning: the variable "MessageChannel" was not declared in anonymous function " 678#"
  };else if ("undefined" !== typeof MessageChannel) {
                                    ^~~~~~~~~~~~~~
android\app\build\generated\assets\createBundleReleaseJsAndAssets\index.android.bundle:21829:34: warning: the variable "nativeRuntimeScheduler" was not declared in anonymous function " 678#"
... = "undefined" !== typeof nativeRuntimeScheduler ? nativeRuntimeScheduler....
                             ^~~~~~~~~~~~~~~~~~~~~~
android\app\build\generated\assets\createBundleReleaseJsAndAssets\index.android.bundle:30662:16: warning: the variable "SharedArrayBuffer" was not declared in function "from"
    if (typeof SharedArrayBuffer !== 'undefined' && (isInstance(value, Shared...
               ^~~~~~~~~~~~~~~~~
android\app\build\generated\assets\createBundleReleaseJsAndAssets\index.android.bundle:38549:34: warning: the variable "requestAnimationFrame" was not declared in function "start 9#"
...    this._animationFrame = requestAnimationFrame(this.onUpdate.bind(this));
                              ^~~~~~~~~~~~~~~~~~~~~
android\app\build\generated\assets\createBundleReleaseJsAndAssets\index.android.bundle:53717:26: warning: the variable "SuppressedError" was not declared in anonymous function " 1654#"
    "function" == typeof SuppressedError && SuppressedError;
                         ^~~~~~~~~~~~~~~
android\app\build\generated\assets\createBundleReleaseJsAndAssets\index.android.bundle:54002:34: warning: the variable "structuredClone" was not declared in function "be"
        } : "function" == typeof structuredClone ? function (e) {
                                 ^~~~~~~~~~~~~~~
android\app\build\generated\assets\createBundleReleaseJsAndAssets\index.android.bundle:61551:16: warning: Direct call to eval(), but lexical scope is not supported.
        return eval(body);
               ^~~~~~~~~~
android\app\build\generated\assets\createBundleReleaseJsAndAssets\index.android.bundle:64768:38: warning: the variable "document" was not declared in anonymous function " 2231#"
...r useClientLayoutEffect = typeof document !== 'undefined' || typeof naviga...
                                    ^~~~~~~~
android\app\build\generated\assets\createBundleReleaseJsAndAssets\index.android.bundle:70329:9: warning: the variable "REACT_NAVIGATION_DEVTOOLS" was not declared in anonymous arrow function " 2588#"
        REACT_NAVIGATION_DEVTOOLS.set(refContainer.current, {
        ^~~~~~~~~~~~~~~~~~~~~~~~~
android\app\build\generated\assets\createBundleReleaseJsAndAssets\index.android.bundle:76076:16: warning: the variable "requestIdleCallback" was not declared in anonymous arrow function " 2833#"
      var id = requestIdleCallback(() => {
               ^~~~~~~~~~~~~~~~~~~
android\app\build\generated\assets\createBundleReleaseJsAndAssets\index.android.bundle:76079:20: warning: the variable "cancelIdleCallback" was not declared in anonymous arrow function " 2835#"
      return () => cancelIdleCallback(id);
                   ^~~~~~~~~~~~~~~~~~
android\app\build\generated\assets\createBundleReleaseJsAndAssets\index.android.bundle:79578:11: warning: the variable "cancelAnimationFrame" was not declared in function "cleanup"
          cancelAnimationFrame(this.splashScreenAnimationFrame);
          ^~~~~~~~~~~~~~~~~~~~
android\app\build\generated\assets\createBundleReleaseJsAndAssets\index.android.bundle:80758:16: warning: the variable "ReactNativeWebView" was not declared in function "emitDomEvent"
    if (typeof ReactNativeWebView !== 'undefined') {
               ^~~~~~~~~~~~~~~~~~
android\app\build\generated\assets\createBundleReleaseJsAndAssets\index.android.bundle:121002:13: warning: the variable "clearInterval" was not declared in anonymous arrow function " 3646#"
            clearInterval(this._workerHeartbeatTimer);
            ^~~~~~~~~~~~~
android\app\build\generated\assets\createBundleReleaseJsAndAssets\index.android.bundle:121406:30: warning: the variable "Worker" was not declared in function "_startWorkerHeartbeat"
        this.workerRef = new Worker(objectUrl);
                             ^~~~~~
android\app\build\generated\assets\createBundleReleaseJsAndAssets\index.android.bundle:121552:20: warning: the variable "WebSocket" was not declared in function "detectEnvironment"
        if (typeof WebSocket !== 'undefined') {
                   ^~~~~~~~~
android\app\build\generated\assets\createBundleReleaseJsAndAssets\index.android.bundle:121795:27: warning: the variable "TextEncoder" was not declared in function "_encodeJsonUserBroadcastPush"
        var encoder = new TextEncoder();
                          ^~~~~~~~~~~
android\app\build\generated\assets\createBundleReleaseJsAndAssets\index.android.bundle:121877:27: warning: the variable "TextDecoder" was not declared in function "_binaryDecode"
        var decoder = new TextDecoder();
                          ^~~~~~~~~~~
android\app\build\generated\assets\createBundleReleaseJsAndAssets\index.android.bundle:123952:12: warning: the variable "btoa" was not declared in arrow function "arrayBufferToBase64"
    return btoa(binary);
           ^~~~
android\app\build\generated\assets\createBundleReleaseJsAndAssets\index.android.bundle:123958:26: warning: the variable "atob" was not declared in function "LongPoll 1#"
        this.authToken = atob(protocols[1].slice(AUTH_TOKEN_PREFIX.length));
                         ^~~~
android\app\build\generated\assets\createBundleReleaseJsAndAssets\index.android.bundle:124116:20: warning: the variable "CloseEvent" was not declared in function "close 7#"
        if (typeof CloseEvent !== "undefined") {
                   ^~~~~~~~~~
android\app\build\generated\assets\createBundleReleaseJsAndAssets\index.android.bundle:126400:27: warning: the variable "ReadableStream" was not declared in function "?anon_0_ 86#"
              if ((typeof ReadableStream !== "undefined" && body instanceof R...
                          ^~~~~~~~~~~~~~
android\app\build\generated\assets\createBundleReleaseJsAndAssets\index.android.bundle:127429:20: warning: the variable "Buffer" was not declared in function "toBase64"
        if (typeof Buffer !== "undefined") return Buffer.from(data).toString(...
                   ^~~~~~
android\app\build\generated\assets\createBundleReleaseJsAndAssets\index.android.bundle:132127:16: warning: the variable "crypto" was not declared in function "generatePKCEVerifier"
    if (typeof crypto === 'undefined') {
               ^~~~~~
android\app\build\generated\assets\createBundleReleaseJsAndAssets\index.android.bundle:137909:24: warning: the variable "setInterval" was not declared in function "?anon_0_ 308#"
          var ticker = setInterval(() => this._autoRefreshTokenTick(), consta...
                       ^~~~~~~~~~~
android\app\build\generated\assets\createBundleReleaseJsAndAssets\index.android.bundle:139594:7: warning: the variable "__magic__" was not declared in function "polyfillGlobalThis"
      __magic__.globalThis = __magic__;
      ^~~~~~~~~
android\app\build\generated\assets\createBundleReleaseJsAndAssets\index.android.bundle:139796:16: warning: the variable "PublicKeyCredential" was not declared in function "deserializeCredentialCreationOptions"
    if (typeof PublicKeyCredential !== 'undefined' && 'parseCreationOptionsFr...
               ^~~~~~~~~~~~~~~~~~~
android\app\build\generated\assets\createBundleReleaseJsAndAssets\index.android.bundle:140656:37: warning: the variable "AbortSignal" was not declared in function "identifyRegistrationError"
      if (options.signal instanceof AbortSignal) {
                                    ^~~~~~~~~~~
android\app\build\generated\assets\createBundleReleaseJsAndAssets\index.android.bundle:141620:18: warning: the variable "FinalizationRegistry" was not declared in function "initializeServerApp"
      if (typeof FinalizationRegistry === 'undefined') {
                 ^~~~~~~~~~~~~~~~~~~~
android\app\build\generated\assets\createBundleReleaseJsAndAssets\index.android.bundle:145335:29: warning: the variable "IDBDatabase" was not declared in function "getMethod"
    if (!(target instanceof IDBDatabase && !(prop in target) && typeof prop =...
                            ^~~~~~~~~~~
android\app\build\generated\assets\createBundleReleaseJsAndAssets\index.android.bundle:145344:37: warning: the variable "IDBIndex" was not declared in function "getMethod"
    !(targetFuncName in (useIndex ? IDBIndex : IDBObjectStore).prototype) || ...
                                    ^~~~~~~~
android\app\build\generated\assets\createBundleReleaseJsAndAssets\index.android.bundle:145344:48: warning: the variable "IDBObjectStore" was not declared in function "getMethod"
...ame in (useIndex ? IDBIndex : IDBObjectStore).prototype) || !(isWrite || r...
                                 ^~~~~~~~~~~~~~
android\app\build\generated\assets\createBundleReleaseJsAndAssets\index.android.bundle:145388:94: warning: the variable "IDBCursor" was not declared in function "getIdbProxyableTypes"
...abase, IDBObjectStore, IDBIndex, IDBCursor, IDBTransaction]);
                                    ^~~~~~~~~
android\app\build\generated\assets\createBundleReleaseJsAndAssets\index.android.bundle:145388:105: warning: the variable "IDBTransaction" was not declared in function "getIdbProxyableTypes"
...ctStore, IDBIndex, IDBCursor, IDBTransaction]);
                                 ^~~~~~~~~~~~~~
android\app\build\generated\assets\createBundleReleaseJsAndAssets\index.android.bundle:145443:32: warning: the variable "DOMException" was not declared in arrow function "error 8#"
        reject(tx.error || new DOMException('AbortError', 'AbortError'));
                               ^~~~~~~~~~~~
android\app\build\generated\assets\createBundleReleaseJsAndAssets\index.android.bundle:145535:26: warning: the variable "IDBRequest" was not declared in function "wrap 1#"
    if (value instanceof IDBRequest) return promisifyRequest(value);
                         ^~~~~~~~~~
android\app\build\generated\assets\createBundleReleaseJsAndAssets\index.android.bundle:163125:27: warning: the variable "Comment" was not declared in function "Qr 1#"
      return t instanceof Comment && "" === t.data ? Zr(t) : t;
                          ^~~~~~~
android\app\build\generated\assets\createBundleReleaseJsAndAssets\index.android.bundle:163512:55: warning: the variable "EventTarget" was not declared in function "ra"
...typeof e && e && !(e instanceof EventTarget)) if (re in e) ta(e);else if (...
                                   ^~~~~~~~~~~
android\app\build\generated\assets\createBundleReleaseJsAndAssets\index.android.bundle:163553:78: warning: the variable "HTMLMediaElement" was not declared in function "ia"
...=== document || r instanceof HTMLMediaElement) && it(() => {
                                ^~~~~~~~~~~~~~~~
android\app\build\generated\assets\createBundleReleaseJsAndAssets\index.android.bundle:163722:21: warning: the variable "Element" was not declared in anonymous function " 5619#"
            var e = Element.prototype,
                    ^~~~~~~
android\app\build\generated\assets\createBundleReleaseJsAndAssets\index.android.bundle:163723:19: warning: the variable "Node" was not declared in anonymous function " 5619#"
              r = Node.prototype,
                  ^~~~
android\app\build\generated\assets\createBundleReleaseJsAndAssets\index.android.bundle:163724:19: warning: the variable "Text" was not declared in anonymous function " 5619#"
              t = Text.prototype;
                  ^~~~
android\app\build\generated\assets\createBundleReleaseJsAndAssets\index.android.bundle:164085:29: warning: the variable "CustomEvent" was not declared in anonymous arrow function " 5649#"
        e.dispatchEvent(new CustomEvent(r));
                            ^~~~~~~~~~~
android\app\build\generated\assets\createBundleReleaseJsAndAssets\index.android.bundle:164500:27: warning: the variable "MutationObserver" was not declared in anonymous function " 5679#"
              var r = new MutationObserver(() => {
                          ^~~~~~~~~~~~~~~~
android\app\build\generated\assets\createBundleReleaseJsAndAssets\index.android.bundle:170869:18: warning: the variable "WebKitCSSMatrix" was not declared in function "Cl"
      return new WebKitCSSMatrix(r.transform).m41;
                 ^~~~~~~~~~~~~~~
android\app\build\generated\assets\createBundleReleaseJsAndAssets\index.android.bundle:172396:30: warning: the variable "FontFace" was not declared in function "?anon_0__loop6"
                  _n17 = new FontFace(_a26, `url(${e.url})`, {
                             ^~~~~~~~
android\app\build\generated\assets\createBundleReleaseJsAndAssets\index.android.bundle:173498:35: warning: the variable "ResizeObserver" was not declared in anonymous arrow function " 6314#"
      Ra(() => (Zt(o) && (n = new ResizeObserver(() => {
                                  ^~~~~~~~~~~~~~
android\app\build\generated\assets\createBundleReleaseJsAndAssets\index.android.bundle:177221:16: warning: the variable "getComputedStyle" was not declared in function "qg"
      var n = +getComputedStyle(e).opacity;
               ^~~~~~~~~~~~~~~~
android\app\build\generated\assets\createBundleReleaseJsAndAssets\index.android.bundle:180549:14: warning: the variable "screen" was not declared in function "Bh"
      typeof screen < "u" && screen && (n = screen.width, o = screen.height);
             ^~~~~~
android\app\build\generated\assets\createBundleReleaseJsAndAssets\index.android.bundle:180560:19: warning: the variable "Intl" was not declared in function "Bh"
        timeZone: Intl.DateTimeFormat().resolvedOptions().timeZone,
                  ^~~~
android\app\build\generated\assets\createBundleReleaseJsAndAssets\index.android.bundle:183046:81: warning: the variable "localStorage" was not declared in function "configure 4#"
...pUserId, "undefined" != typeof localStorage && localStorage.setItem(Fy.APP...
                                  ^~~~~~~~~~~~
android\app\build\generated\assets\createBundleReleaseJsAndAssets\index.android.bundle:202292:25: warning: the variable "Atomics" was not declared in anonymous function " 8143#"
    '%Atomics%': typeof Atomics === 'undefined' ? undefined : Atomics,
                        ^~~~~~~
android\app\build\generated\assets\createBundleReleaseJsAndAssets\index.android.bundle:202307:30: warning: the variable "Float16Array" was not declared in anonymous function " 8143#"
    '%Float16Array%': typeof Float16Array === 'undefined' ? undefined : Float...
                             ^~~~~~~~~~~~
android\app\build\generated\assets\createBundleReleaseJsAndAssets\index.android.bundle:202350:25: warning: the variable "WeakRef" was not declared in anonymous function " 8143#"
    '%WeakRef%': typeof WeakRef === 'undefined' ? undefined : WeakRef,
                        ^~~~~~~
android\app\build\generated\assets\createBundleReleaseJsAndAssets\index.android.bundle:244568:18: warning: the variable "dispatchEvent" was not declared in function "reportError 1#"
      if (typeof dispatchEvent === "function" && typeof ErrorEvent === "funct...
                 ^~~~~~~~~~~~~
android\app\build\generated\assets\createBundleReleaseJsAndAssets\index.android.bundle:244568:57: warning: the variable "ErrorEvent" was not declared in function "reportError 1#"
...hEvent === "function" && typeof ErrorEvent === "function") {
                                   ^~~~~~~~~~
android\app\build\generated\assets\createBundleReleaseJsAndAssets\index.android.bundle:255127:27: warning: the variable "Event" was not declared in anonymous arrow function " 9774#"
              var s = new Event("track");
                          ^~~~~
android\app\build\generated\assets\createBundleReleaseJsAndAssets\index.android.bundle:255299:17: warning: the variable "RTCSessionDescription" was not declared in function "o 30#"
        }), new RTCSessionDescription({
                ^~~~~~~~~~~~~~~~~~~~~
android\app\build\generated\assets\createBundleReleaseJsAndAssets\index.android.bundle:256750:43: warning: the variable "MediaStream" was not declared in function "?anon_0_ 1244#"
...  n.createMediaStreamSource(new MediaStream([e.mediaStreamTrack])).connect...
                                   ^~~~~~~~~~~
android\app\build\generated\assets\createBundleReleaseJsAndAssets\index.android.bundle:257006:48: warning: the variable "HTMLVideoElement" was not declared in function "lr 1#"
...ck(e)), Sr() && t instanceof HTMLVideoElement || (t.autoplay = true), t.mu...
                                ^~~~~~~~~~~~~~~~
android\app\build\generated\assets\createBundleReleaseJsAndAssets\index.android.bundle:257084:34: warning: the variable "RTCPeerConnection" was not declared in function "mr 1#"
      return "addTransceiver" in RTCPeerConnection.prototype;
                                 ^~~~~~~~~~~~~~~~~
android\app\build\generated\assets\createBundleReleaseJsAndAssets\index.android.bundle:257090:34: warning: the variable "RTCRtpSender" was not declared in function "vr 2#"
      if (!("getCapabilities" in RTCRtpSender)) return false;
                                 ^~~~~~~~~~~~
android\app\build\generated\assets\createBundleReleaseJsAndAssets\index.android.bundle:257223:24: warning: the variable "AudioContext" was not declared in function "Hr 1#"
        var _e49 = new AudioContext(),
                       ^~~~~~~~~~~~
android\app\build\generated\assets\createBundleReleaseJsAndAssets\index.android.bundle:257284:36: warning: the variable "MediaStreamTrack" was not declared in function "Zr 2#"
      return !!e && !(e instanceof MediaStreamTrack) && e.isLocal;
                                   ^~~~~~~~~~~~~~~~
android\app\build\generated\assets\createBundleReleaseJsAndAssets\index.android.bundle:256976:28: warning: the variable "HTMLAudioElement" was not declared in function "recycleElement"
          if (e instanceof HTMLAudioElement) {
                           ^~~~~~~~~~~~~~~~
android\app\build\generated\assets\createBundleReleaseJsAndAssets\index.android.bundle:257199:37: warning: the variable "IntersectionObserver" was not declared in arrow function "Br 2#"
    var Br = () => (Fr || (Fr = new IntersectionObserver(Lr, {
                                    ^~~~~~~~~~~~~~~~~~~~
android\app\build\generated\assets\createBundleReleaseJsAndAssets\index.android.bundle:257731:35: warning: the variable "RTCRtpScriptTransform" was not declared in function "?anon_0_ 1257#"
                e.transform = new RTCRtpScriptTransform(this.worker, _s20);
                                  ^~~~~~~~~~~~~~~~~~~~~
android\app\build\generated\assets\createBundleReleaseJsAndAssets\index.android.bundle:257992:29: warning: the variable "WritableStream" was not declared in anonymous arrow function " 10348#"
              writable: new WritableStream({
                            ^~~~~~~~~~~~~~
android\app\build\generated\assets\createBundleReleaseJsAndAssets\index.android.bundle:260150:36: warning: the variable "MediaRecorder" was not declared in anonymous function " 9729#"
    var yc = "undefined" != typeof MediaRecorder;
                                   ^~~~~~~~~~~~~
android\app\build\generated\assets\createBundleReleaseJsAndAssets\index.android.bundle:262969:129: warning: the variable "RTCRtpReceiver" was not declared in function "startMonitor 2#"
..., fc)), "undefined" != typeof RTCRtpReceiver && "getSynchronizationSources...
                                 ^~~~~~~~~~~~~~
android\app\build\generated\assets\createBundleReleaseJsAndAssets\index.android.bundle:267366:34: warning: the variable "RTCIceCandidate" was not declared in anonymous arrow function " 11110#"
                  var _i66 = new RTCIceCandidate(e);
                                 ^~~~~~~~~~~~~~~
android\app\build\generated\assets\createBundleReleaseJsAndAssets\index.android.bundle:267383:30: warning: the variable "RTCPeerConnectionIceErrorEvent" was not declared in anonymous arrow function " 11112#"
...         e instanceof RTCPeerConnectionIceErrorEvent && this.appendWarning...
                         ^~~~~~~~~~~~~~~~~~~~~~~~~~~~~~
android\app\build\generated\assets\createBundleReleaseJsAndAssets\index.android.bundle:275112:32: warning: the variable "HTMLElement" was not declared in function "ee 3#"
    return qe() ? e instanceof HTMLElement || e instanceof z(e).HTMLElement :...
                               ^~~~~~~~~~~
android\app\build\generated\assets\createBundleReleaseJsAndAssets\index.android.bundle:275115:28: warning: the variable "ShadowRoot" was not declared in function "At 3#"
    return !qe() || typeof ShadowRoot > "u" ? false : e instanceof ShadowRoot...
                           ^~~~~~~~~~
android\app\build\generated\assets\createBundleReleaseJsAndAssets\index.android.bundle:275158:19: warning: the variable "CSS" was not declared in function "mt 3#"
    return typeof CSS > "u" || !CSS.supports ? false : CSS.supports("-webkit-...
                  ^~~
android\app\build\generated\assets\createBundleReleaseJsAndAssets\index.android.bundle:278173:82: warning: the variable "File" was not declared in anonymous arrow function " 11926#"
...promise)), Fe((M, G) => [...M, new File(G.buffer, G.fileName)], []), O(M =...
                                      ^~~~
android\app\build\generated\assets\createBundleReleaseJsAndAssets\index.android.bundle:283623:31: warning: the variable "StopIteration" was not declared in anonymous function " 12434#"
  var $StopIteration = typeof StopIteration === 'object' ? StopIteration : null;
                              ^~~~~~~~~~~~~
android\app\build\generated\assets\createBundleReleaseJsAndAssets\index.android.bundle:295069:11: warning: the variable "_WORKLET" was not declared in function "assertEasingIsWorklet"
      if (_WORKLET) {
          ^~~~~~~~
android\app\build\generated\assets\createBundleReleaseJsAndAssets\index.android.bundle:297314:12: warning: the variable "__reanimatedLoggerConfig" was not declared in function "replaceLoggerImplementation"
        ...__reanimatedLoggerConfig,
           ^~~~~~~~~~~~~~~~~~~~~~~~
android\app\build\generated\assets\createBundleReleaseJsAndAssets\index.android.bundle:297915:26: warning: Direct call to eval(), but lexical scope is not supported.
            workletFun = eval('(' + initData.code + '\n)');
                         ^~~~~~~~~~~~~~~~~~~~~~~~~~~~~~~~~
android\app\build\generated\assets\createBundleReleaseJsAndAssets\index.android.bundle:297938:112: warning: the variable "_toString" was not declared in function "valueUnpacker"
...recognized by value unpacker: "${_toString(objectToUnpack)}".`);
                                    ^~~~~~~~~
android\app\build\generated\assets\createBundleReleaseJsAndAssets\index.android.bundle:319366:5: warning: the variable "jest" was not declared in arrow function "beforeTest"
    jest.useFakeTimers();
    ^~~~
android\app\build\generated\assets\createBundleReleaseJsAndAssets\index.android.bundle:319942:26: warning: the variable "_getAnimationTimestamp" was not declared in function "computeEasingProgress"
      var elapsedTime = (_getAnimationTimestamp() - startingTimestamp) / 1000;
                         ^~~~~~~~~~~~~~~~~~~~~~

> Task :app:checkReleaseAarMetadata
> Task :app:generateReleaseResValues
> Task :app:injectCrashlyticsMappingFileIdRelease
> Task :app:processReleaseGoogleServices
> Task :expo:generateReleaseResValues
> Task :expo:generateReleaseResources
> Task :expo:packageReleaseResources
> Task :expo-application:generateReleaseResValues
> Task :expo-application:generateReleaseResources
> Task :expo-application:packageReleaseResources
> Task :expo-asset:generateReleaseResValues
> Task :expo-asset:generateReleaseResources
> Task :expo-asset:packageReleaseResources
> Task :expo-av:generateReleaseResValues
> Task :expo-av:generateReleaseResources
> Task :expo-av:packageReleaseResources
> Task :expo-blur:generateReleaseResValues
> Task :expo-blur:generateReleaseResources
> Task :expo-blur:packageReleaseResources
> Task :expo-clipboard:generateReleaseResValues
> Task :expo-clipboard:generateReleaseResources
> Task :expo-clipboard:packageReleaseResources
> Task :expo-constants:generateReleaseResValues
> Task :expo-constants:generateReleaseResources
> Task :expo-constants:packageReleaseResources
> Task :expo-crypto:generateReleaseResValues
> Task :expo-crypto:generateReleaseResources
> Task :expo-crypto:packageReleaseResources
> Task :expo-device:generateReleaseResValues
> Task :expo-device:generateReleaseResources
> Task :expo-device:packageReleaseResources
> Task :expo-file-system:generateReleaseResValues
> Task :expo-file-system:generateReleaseResources
> Task :expo-file-system:packageReleaseResources
> Task :expo-font:generateReleaseResValues
> Task :expo-font:generateReleaseResources
> Task :expo-font:packageReleaseResources
> Task :expo-haptics:generateReleaseResValues
> Task :expo-haptics:generateReleaseResources
> Task :expo-haptics:packageReleaseResources
> Task :expo-image-loader:generateReleaseResValues
> Task :expo-image-loader:generateReleaseResources
> Task :expo-image-loader:packageReleaseResources
> Task :expo-image-manipulator:generateReleaseResValues
> Task :expo-image-manipulator:generateReleaseResources
> Task :expo-image-manipulator:packageReleaseResources
> Task :expo-image-picker:generateReleaseResValues
> Task :expo-image-picker:generateReleaseResources
> Task :expo-image-picker:packageReleaseResources
> Task :expo-keep-awake:generateReleaseResValues
> Task :expo-keep-awake:generateReleaseResources
> Task :expo-keep-awake:packageReleaseResources
> Task :expo-linear-gradient:generateReleaseResValues
> Task :expo-linear-gradient:generateReleaseResources
> Task :expo-linear-gradient:packageReleaseResources
> Task :expo-linking:generateReleaseResValues
> Task :expo-linking:generateReleaseResources
> Task :expo-linking:packageReleaseResources
> Task :expo-modules-core:generateReleaseResValues
> Task :expo-modules-core:generateReleaseResources
> Task :expo-modules-core:packageReleaseResources
> Task :expo-notifications:generateReleaseResValues
> Task :expo-notifications:generateReleaseResources
> Task :expo-notifications:packageReleaseResources
> Task :expo-splash-screen:generateReleaseResValues
> Task :expo-splash-screen:generateReleaseResources
> Task :expo-splash-screen:packageReleaseResources
> Task :expo-web-browser:generateReleaseResValues
> Task :expo-web-browser:generateReleaseResources
> Task :expo-web-browser:packageReleaseResources
> Task :livekit_react-native:generateReleaseResValues
> Task :livekit_react-native:generateReleaseResources
> Task :livekit_react-native:packageReleaseResources
> Task :livekit_react-native-webrtc:generateReleaseResValues
> Task :livekit_react-native-webrtc:generateReleaseResources
> Task :livekit_react-native-webrtc:packageReleaseResources
> Task :lottie-react-native:generateReleaseResValues
> Task :lottie-react-native:generateReleaseResources
> Task :lottie-react-native:packageReleaseResources
> Task :react-native-async-storage_async-storage:generateReleaseResValues
> Task :react-native-async-storage_async-storage:generateReleaseResources
> Task :react-native-async-storage_async-storage:packageReleaseResources
> Task :react-native-community_datetimepicker:generateReleaseResValues
> Task :react-native-community_datetimepicker:generateReleaseResources
> Task :react-native-community_datetimepicker:packageReleaseResources
> Task :react-native-firebase_analytics:generateReleaseResValues
> Task :react-native-firebase_analytics:generateReleaseResources
> Task :react-native-firebase_analytics:packageReleaseResources
> Task :react-native-firebase_app:generateReleaseResValues
> Task :react-native-firebase_app:generateReleaseResources
> Task :react-native-firebase_app:packageReleaseResources
> Task :react-native-firebase_crashlytics:generateReleaseResValues
> Task :react-native-firebase_crashlytics:generateReleaseResources
> Task :react-native-firebase_crashlytics:packageReleaseResources
> Task :react-native-gesture-handler:generateReleaseResValues
> Task :react-native-gesture-handler:generateReleaseResources
> Task :react-native-gesture-handler:packageReleaseResources
> Task :react-native-google-signin_google-signin:generateReleaseResValues
> Task :react-native-google-signin_google-signin:generateReleaseResources
> Task :react-native-google-signin_google-signin:packageReleaseResources
> Task :react-native-keyboard-controller:generateReleaseResValues
> Task :react-native-keyboard-controller:generateReleaseResources
> Task :react-native-keyboard-controller:packageReleaseResources
> Task :react-native-masked-view_masked-view:generateReleaseResValues
> Task :react-native-masked-view_masked-view:generateReleaseResources
> Task :react-native-masked-view_masked-view:packageReleaseResources
> Task :react-native-purchases:generateReleaseResValues
> Task :react-native-purchases:generateReleaseResources
> Task :react-native-purchases:packageReleaseResources
> Task :react-native-reanimated:generateReleaseResValues
> Task :react-native-reanimated:generateReleaseResources
> Task :react-native-reanimated:packageReleaseResources
> Task :react-native-safe-area-context:generateReleaseResValues
> Task :react-native-safe-area-context:generateReleaseResources
> Task :react-native-safe-area-context:packageReleaseResources
> Task :react-native-screens:generateReleaseResValues
> Task :react-native-screens:generateReleaseResources
> Task :react-native-screens:packageReleaseResources
> Task :react-native-webview:generateReleaseResValues
> Task :react-native-webview:generateReleaseResources
> Task :react-native-webview:packageReleaseResources
> Task :app:mapReleaseSourceSetPaths
> Task :app:generateReleaseResources
> Task :app:packageReleaseResources
> Task :app:createReleaseCompatibleScreenManifests
> Task :app:extractDeepLinksRelease
> Task :expo:extractDeepLinksRelease
> Task :expo-application:extractDeepLinksRelease
> Task :expo-asset:extractDeepLinksRelease
> Task :expo-av:extractDeepLinksRelease
> Task :expo-blur:extractDeepLinksRelease
> Task :expo-clipboard:extractDeepLinksRelease
> Task :expo-constants:extractDeepLinksRelease
> Task :expo-av:processReleaseManifest
> Task :expo-blur:processReleaseManifest
> Task :expo-clipboard:processReleaseManifest
> Task :expo-asset:processReleaseManifest
> Task :expo-application:processReleaseManifest
> Task :expo-crypto:extractDeepLinksRelease
> Task :expo-constants:processReleaseManifest
> Task :expo:processReleaseManifest
> Task :expo-crypto:processReleaseManifest
> Task :expo-device:extractDeepLinksRelease
> Task :expo-file-system:extractDeepLinksRelease
> Task :expo-device:processReleaseManifest
> Task :expo-font:extractDeepLinksRelease

> Task :expo-file-system:processReleaseManifest
C:\SopranoChat\node_modules\expo-file-system\android\src\main\AndroidManifest.xml:6:9-8:20 Warning:
	provider#expo.modules.filesystem.FileSystemFileProvider@android:authorities was tagged at AndroidManifest.xml:6 to replace other declarations but no other declaration present

> Task :expo-haptics:extractDeepLinksRelease
> Task :expo-font:processReleaseManifest
> Task :expo-image-loader:extractDeepLinksRelease
> Task :expo-haptics:processReleaseManifest
> Task :expo-image-manipulator:extractDeepLinksRelease
> Task :expo-image-loader:processReleaseManifest
> Task :expo-image-manipulator:processReleaseManifest
> Task :expo-image-picker:extractDeepLinksRelease
> Task :expo-keep-awake:extractDeepLinksRelease
> Task :expo-image-picker:processReleaseManifest
> Task :app:parseReleaseLocalResources
> Task :expo-linear-gradient:extractDeepLinksRelease
> Task :expo-keep-awake:processReleaseManifest
> Task :expo-linking:extractDeepLinksRelease
> Task :expo-linear-gradient:processReleaseManifest
> Task :expo-modules-core:extractDeepLinksRelease
> Task :expo-linking:processReleaseManifest
> Task :expo-notifications:extractDeepLinksRelease

> Task :expo-modules-core:processReleaseManifest
C:\SopranoChat\node_modules\expo-modules-core\android\src\main\AndroidManifest.xml:8:9-11:45 Warning:
	meta-data#com.facebook.soloader.enabled@android:value was tagged at AndroidManifest.xml:8 to replace other declarations but no other declaration present

> Task :expo-splash-screen:extractDeepLinksRelease
> Task :expo-notifications:processReleaseManifest
> Task :expo-web-browser:extractDeepLinksRelease
> Task :expo-splash-screen:processReleaseManifest
> Task :expo-web-browser:processReleaseManifest
> Task :livekit_react-native:extractDeepLinksRelease
> Task :livekit_react-native-webrtc:extractDeepLinksRelease

> Task :livekit_react-native:processReleaseManifest
package="com.livekit.reactnative" found in source AndroidManifest.xml: C:\SopranoChat\node_modules\@livekit\react-native\android\src\main\AndroidManifest.xml.
Setting the namespace via the package attribute in the source AndroidManifest.xml is no longer supported, and the value is ignored.
Recommendation: remove package="com.livekit.reactnative" from the source AndroidManifest.xml: C:\SopranoChat\node_modules\@livekit\react-native\android\src\main\AndroidManifest.xml.

> Task :lottie-react-native:extractDeepLinksRelease
> Task :react-native-async-storage_async-storage:extractDeepLinksRelease

> Task :livekit_react-native-webrtc:processReleaseManifest
package="com.oney.WebRTCModule" found in source AndroidManifest.xml: C:\SopranoChat\node_modules\@livekit\react-native-webrtc\android\src\main\AndroidManifest.xml.
Setting the namespace via the package attribute in the source AndroidManifest.xml is no longer supported, and the value is ignored.
Recommendation: remove package="com.oney.WebRTCModule" from the source AndroidManifest.xml: C:\SopranoChat\node_modules\@livekit\react-native-webrtc\android\src\main\AndroidManifest.xml.

> Task :lottie-react-native:processReleaseManifest
> Task :react-native-community_datetimepicker:extractDeepLinksRelease

> Task :react-native-async-storage_async-storage:processReleaseManifest
package="com.reactnativecommunity.asyncstorage" found in source AndroidManifest.xml: C:\SopranoChat\node_modules\@react-native-async-storage\async-storage\android\src\main\AndroidManifest.xml.
Setting the namespace via the package attribute in the source AndroidManifest.xml is no longer supported, and the value is ignored.
Recommendation: remove package="com.reactnativecommunity.asyncstorage" from the source AndroidManifest.xml: C:\SopranoChat\node_modules\@react-native-async-storage\async-storage\android\src\main\AndroidManifest.xml.

> Task :react-native-firebase_analytics:extractDeepLinksRelease
> Task :react-native-community_datetimepicker:processReleaseManifest

> Task :react-native-firebase_analytics:processReleaseManifest
package="io.invertase.firebase.analytics" found in source AndroidManifest.xml: C:\SopranoChat\node_modules\@react-native-firebase\analytics\android\src\main\AndroidManifest.xml.
Setting the namespace via the package attribute in the source AndroidManifest.xml is no longer supported, and the value is ignored.
Recommendation: remove package="io.invertase.firebase.analytics" from the source AndroidManifest.xml: C:\SopranoChat\node_modules\@react-native-firebase\analytics\android\src\main\AndroidManifest.xml.

> Task :react-native-firebase_app:extractDeepLinksRelease
> Task :react-native-firebase_crashlytics:extractDeepLinksRelease

> Task :react-native-firebase_app:processReleaseManifest
package="io.invertase.firebase" found in source AndroidManifest.xml: C:\SopranoChat\node_modules\@react-native-firebase\app\android\src\main\AndroidManifest.xml.
Setting the namespace via the package attribute in the source AndroidManifest.xml is no longer supported, and the value is ignored.
Recommendation: remove package="io.invertase.firebase" from the source AndroidManifest.xml: C:\SopranoChat\node_modules\@react-native-firebase\app\android\src\main\AndroidManifest.xml.

> Task :react-native-gesture-handler:extractDeepLinksRelease

> Task :react-native-firebase_crashlytics:processReleaseManifest
package="io.invertase.firebase.crashlytics" found in source AndroidManifest.xml: C:\SopranoChat\node_modules\@react-native-firebase\crashlytics\android\src\main\AndroidManifest.xml.
Setting the namespace via the package attribute in the source AndroidManifest.xml is no longer supported, and the value is ignored.
Recommendation: remove package="io.invertase.firebase.crashlytics" from the source AndroidManifest.xml: C:\SopranoChat\node_modules\@react-native-firebase\crashlytics\android\src\main\AndroidManifest.xml.

> Task :react-native-google-signin_google-signin:extractDeepLinksRelease
> Task :react-native-gesture-handler:processReleaseManifest
> Task :react-native-keyboard-controller:extractDeepLinksRelease

> Task :react-native-google-signin_google-signin:processReleaseManifest
package="com.reactnativegooglesignin" found in source AndroidManifest.xml: C:\SopranoChat\node_modules\@react-native-google-signin\google-signin\android\src\main\AndroidManifest.xml.
Setting the namespace via the package attribute in the source AndroidManifest.xml is no longer supported, and the value is ignored.
Recommendation: remove package="com.reactnativegooglesignin" from the source AndroidManifest.xml: C:\SopranoChat\node_modules\@react-native-google-signin\google-signin\android\src\main\AndroidManifest.xml.

> Task :react-native-masked-view_masked-view:extractDeepLinksRelease

> Task :react-native-keyboard-controller:processReleaseManifest
package="com.reactnativekeyboardcontroller" found in source AndroidManifest.xml: C:\SopranoChat\node_modules\react-native-keyboard-controller\android\src\main\AndroidManifest.xml.
Setting the namespace via the package attribute in the source AndroidManifest.xml is no longer supported, and the value is ignored.
Recommendation: remove package="com.reactnativekeyboardcontroller" from the source AndroidManifest.xml: C:\SopranoChat\node_modules\react-native-keyboard-controller\android\src\main\AndroidManifest.xml.

> Task :react-native-purchases:extractDeepLinksRelease
> Task :react-native-masked-view_masked-view:processReleaseManifest
> Task :react-native-reanimated:extractDeepLinksRelease

> Task :react-native-purchases:processReleaseManifest
package="com.revenuecat.purchases.react" found in source AndroidManifest.xml: C:\SopranoChat\node_modules\react-native-purchases\android\src\main\AndroidManifest.xml.
Setting the namespace via the package attribute in the source AndroidManifest.xml is no longer supported, and the value is ignored.
Recommendation: remove package="com.revenuecat.purchases.react" from the source AndroidManifest.xml: C:\SopranoChat\node_modules\react-native-purchases\android\src\main\AndroidManifest.xml.

> Task :react-native-safe-area-context:extractDeepLinksRelease
> Task :react-native-reanimated:processReleaseManifest
> Task :react-native-screens:extractDeepLinksRelease
> Task :react-native-webview:extractDeepLinksRelease

> Task :react-native-safe-area-context:processReleaseManifest
package="com.th3rdwave.safeareacontext" found in source AndroidManifest.xml: C:\SopranoChat\node_modules\react-native-safe-area-context\android\src\main\AndroidManifest.xml.
Setting the namespace via the package attribute in the source AndroidManifest.xml is no longer supported, and the value is ignored.
Recommendation: remove package="com.th3rdwave.safeareacontext" from the source AndroidManifest.xml: C:\SopranoChat\node_modules\react-native-safe-area-context\android\src\main\AndroidManifest.xml.

> Task :react-native-screens:processReleaseManifest
package="com.swmansion.rnscreens" found in source AndroidManifest.xml: C:\SopranoChat\node_modules\react-native-screens\android\src\main\AndroidManifest.xml.
Setting the namespace via the package attribute in the source AndroidManifest.xml is no longer supported, and the value is ignored.
Recommendation: remove package="com.swmansion.rnscreens" from the source AndroidManifest.xml: C:\SopranoChat\node_modules\react-native-screens\android\src\main\AndroidManifest.xml.

> Task :react-native-webview:processReleaseManifest
> Task :expo:compileReleaseLibraryResources

> Task :app:processReleaseMainManifest
C:\SopranoChat\android\app\src\main\AndroidManifest.xml Warning:
	provider#expo.modules.filesystem.FileSystemFileProvider@android:authorities was tagged at AndroidManifest.xml:0 to replace other declarations but no other declaration present

> Task :app:processReleaseManifest
> Task :expo-application:compileReleaseLibraryResources
> Task :expo:parseReleaseLocalResources
> Task :expo-application:parseReleaseLocalResources
> Task :app:processReleaseManifestForPackage
> Task :expo-asset:compileReleaseLibraryResources
> Task :expo-asset:parseReleaseLocalResources
> Task :expo-application:generateReleaseRFile
> Task :expo:generateReleaseRFile
> Task :expo-constants:parseReleaseLocalResources
> Task :expo-blur:parseReleaseLocalResources
> Task :expo-clipboard:compileReleaseLibraryResources
> Task :expo-crypto:compileReleaseLibraryResources
> Task :expo-device:compileReleaseLibraryResources
> Task :expo-asset:generateReleaseRFile
> Task :expo-clipboard:parseReleaseLocalResources
> Task :expo-crypto:parseReleaseLocalResources
> Task :expo-constants:compileReleaseLibraryResources
> Task :expo-blur:compileReleaseLibraryResources
> Task :expo-av:parseReleaseLocalResources
> Task :expo-constants:generateReleaseRFile
> Task :expo-av:generateReleaseRFile
> Task :expo-clipboard:generateReleaseRFile
> Task :expo-font:compileReleaseLibraryResources
> Task :expo-device:parseReleaseLocalResources
> Task :expo-font:parseReleaseLocalResources
> Task :expo-file-system:parseReleaseLocalResources
> Task :expo-crypto:generateReleaseRFile
> Task :expo-haptics:compileReleaseLibraryResources
> Task :expo-file-system:compileReleaseLibraryResources
> Task :expo-haptics:parseReleaseLocalResources
> Task :expo-device:generateReleaseRFile
> Task :expo-file-system:generateReleaseRFile
> Task :expo-font:generateReleaseRFile
> Task :expo-haptics:generateReleaseRFile
> Task :expo-image-loader:compileReleaseLibraryResources
> Task :expo-blur:generateReleaseRFile
> Task :expo-image-manipulator:compileReleaseLibraryResources
> Task :expo-image-manipulator:parseReleaseLocalResources
> Task :expo-image-loader:parseReleaseLocalResources
> Task :expo-av:compileReleaseLibraryResources
> Task :expo-image-picker:compileReleaseLibraryResources
> Task :expo-image-loader:generateReleaseRFile
> Task :expo-image-manipulator:generateReleaseRFile
> Task :expo-image-picker:parseReleaseLocalResources
> Task :expo-keep-awake:compileReleaseLibraryResources
> Task :expo-image-picker:generateReleaseRFile
> Task :expo-keep-awake:parseReleaseLocalResources
> Task :expo-linear-gradient:compileReleaseLibraryResources
> Task :expo-keep-awake:generateReleaseRFile
> Task :expo-linking:compileReleaseLibraryResources
> Task :expo-linear-gradient:parseReleaseLocalResources
> Task :expo-modules-core:compileReleaseLibraryResources
> Task :expo-linking:parseReleaseLocalResources
> Task :expo-linear-gradient:generateReleaseRFile
> Task :expo-linking:generateReleaseRFile
> Task :expo-notifications:compileReleaseLibraryResources
> Task :expo-splash-screen:compileReleaseLibraryResources
> Task :expo-notifications:parseReleaseLocalResources
> Task :expo-modules-core:parseReleaseLocalResources
> Task :expo-notifications:generateReleaseRFile
> Task :expo-web-browser:compileReleaseLibraryResources
> Task :expo-modules-core:generateReleaseRFile
> Task :expo-web-browser:parseReleaseLocalResources
> Task :livekit_react-native:compileReleaseLibraryResources
> Task :expo-web-browser:generateReleaseRFile
> Task :expo-splash-screen:parseReleaseLocalResources
> Task :livekit_react-native:parseReleaseLocalResources
> Task :livekit_react-native-webrtc:compileReleaseLibraryResources
> Task :expo-splash-screen:generateReleaseRFile
> Task :livekit_react-native:generateReleaseRFile
> Task :livekit_react-native-webrtc:parseReleaseLocalResources
> Task :lottie-react-native:compileReleaseLibraryResources
> Task :lottie-react-native:parseReleaseLocalResources
> Task :livekit_react-native-webrtc:generateReleaseRFile
> Task :react-native-async-storage_async-storage:compileReleaseLibraryResources
> Task :lottie-react-native:generateReleaseRFile
> Task :react-native-async-storage_async-storage:parseReleaseLocalResources
> Task :react-native-community_datetimepicker:compileReleaseLibraryResources
> Task :react-native-async-storage_async-storage:generateReleaseRFile
> Task :react-native-firebase_analytics:compileReleaseLibraryResources
> Task :react-native-community_datetimepicker:parseReleaseLocalResources
> Task :react-native-firebase_analytics:parseReleaseLocalResources
> Task :react-native-community_datetimepicker:generateReleaseRFile
> Task :react-native-firebase_analytics:generateReleaseRFile
> Task :react-native-firebase_app:compileReleaseLibraryResources
> Task :react-native-firebase_app:parseReleaseLocalResources
> Task :react-native-firebase_crashlytics:compileReleaseLibraryResources
> Task :react-native-firebase_app:generateReleaseRFile
> Task :react-native-firebase_crashlytics:parseReleaseLocalResources
> Task :react-native-gesture-handler:compileReleaseLibraryResources
> Task :react-native-firebase_crashlytics:generateReleaseRFile
> Task :react-native-gesture-handler:parseReleaseLocalResources
> Task :react-native-google-signin_google-signin:compileReleaseLibraryResources
> Task :react-native-gesture-handler:generateReleaseRFile
> Task :react-native-google-signin_google-signin:parseReleaseLocalResources
> Task :react-native-keyboard-controller:compileReleaseLibraryResources
> Task :react-native-google-signin_google-signin:generateReleaseRFile
> Task :react-native-masked-view_masked-view:compileReleaseLibraryResources
> Task :react-native-keyboard-controller:parseReleaseLocalResources
> Task :react-native-masked-view_masked-view:parseReleaseLocalResources
> Task :react-native-purchases:compileReleaseLibraryResources
> Task :react-native-masked-view_masked-view:generateReleaseRFile
> Task :react-native-purchases:parseReleaseLocalResources
> Task :react-native-keyboard-controller:generateReleaseRFile
> Task :react-native-reanimated:compileReleaseLibraryResources
> Task :react-native-purchases:generateReleaseRFile
> Task :react-native-reanimated:parseReleaseLocalResources
> Task :react-native-safe-area-context:compileReleaseLibraryResources
> Task :react-native-reanimated:generateReleaseRFile
> Task :react-native-safe-area-context:parseReleaseLocalResources
> Task :react-native-screens:parseReleaseLocalResources
> Task :react-native-safe-area-context:generateReleaseRFile
> Task :expo:checkKotlinGradlePluginConfigurationErrors
> Task :react-native-screens:generateReleaseRFile
> Task :react-native-screens:compileReleaseLibraryResources
> Task :react-native-webview:compileReleaseLibraryResources
> Task :react-native-webview:parseReleaseLocalResources
> Task :expo:generateReleaseBuildConfig
> Task :expo-application:checkKotlinGradlePluginConfigurationErrors
> Task :react-native-webview:generateReleaseRFile
> Task :expo-application:generateReleaseBuildConfig
> Task :expo-modules-core:checkKotlinGradlePluginConfigurationErrors
> Task :expo-modules-core:generateReleaseBuildConfig
> Task :expo-modules-core:javaPreCompileRelease
> Task :expo-application:javaPreCompileRelease
> Task :expo-asset:checkKotlinGradlePluginConfigurationErrors
> Task :expo-asset:generateReleaseBuildConfig
> Task :expo-asset:javaPreCompileRelease
> Task :expo-av:checkKotlinGradlePluginConfigurationErrors
> Task :expo-av:generateReleaseBuildConfig
> Task :expo-blur:checkKotlinGradlePluginConfigurationErrors
> Task :expo-av:javaPreCompileRelease
> Task :expo-blur:generateReleaseBuildConfig
> Task :expo-blur:javaPreCompileRelease
> Task :expo-clipboard:checkKotlinGradlePluginConfigurationErrors
> Task :expo-clipboard:generateReleaseBuildConfig
> Task :expo-constants:checkKotlinGradlePluginConfigurationErrors
> Task :expo-clipboard:javaPreCompileRelease
> Task :expo-constants:generateReleaseBuildConfig
> Task :expo-crypto:checkKotlinGradlePluginConfigurationErrors
> Task :expo-constants:javaPreCompileRelease
> Task :expo-crypto:generateReleaseBuildConfig
> Task :expo-device:checkKotlinGradlePluginConfigurationErrors
> Task :expo-crypto:javaPreCompileRelease
> Task :expo-device:generateReleaseBuildConfig
> Task :expo-device:javaPreCompileRelease
> Task :expo-file-system:checkKotlinGradlePluginConfigurationErrors
> Task :expo-file-system:generateReleaseBuildConfig
> Task :expo-font:checkKotlinGradlePluginConfigurationErrors
> Task :expo-file-system:javaPreCompileRelease
> Task :expo-font:generateReleaseBuildConfig
> Task :expo-font:javaPreCompileRelease
> Task :expo-haptics:checkKotlinGradlePluginConfigurationErrors
> Task :expo-haptics:generateReleaseBuildConfig
> Task :expo-haptics:javaPreCompileRelease
> Task :expo-image-loader:checkKotlinGradlePluginConfigurationErrors
> Task :expo-image-loader:generateReleaseBuildConfig
> Task :expo-image-manipulator:checkKotlinGradlePluginConfigurationErrors
> Task :expo-image-loader:javaPreCompileRelease
> Task :expo-image-manipulator:generateReleaseBuildConfig
> Task :expo-image-picker:checkKotlinGradlePluginConfigurationErrors
> Task :expo-image-manipulator:javaPreCompileRelease
> Task :expo-image-picker:generateReleaseBuildConfig
> Task :expo-keep-awake:checkKotlinGradlePluginConfigurationErrors
> Task :expo-image-picker:javaPreCompileRelease
> Task :expo-keep-awake:generateReleaseBuildConfig
> Task :expo-keep-awake:javaPreCompileRelease
> Task :expo-linear-gradient:checkKotlinGradlePluginConfigurationErrors
> Task :expo-linear-gradient:generateReleaseBuildConfig
> Task :expo-linking:checkKotlinGradlePluginConfigurationErrors
> Task :expo-linear-gradient:javaPreCompileRelease
> Task :expo-linking:generateReleaseBuildConfig
> Task :expo-notifications:checkKotlinGradlePluginConfigurationErrors
> Task :expo-linking:javaPreCompileRelease
> Task :expo-notifications:generateReleaseBuildConfig
> Task :expo-splash-screen:checkKotlinGradlePluginConfigurationErrors
> Task :expo-notifications:javaPreCompileRelease
> Task :expo-splash-screen:generateReleaseBuildConfig
> Task :expo-web-browser:checkKotlinGradlePluginConfigurationErrors
> Task :expo-splash-screen:javaPreCompileRelease
> Task :expo-web-browser:generateReleaseBuildConfig
> Task :expo-web-browser:javaPreCompileRelease
> Task :livekit_react-native:checkKotlinGradlePluginConfigurationErrors
> Task :expo:javaPreCompileRelease
> Task :livekit_react-native:generateReleaseBuildConfig
> Task :livekit_react-native-webrtc:generateReleaseBuildConfig
> Task :livekit_react-native-webrtc:javaPreCompileRelease
> Task :livekit_react-native:javaPreCompileRelease
> Task :app:mergeReleaseResources

> Task :livekit_react-native-webrtc:compileReleaseJavaWithJavac
Note: Some input files use or override a deprecated API.
Note: Recompile with -Xlint:deprecation for details.
Note: C:\SopranoChat\node_modules\@livekit\react-native-webrtc\android\src\main\java\com\oney\WebRTCModule\StringUtils.java uses unchecked or unsafe operations.
Note: Recompile with -Xlint:unchecked for details.

> Task :lottie-react-native:checkKotlinGradlePluginConfigurationErrors
> Task :lottie-react-native:generateReleaseBuildConfig
> Task :livekit_react-native-webrtc:bundleLibCompileToJarRelease
> Task :lottie-react-native:javaPreCompileRelease
> Task :react-native-async-storage_async-storage:generateReleaseBuildConfig
> Task :react-native-async-storage_async-storage:javaPreCompileRelease
> Task :react-native-community_datetimepicker:generateReleaseBuildConfig

> Task :react-native-async-storage_async-storage:compileReleaseJavaWithJavac
C:\SopranoChat\node_modules\@react-native-async-storage\async-storage\android\src\main\java\com\reactnativecommunity\asyncstorage\AsyncStorageModule.java:84: warning: [removal] onCatalystInstanceDestroy() in NativeModule has been deprecated and marked for removal
  public void onCatalystInstanceDestroy() {
              ^
Note: Some input files use or override a deprecated API.
Note: Recompile with -Xlint:deprecation for details.
Note: C:\SopranoChat\node_modules\@react-native-async-storage\async-storage\android\src\javaPackage\java\com\reactnativecommunity\asyncstorage\AsyncStoragePackage.java uses unchecked or unsafe operations.
Note: Recompile with -Xlint:unchecked for details.
1 warning

> Task :react-native-async-storage_async-storage:bundleLibCompileToJarRelease
> Task :react-native-firebase_analytics:generateReleaseBuildConfig
> Task :react-native-community_datetimepicker:javaPreCompileRelease
> Task :react-native-firebase_analytics:javaPreCompileRelease

> Task :livekit_react-native:compileReleaseKotlin
w: file:///C:/SopranoChat/node_modules/@livekit/react-native/android/src/main/java/com/livekit/reactnative/LivekitReactNativeModule.kt:218:21 Parameter 'eventName' is never used
w: file:///C:/SopranoChat/node_modules/@livekit/react-native/android/src/main/java/com/livekit/reactnative/LivekitReactNativeModule.kt:223:25 Parameter 'count' is never used

> Task :lottie-react-native:compileReleaseKotlin
w: file:///C:/SopranoChat/node_modules/lottie-react-native/android/src/main/java/com/airbnb/android/react/lottie/LottieAnimationViewManagerImpl.kt:12:34 'MapBuilder' is deprecated. Deprecated in Java
w: file:///C:/SopranoChat/node_modules/lottie-react-native/android/src/main/java/com/airbnb/android/react/lottie/LottieAnimationViewManagerImpl.kt:21:17 'MapBuilder' is deprecated. Deprecated in Java
w: file:///C:/SopranoChat/node_modules/lottie-react-native/android/src/main/java/com/airbnb/android/react/lottie/LottieAnimationViewManagerImpl.kt:72:16 'MapBuilder' is deprecated. Deprecated in Java
w: file:///C:/SopranoChat/node_modules/lottie-react-native/android/src/main/java/com/airbnb/android/react/lottie/LottieAnimationViewManagerImpl.kt:74:13 'MapBuilder' is deprecated. Deprecated in Java
w: file:///C:/SopranoChat/node_modules/lottie-react-native/android/src/main/java/com/airbnb/android/react/lottie/LottieAnimationViewManagerImpl.kt:76:13 'MapBuilder' is deprecated. Deprecated in Java
w: file:///C:/SopranoChat/node_modules/lottie-react-native/android/src/main/java/com/airbnb/android/react/lottie/LottieAnimationViewManagerImpl.kt:78:13 'MapBuilder' is deprecated. Deprecated in Java
w: file:///C:/SopranoChat/node_modules/lottie-react-native/android/src/main/java/com/airbnb/android/react/lottie/LottieAnimationViewPropertyManager.kt:20:38 'ReactFontManager' is deprecated. Deprecated in Java
w: file:///C:/SopranoChat/node_modules/lottie-react-native/android/src/main/java/com/airbnb/android/react/lottie/LottieAnimationViewPropertyManager.kt:72:24 'ReactFontManager' is deprecated. Deprecated in Java
w: file:///C:/SopranoChat/node_modules/lottie-react-native/android/src/main/java/com/airbnb/android/react/lottie/LottieAnimationViewPropertyManager.kt:86:24 'ReactFontManager' is deprecated. Deprecated in Java

> Task :react-native-community_datetimepicker:compileReleaseJavaWithJavac
Note: Some input files use or override a deprecated API.
Note: Recompile with -Xlint:deprecation for details.

> Task :livekit_react-native:compileReleaseJavaWithJavac
Note: C:\SopranoChat\node_modules\@livekit\react-native\android\src\main\java\com\livekit\reactnative\audio\AudioSwitchManager.java uses or overrides a deprecated API.
Note: Recompile with -Xlint:deprecation for details.

> Task :livekit_react-native:bundleLibCompileToJarRelease
> Task :lottie-react-native:compileReleaseJavaWithJavac
> Task :lottie-react-native:bundleLibCompileToJarRelease
> Task :react-native-community_datetimepicker:bundleLibCompileToJarRelease
> Task :react-native-firebase_app:generateReleaseBuildConfig
> Task :react-native-firebase_app:javaPreCompileRelease
> Task :react-native-firebase_crashlytics:generateReleaseBuildConfig

> Task :react-native-firebase_app:compileReleaseJavaWithJavac
Note: Some input files use or override a deprecated API.
Note: Recompile with -Xlint:deprecation for details.

> Task :react-native-gesture-handler:checkKotlinGradlePluginConfigurationErrors
> Task :react-native-firebase_crashlytics:javaPreCompileRelease
> Task :react-native-firebase_app:bundleLibCompileToJarRelease
> Task :react-native-gesture-handler:generateReleaseBuildConfig
> Task :app:processReleaseResources

> Task :react-native-firebase_analytics:compileReleaseJavaWithJavac
Note: Some input files use or override a deprecated API.
Note: Recompile with -Xlint:deprecation for details.

> Task :react-native-firebase_analytics:bundleLibCompileToJarRelease

> Task :react-native-firebase_crashlytics:compileReleaseJavaWithJavac
Note: C:\SopranoChat\node_modules\@react-native-firebase\crashlytics\android\src\main\java\io\invertase\firebase\crashlytics\ReactNativeFirebaseCrashlyticsModule.java uses or overrides a deprecated API.
Note: Recompile with -Xlint:deprecation for details.

> Task :react-native-firebase_crashlytics:bundleLibCompileToJarRelease
> Task :react-native-reanimated:generateReleaseBuildConfig
> Task :react-native-reanimated:packageNdkLibs NO-SOURCE
> Task :react-native-reanimated:javaPreCompileRelease
> Task :react-native-gesture-handler:javaPreCompileRelease
> Task :expo-modules-core:compileReleaseKotlin

> Task :react-native-reanimated:compileReleaseJavaWithJavac
Note: Some input files use or override a deprecated API.
Note: Recompile with -Xlint:deprecation for details.
Note: Some input files use unchecked or unsafe operations.
Note: Recompile with -Xlint:unchecked for details.

> Task :react-native-google-signin_google-signin:checkKotlinGradlePluginConfigurationErrors
> Task :react-native-google-signin_google-signin:generateReleaseBuildConfig
> Task :react-native-reanimated:bundleLibCompileToJarRelease

> Task :react-native-google-signin_google-signin:compileReleaseKotlin
w: file:///C:/SopranoChat/node_modules/@react-native-google-signin/google-signin/android/src/main/java/com/reactnativegooglesignin/ErrorDto.kt:3:47 'GoogleSignInStatusCodes' is deprecated. Deprecated in Java
w: file:///C:/SopranoChat/node_modules/@react-native-google-signin/google-signin/android/src/main/java/com/reactnativegooglesignin/ErrorDto.kt:24:16 'GoogleSignInStatusCodes' is deprecated. Deprecated in Java
w: file:///C:/SopranoChat/node_modules/@react-native-google-signin/google-signin/android/src/main/java/com/reactnativegooglesignin/ErrorDto.kt:29:33 'GoogleSignInStatusCodes' is deprecated. Deprecated in Java
w: file:///C:/SopranoChat/node_modules/@react-native-google-signin/google-signin/android/src/main/java/com/reactnativegooglesignin/ErrorDto.kt:30:38 'GoogleSignInStatusCodes' is deprecated. Deprecated in Java

> Task :react-native-keyboard-controller:checkKotlinGradlePluginConfigurationErrors
> Task :react-native-google-signin_google-signin:javaPreCompileRelease
> Task :react-native-keyboard-controller:generateReleaseBuildConfig

> Task :react-native-google-signin_google-signin:compileReleaseJavaWithJavac
Note: Some input files use or override a deprecated API.
Note: Recompile with -Xlint:deprecation for details.
Note: C:\SopranoChat\node_modules\@react-native-google-signin\google-signin\android\src\main\java\com\reactnativegooglesignin\RNGoogleSigninModule.java uses unchecked or unsafe operations.
Note: Recompile with -Xlint:unchecked for details.

> Task :react-native-google-signin_google-signin:bundleLibCompileToJarRelease
> Task :react-native-keyboard-controller:javaPreCompileRelease
> Task :react-native-masked-view_masked-view:generateReleaseBuildConfig
> Task :react-native-purchases:checkKotlinGradlePluginConfigurationErrors
> Task :react-native-masked-view_masked-view:javaPreCompileRelease
> Task :react-native-purchases:generateReleaseBuildConfig
> Task :react-native-masked-view_masked-view:compileReleaseJavaWithJavac
> Task :react-native-masked-view_masked-view:bundleLibCompileToJarRelease
> Task :react-native-purchases:javaPreCompileRelease
> Task :react-native-safe-area-context:checkKotlinGradlePluginConfigurationErrors
> Task :react-native-safe-area-context:generateReleaseBuildConfig
> Task :react-native-safe-area-context:javaPreCompileRelease
> Task :react-native-screens:checkKotlinGradlePluginConfigurationErrors
> Task :react-native-screens:generateReleaseBuildConfig
> Task :react-native-screens:javaPreCompileRelease
> Task :react-native-webview:checkKotlinGradlePluginConfigurationErrors
> Task :react-native-purchases:compileReleaseKotlin
> Task :react-native-webview:generateReleaseBuildConfig

> Task :react-native-purchases:compileReleaseJavaWithJavac
C:\SopranoChat\node_modules\react-native-purchases\android\src\main\java\com\revenuecat\purchases\react\RNPurchasesModule.java:70: warning: [removal] onCatalystInstanceDestroy() in NativeModule has been deprecated and marked for removal
    public void onCatalystInstanceDestroy() {
                ^
Note: C:\SopranoChat\node_modules\react-native-purchases\android\src\main\java\com\revenuecat\purchases\react\RNPurchasesModule.java uses or overrides a deprecated API.
Note: Recompile with -Xlint:deprecation for details.
Note: C:\SopranoChat\node_modules\react-native-purchases\android\src\main\java\com\revenuecat\purchases\react\RNPurchasesModule.java uses unchecked or unsafe operations.
Note: Recompile with -Xlint:unchecked for details.
1 warning

> Task :react-native-purchases:bundleLibCompileToJarRelease

> Task :react-native-safe-area-context:compileReleaseKotlin
w: file:///C:/SopranoChat/node_modules/react-native-safe-area-context/android/src/main/java/com/th3rdwave/safeareacontext/SafeAreaContextPackage.kt:27:11 'constructor ReactModuleInfo(String, String, Boolean, Boolean, Boolean, Boolean, Boolean)' is deprecated. use ReactModuleInfo(String, String, boolean, boolean, boolean, boolean)]
w: file:///C:/SopranoChat/node_modules/react-native-safe-area-context/android/src/main/java/com/th3rdwave/safeareacontext/SafeAreaContextPackage.kt:33:27 'getter for hasConstants: Boolean' is deprecated. This property is unused and it's planning to be removed in a future version of
        React Native. Please refrain from using it.
w: file:///C:/SopranoChat/node_modules/react-native-safe-area-context/android/src/main/java/com/th3rdwave/safeareacontext/SafeAreaView.kt:59:23 'getter for uiImplementation: UIImplementation!' is deprecated. Deprecated in Java

> Task :react-native-webview:javaPreCompileRelease

> Task :react-native-keyboard-controller:compileReleaseKotlin
w: file:///C:/SopranoChat/node_modules/react-native-keyboard-controller/android/src/main/java/com/reactnativekeyboardcontroller/extensions/EditText.kt:69:42 Unchecked cast: kotlin.collections.ArrayList<*>? /* = java.util.ArrayList<*>? */ to kotlin.collections.ArrayList<TextWatcher> /* = java.util.ArrayList<TextWatcher> */
w: file:///C:/SopranoChat/node_modules/react-native-keyboard-controller/android/src/main/java/com/reactnativekeyboardcontroller/interactive/KeyboardAnimationController.kt:89:16 'getWindowInsetsController(View): WindowInsetsControllerCompat?' is deprecated. Deprecated in Java
w: file:///C:/SopranoChat/node_modules/react-native-keyboard-controller/android/src/main/java/com/reactnativekeyboardcontroller/listeners/FocusedInputObserver.kt:56:30 Parameter 'v' is never used, could be renamed to _
w: file:///C:/SopranoChat/node_modules/react-native-keyboard-controller/android/src/main/java/com/reactnativekeyboardcontroller/listeners/FocusedInputObserver.kt:56:33 Parameter 'left' is never used, could be renamed to _
w: file:///C:/SopranoChat/node_modules/react-native-keyboard-controller/android/src/main/java/com/reactnativekeyboardcontroller/listeners/FocusedInputObserver.kt:56:39 Parameter 'top' is never used, could be renamed to _
w: file:///C:/SopranoChat/node_modules/react-native-keyboard-controller/android/src/main/java/com/reactnativekeyboardcontroller/listeners/FocusedInputObserver.kt:56:44 Parameter 'right' is never used, could be renamed to _
w: file:///C:/SopranoChat/node_modules/react-native-keyboard-controller/android/src/main/java/com/reactnativekeyboardcontroller/listeners/FocusedInputObserver.kt:56:51 Parameter 'bottom' is never used, could be renamed to _
w: file:///C:/SopranoChat/node_modules/react-native-keyboard-controller/android/src/main/java/com/reactnativekeyboardcontroller/listeners/FocusedInputObserver.kt:56:59 Parameter 'oldLeft' is never used, could be renamed to _
w: file:///C:/SopranoChat/node_modules/react-native-keyboard-controller/android/src/main/java/com/reactnativekeyboardcontroller/listeners/FocusedInputObserver.kt:56:68 Parameter 'oldTop' is never used, could be renamed to _
w: file:///C:/SopranoChat/node_modules/react-native-keyboard-controller/android/src/main/java/com/reactnativekeyboardcontroller/listeners/FocusedInputObserver.kt:56:76 Parameter 'oldRight' is never used, could be renamed to _
w: file:///C:/SopranoChat/node_modules/react-native-keyboard-controller/android/src/main/java/com/reactnativekeyboardcontroller/listeners/FocusedInputObserver.kt:56:86 Parameter 'oldBottom' is never used, could be renamed to _
w: file:///C:/SopranoChat/node_modules/react-native-keyboard-controller/android/src/main/java/com/reactnativekeyboardcontroller/managers/KeyboardControllerViewManagerImpl.kt:4:34 'MapBuilder' is deprecated. Deprecated in Java
w: file:///C:/SopranoChat/node_modules/react-native-keyboard-controller/android/src/main/java/com/reactnativekeyboardcontroller/managers/KeyboardControllerViewManagerImpl.kt:73:7 'MapBuilder' is deprecated. Deprecated in Java
w: file:///C:/SopranoChat/node_modules/react-native-keyboard-controller/android/src/main/java/com/reactnativekeyboardcontroller/managers/KeyboardControllerViewManagerImpl.kt:75:9 'MapBuilder' is deprecated. Deprecated in Java
w: file:///C:/SopranoChat/node_modules/react-native-keyboard-controller/android/src/main/java/com/reactnativekeyboardcontroller/managers/KeyboardControllerViewManagerImpl.kt:77:9 'MapBuilder' is deprecated. Deprecated in Java
w: file:///C:/SopranoChat/node_modules/react-native-keyboard-controller/android/src/main/java/com/reactnativekeyboardcontroller/managers/KeyboardControllerViewManagerImpl.kt:79:9 'MapBuilder' is deprecated. Deprecated in Java
w: file:///C:/SopranoChat/node_modules/react-native-keyboard-controller/android/src/main/java/com/reactnativekeyboardcontroller/managers/KeyboardControllerViewManagerImpl.kt:81:9 'MapBuilder' is deprecated. Deprecated in Java
w: file:///C:/SopranoChat/node_modules/react-native-keyboard-controller/android/src/main/java/com/reactnativekeyboardcontroller/managers/KeyboardControllerViewManagerImpl.kt:83:9 'MapBuilder' is deprecated. Deprecated in Java
w: file:///C:/SopranoChat/node_modules/react-native-keyboard-controller/android/src/main/java/com/reactnativekeyboardcontroller/managers/KeyboardControllerViewManagerImpl.kt:85:9 'MapBuilder' is deprecated. Deprecated in Java
w: file:///C:/SopranoChat/node_modules/react-native-keyboard-controller/android/src/main/java/com/reactnativekeyboardcontroller/managers/KeyboardControllerViewManagerImpl.kt:87:9 'MapBuilder' is deprecated. Deprecated in Java
w: file:///C:/SopranoChat/node_modules/react-native-keyboard-controller/android/src/main/java/com/reactnativekeyboardcontroller/modules/statusbar/StatusBarManagerCompatModuleImpl.kt:70:38 'getter for statusBarColor: Int' is deprecated. Deprecated in Java
w: file:///C:/SopranoChat/node_modules/react-native-keyboard-controller/android/src/main/java/com/reactnativekeyboardcontroller/modules/statusbar/StatusBarManagerCompatModuleImpl.kt:73:20 'setter for statusBarColor: Int' is deprecated. Deprecated in Java
w: file:///C:/SopranoChat/node_modules/react-native-keyboard-controller/android/src/main/java/com/reactnativekeyboardcontroller/modules/statusbar/StatusBarManagerCompatModuleImpl.kt:78:18 'setter for statusBarColor: Int' is deprecated. Deprecated in Java
w: file:///C:/SopranoChat/node_modules/react-native-keyboard-controller/android/src/main/java/com/reactnativekeyboardcontroller/views/ClippingScrollViewDecoratorView.kt:36:51 Parameter 'value' is never used
w: file:///C:/SopranoChat/node_modules/react-native-keyboard-controller/android/src/main/java/com/reactnativekeyboardcontroller/views/EdgeToEdgeReactViewGroup.kt:115:58 'SOFT_INPUT_ADJUST_RESIZE: Int' is deprecated. Deprecated in Java
w: file:///C:/SopranoChat/node_modules/react-native-keyboard-controller/android/src/main/java/com/reactnativekeyboardcontroller/views/EdgeToEdgeReactViewGroup.kt:150:81 'FLAG_FULLSCREEN: Int' is deprecated. Deprecated in Java
w: file:///C:/SopranoChat/node_modules/react-native-keyboard-controller/android/src/main/java/com/reactnativekeyboardcontroller/views/overlay/OverKeyboardViewGroup.kt:13:34 'ReactFeatureFlags' is deprecated. Deprecated in Java
w: file:///C:/SopranoChat/node_modules/react-native-keyboard-controller/android/src/main/java/com/reactnativekeyboardcontroller/views/overlay/OverKeyboardViewGroup.kt:132:9 'ReactFeatureFlags' is deprecated. Deprecated in Java
w: file:///C:/SopranoChat/node_modules/react-native-keyboard-controller/android/src/paper/java/com/reactnativekeyboardcontroller/KeyboardControllerModule.kt:56:19 Parameter 'eventName' is never used
w: file:///C:/SopranoChat/node_modules/react-native-keyboard-controller/android/src/paper/java/com/reactnativekeyboardcontroller/KeyboardControllerModule.kt:62:23 Parameter 'count' is never used
w: file:///C:/SopranoChat/node_modules/react-native-keyboard-controller/android/src/paper/java/com/reactnativekeyboardcontroller/KeyboardGestureAreaViewManager.kt:52:5 Parameter 'view' is never used
w: file:///C:/SopranoChat/node_modules/react-native-keyboard-controller/android/src/paper/java/com/reactnativekeyboardcontroller/KeyboardGestureAreaViewManager.kt:53:5 Parameter 'value' is never used

> Task :app:buildKotlinToolingMetadata

> Task :react-native-safe-area-context:compileReleaseJavaWithJavac
Note: C:\SopranoChat\node_modules\react-native-safe-area-context\android\src\paper\java\com\th3rdwave\safeareacontext\NativeSafeAreaContextSpec.java uses or overrides a deprecated API.
Note: Recompile with -Xlint:deprecation for details.

> Task :react-native-webview:compileReleaseKotlin
w: file:///C:/SopranoChat/node_modules/react-native-webview/android/src/main/java/com/reactnativecommunity/webview/RNCWebViewManagerImpl.kt:22:34 'MapBuilder' is deprecated. Deprecated in Java
w: file:///C:/SopranoChat/node_modules/react-native-webview/android/src/main/java/com/reactnativecommunity/webview/RNCWebViewManagerImpl.kt:40:71 Parameter 'webView' is never used, could be renamed to _
w: file:///C:/SopranoChat/node_modules/react-native-webview/android/src/main/java/com/reactnativecommunity/webview/RNCWebViewManagerImpl.kt:82:18 'setter for allowFileAccessFromFileURLs: Boolean' is deprecated. Deprecated in Java
w: file:///C:/SopranoChat/node_modules/react-native-webview/android/src/main/java/com/reactnativecommunity/webview/RNCWebViewManagerImpl.kt:83:18 'setter for allowUniversalAccessFromFileURLs: Boolean' is deprecated. Deprecated in Java
w: file:///C:/SopranoChat/node_modules/react-native-webview/android/src/main/java/com/reactnativecommunity/webview/RNCWebViewManagerImpl.kt:94:102 Parameter 'contentLength' is never used, could be renamed to _
w: file:///C:/SopranoChat/node_modules/react-native-webview/android/src/main/java/com/reactnativecommunity/webview/RNCWebViewManagerImpl.kt:111:32 Variable 'urlObj' initializer is redundant
w: file:///C:/SopranoChat/node_modules/react-native-webview/android/src/main/java/com/reactnativecommunity/webview/RNCWebViewManagerImpl.kt:125:21 'allowScanningByMediaScanner(): Unit' is deprecated. Deprecated in Java
w: file:///C:/SopranoChat/node_modules/react-native-webview/android/src/main/java/com/reactnativecommunity/webview/RNCWebViewManagerImpl.kt:162:36 'setter for systemUiVisibility: Int' is deprecated. Deprecated in Java
w: file:///C:/SopranoChat/node_modules/react-native-webview/android/src/main/java/com/reactnativecommunity/webview/RNCWebViewManagerImpl.kt:301:14 'MapBuilder' is deprecated. Deprecated in Java
w: file:///C:/SopranoChat/node_modules/react-native-webview/android/src/main/java/com/reactnativecommunity/webview/RNCWebViewManagerImpl.kt:344:15 Condition 'args == null' is always 'false'
w: file:///C:/SopranoChat/node_modules/react-native-webview/android/src/main/java/com/reactnativecommunity/webview/RNCWebViewManagerImpl.kt:353:34 Condition 'args != null' is always 'true'
w: file:///C:/SopranoChat/node_modules/react-native-webview/android/src/main/java/com/reactnativecommunity/webview/RNCWebViewManagerImpl.kt:372:38 'setter for allowUniversalAccessFromFileURLs: Boolean' is deprecated. Deprecated in Java
w: file:///C:/SopranoChat/node_modules/react-native-webview/android/src/main/java/com/reactnativecommunity/webview/RNCWebViewManagerImpl.kt:384:19 Parameter 'viewWrapper' is never used
w: file:///C:/SopranoChat/node_modules/react-native-webview/android/src/main/java/com/reactnativecommunity/webview/RNCWebViewManagerImpl.kt:433:51 Unchecked cast: Any to kotlin.collections.HashMap<String, String> /* = java.util.HashMap<String, String> */
w: file:///C:/SopranoChat/node_modules/react-native-webview/android/src/main/java/com/reactnativecommunity/webview/RNCWebViewManagerImpl.kt:489:23 'setter for savePassword: Boolean' is deprecated. Deprecated in Java
w: file:///C:/SopranoChat/node_modules/react-native-webview/android/src/main/java/com/reactnativecommunity/webview/RNCWebViewManagerImpl.kt:490:23 'setter for saveFormData: Boolean' is deprecated. Deprecated in Java
w: file:///C:/SopranoChat/node_modules/react-native-webview/android/src/main/java/com/reactnativecommunity/webview/RNCWebViewManagerImpl.kt:560:23 'setter for allowFileAccessFromFileURLs: Boolean' is deprecated. Deprecated in Java
w: file:///C:/SopranoChat/node_modules/react-native-webview/android/src/main/java/com/reactnativecommunity/webview/RNCWebViewManagerImpl.kt:661:65 Unchecked cast: ArrayList<Any> to List<Map<String, String>>
w: file:///C:/SopranoChat/node_modules/react-native-webview/android/src/main/java/com/reactnativecommunity/webview/RNCWebViewManagerImpl.kt:682:23 'setter for saveFormData: Boolean' is deprecated. Deprecated in Java
w: file:///C:/SopranoChat/node_modules/react-native-webview/android/src/main/java/com/reactnativecommunity/webview/RNCWebViewManagerImpl.kt:717:36 Parameter 'viewWrapper' is never used
w: file:///C:/SopranoChat/node_modules/react-native-webview/android/src/main/java/com/reactnativecommunity/webview/events/TopCustomMenuSelectionEvent.kt:5:44 'RCTEventEmitter' is deprecated. Deprecated in Java
w: file:///C:/SopranoChat/node_modules/react-native-webview/android/src/main/java/com/reactnativecommunity/webview/events/TopCustomMenuSelectionEvent.kt:11:3 'constructor Event<T : Event<(raw) Event<*>>!>(Int)' is deprecated. Deprecated in Java
w: file:///C:/SopranoChat/node_modules/react-native-webview/android/src/main/java/com/reactnativecommunity/webview/events/TopCustomMenuSelectionEvent.kt:22:42 'RCTEventEmitter' is deprecated. Deprecated in Java
w: file:///C:/SopranoChat/node_modules/react-native-webview/android/src/main/java/com/reactnativecommunity/webview/events/TopCustomMenuSelectionEvent.kt:23:21 'receiveEvent(Int, String!, WritableMap?): Unit' is deprecated. Deprecated in Java
w: file:///C:/SopranoChat/node_modules/react-native-webview/android/src/main/java/com/reactnativecommunity/webview/events/TopHttpErrorEvent.kt:5:44 'RCTEventEmitter' is deprecated. Deprecated in Java
w: file:///C:/SopranoChat/node_modules/react-native-webview/android/src/main/java/com/reactnativecommunity/webview/events/TopHttpErrorEvent.kt:11:3 'constructor Event<T : Event<(raw) Event<*>>!>(Int)' is deprecated. Deprecated in Java
w: file:///C:/SopranoChat/node_modules/react-native-webview/android/src/main/java/com/reactnativecommunity/webview/events/TopHttpErrorEvent.kt:22:42 'RCTEventEmitter' is deprecated. Deprecated in Java
w: file:///C:/SopranoChat/node_modules/react-native-webview/android/src/main/java/com/reactnativecommunity/webview/events/TopHttpErrorEvent.kt:23:21 'receiveEvent(Int, String!, WritableMap?): Unit' is deprecated. Deprecated in Java
w: file:///C:/SopranoChat/node_modules/react-native-webview/android/src/main/java/com/reactnativecommunity/webview/events/TopLoadingErrorEvent.kt:5:44 'RCTEventEmitter' is deprecated. Deprecated in Java
w: file:///C:/SopranoChat/node_modules/react-native-webview/android/src/main/java/com/reactnativecommunity/webview/events/TopLoadingErrorEvent.kt:11:3 'constructor Event<T : Event<(raw) Event<*>>!>(Int)' is deprecated. Deprecated in Java
w: file:///C:/SopranoChat/node_modules/react-native-webview/android/src/main/java/com/reactnativecommunity/webview/events/TopLoadingErrorEvent.kt:22:42 'RCTEventEmitter' is deprecated. Deprecated in Java
w: file:///C:/SopranoChat/node_modules/react-native-webview/android/src/main/java/com/reactnativecommunity/webview/events/TopLoadingErrorEvent.kt:23:21 'receiveEvent(Int, String!, WritableMap?): Unit' is deprecated. Deprecated in Java
w: file:///C:/SopranoChat/node_modules/react-native-webview/android/src/main/java/com/reactnativecommunity/webview/events/TopLoadingFinishEvent.kt:5:44 'RCTEventEmitter' is deprecated. Deprecated in Java
w: file:///C:/SopranoChat/node_modules/react-native-webview/android/src/main/java/com/reactnativecommunity/webview/events/TopLoadingFinishEvent.kt:11:3 'constructor Event<T : Event<(raw) Event<*>>!>(Int)' is deprecated. Deprecated in Java
w: file:///C:/SopranoChat/node_modules/react-native-webview/android/src/main/java/com/reactnativecommunity/webview/events/TopLoadingFinishEvent.kt:22:42 'RCTEventEmitter' is deprecated. Deprecated in Java
w: file:///C:/SopranoChat/node_modules/react-native-webview/android/src/main/java/com/reactnativecommunity/webview/events/TopLoadingFinishEvent.kt:23:21 'receiveEvent(Int, String!, WritableMap?): Unit' is deprecated. Deprecated in Java
w: file:///C:/SopranoChat/node_modules/react-native-webview/android/src/main/java/com/reactnativecommunity/webview/events/TopLoadingProgressEvent.kt:5:44 'RCTEventEmitter' is deprecated. Deprecated in Java
w: file:///C:/SopranoChat/node_modules/react-native-webview/android/src/main/java/com/reactnativecommunity/webview/events/TopLoadingProgressEvent.kt:11:3 'constructor Event<T : Event<(raw) Event<*>>!>(Int)' is deprecated. Deprecated in Java
w: file:///C:/SopranoChat/node_modules/react-native-webview/android/src/main/java/com/reactnativecommunity/webview/events/TopLoadingProgressEvent.kt:22:42 'RCTEventEmitter' is deprecated. Deprecated in Java
w: file:///C:/SopranoChat/node_modules/react-native-webview/android/src/main/java/com/reactnativecommunity/webview/events/TopLoadingProgressEvent.kt:23:21 'receiveEvent(Int, String!, WritableMap?): Unit' is deprecated. Deprecated in Java
w: file:///C:/SopranoChat/node_modules/react-native-webview/android/src/main/java/com/reactnativecommunity/webview/events/TopLoadingStartEvent.kt:5:44 'RCTEventEmitter' is deprecated. Deprecated in Java
w: file:///C:/SopranoChat/node_modules/react-native-webview/android/src/main/java/com/reactnativecommunity/webview/events/TopLoadingStartEvent.kt:11:3 'constructor Event<T : Event<(raw) Event<*>>!>(Int)' is deprecated. Deprecated in Java
w: file:///C:/SopranoChat/node_modules/react-native-webview/android/src/main/java/com/reactnativecommunity/webview/events/TopLoadingStartEvent.kt:22:42 'RCTEventEmitter' is deprecated. Deprecated in Java
w: file:///C:/SopranoChat/node_modules/react-native-webview/android/src/main/java/com/reactnativecommunity/webview/events/TopLoadingStartEvent.kt:23:21 'receiveEvent(Int, String!, WritableMap?): Unit' is deprecated. Deprecated in Java
w: file:///C:/SopranoChat/node_modules/react-native-webview/android/src/main/java/com/reactnativecommunity/webview/events/TopMessageEvent.kt:5:44 'RCTEventEmitter' is deprecated. Deprecated in Java
w: file:///C:/SopranoChat/node_modules/react-native-webview/android/src/main/java/com/reactnativecommunity/webview/events/TopMessageEvent.kt:10:75 'constructor Event<T : Event<(raw) Event<*>>!>(Int)' is deprecated. Deprecated in Java
w: file:///C:/SopranoChat/node_modules/react-native-webview/android/src/main/java/com/reactnativecommunity/webview/events/TopMessageEvent.kt:21:42 'RCTEventEmitter' is deprecated. Deprecated in Java
w: file:///C:/SopranoChat/node_modules/react-native-webview/android/src/main/java/com/reactnativecommunity/webview/events/TopMessageEvent.kt:22:21 'receiveEvent(Int, String!, WritableMap?): Unit' is deprecated. Deprecated in Java
w: file:///C:/SopranoChat/node_modules/react-native-webview/android/src/main/java/com/reactnativecommunity/webview/events/TopNewWindowEvent.kt:5:44 'RCTEventEmitter' is deprecated. Deprecated in Java
w: file:///C:/SopranoChat/node_modules/react-native-webview/android/src/main/java/com/reactnativecommunity/webview/events/TopNewWindowEvent.kt:11:3 'constructor Event<T : Event<(raw) Event<*>>!>(Int)' is deprecated. Deprecated in Java
w: file:///C:/SopranoChat/node_modules/react-native-webview/android/src/main/java/com/reactnativecommunity/webview/events/TopNewWindowEvent.kt:22:42 'RCTEventEmitter' is deprecated. Deprecated in Java
w: file:///C:/SopranoChat/node_modules/react-native-webview/android/src/main/java/com/reactnativecommunity/webview/events/TopNewWindowEvent.kt:23:21 'receiveEvent(Int, String!, WritableMap?): Unit' is deprecated. Deprecated in Java
w: file:///C:/SopranoChat/node_modules/react-native-webview/android/src/main/java/com/reactnativecommunity/webview/events/TopRenderProcessGoneEvent.kt:5:44 'RCTEventEmitter' is deprecated. Deprecated in Java
w: file:///C:/SopranoChat/node_modules/react-native-webview/android/src/main/java/com/reactnativecommunity/webview/events/TopRenderProcessGoneEvent.kt:12:3 'constructor Event<T : Event<(raw) Event<*>>!>(Int)' is deprecated. Deprecated in Java
w: file:///C:/SopranoChat/node_modules/react-native-webview/android/src/main/java/com/reactnativecommunity/webview/events/TopRenderProcessGoneEvent.kt:23:42 'RCTEventEmitter' is deprecated. Deprecated in Java
w: file:///C:/SopranoChat/node_modules/react-native-webview/android/src/main/java/com/reactnativecommunity/webview/events/TopRenderProcessGoneEvent.kt:24:21 'receiveEvent(Int, String!, WritableMap?): Unit' is deprecated. Deprecated in Java
w: file:///C:/SopranoChat/node_modules/react-native-webview/android/src/main/java/com/reactnativecommunity/webview/events/TopShouldStartLoadWithRequestEvent.kt:5:44 'RCTEventEmitter' is deprecated. Deprecated in Java
w: file:///C:/SopranoChat/node_modules/react-native-webview/android/src/main/java/com/reactnativecommunity/webview/events/TopShouldStartLoadWithRequestEvent.kt:10:89 'constructor Event<T : Event<(raw) Event<*>>!>(Int)' is deprecated. Deprecated in Java
w: file:///C:/SopranoChat/node_modules/react-native-webview/android/src/main/java/com/reactnativecommunity/webview/events/TopShouldStartLoadWithRequestEvent.kt:27:42 'RCTEventEmitter' is deprecated. Deprecated in Java
w: file:///C:/SopranoChat/node_modules/react-native-webview/android/src/main/java/com/reactnativecommunity/webview/events/TopShouldStartLoadWithRequestEvent.kt:28:21 'receiveEvent(Int, String!, WritableMap?): Unit' is deprecated. Deprecated in Java

> Task :expo-modules-core:compileReleaseJavaWithJavac
> Task :expo-modules-core:bundleLibCompileToJarRelease
> Task :react-native-keyboard-controller:compileReleaseJavaWithJavac
> Task :expo-application:compileReleaseKotlin
> Task :expo-asset:compileReleaseKotlin
> Task :expo-application:compileReleaseJavaWithJavac
> Task :expo-application:bundleLibCompileToJarRelease
> Task :expo-asset:compileReleaseJavaWithJavac
> Task :expo-asset:bundleLibCompileToJarRelease

> Task :react-native-gesture-handler:compileReleaseKotlin
w: file:///C:/SopranoChat/node_modules/react-native-gesture-handler/android/src/main/java/com/swmansion/gesturehandler/RNGestureHandlerPackage.kt:69:42 'constructor ReactModuleInfo(String, String, Boolean, Boolean, Boolean, Boolean, Boolean)' is deprecated. use ReactModuleInfo(String, String, boolean, boolean, boolean, boolean)]
w: file:///C:/SopranoChat/node_modules/react-native-gesture-handler/android/src/main/java/com/swmansion/gesturehandler/core/FlingGestureHandler.kt:25:26 Parameter 'event' is never used
w: file:///C:/SopranoChat/node_modules/react-native-gesture-handler/android/src/main/java/com/swmansion/gesturehandler/react/RNGestureHandlerButtonViewManager.kt:72:62 The corresponding parameter in the supertype 'ViewGroupManager' is named 'borderRadius'. This may cause problems when calling this function with named arguments.
w: file:///C:/SopranoChat/node_modules/react-native-gesture-handler/android/src/main/java/com/swmansion/gesturehandler/react/RNGestureHandlerButtonViewManager.kt:77:63 The corresponding parameter in the supertype 'ViewGroupManager' is named 'borderRadius'. This may cause problems when calling this function with named arguments.
w: file:///C:/SopranoChat/node_modules/react-native-gesture-handler/android/src/main/java/com/swmansion/gesturehandler/react/RNGestureHandlerButtonViewManager.kt:82:65 The corresponding parameter in the supertype 'ViewGroupManager' is named 'borderRadius'. This may cause problems when calling this function with named arguments.
w: file:///C:/SopranoChat/node_modules/react-native-gesture-handler/android/src/main/java/com/swmansion/gesturehandler/react/RNGestureHandlerButtonViewManager.kt:87:66 The corresponding parameter in the supertype 'ViewGroupManager' is named 'borderRadius'. This may cause problems when calling this function with named arguments.

> Task :expo-av:compileReleaseKotlin
w: file:///C:/SopranoChat/node_modules/expo-av/android/src/main/java/expo/modules/av/ViewUtils.kt:10:26 'Promise' is deprecated. AsyncFunction will crash when called. Use expo.modules.kotlin.Promise instead
w: file:///C:/SopranoChat/node_modules/expo-av/android/src/main/java/expo/modules/av/ViewUtils.kt:19:129 'Promise' is deprecated. AsyncFunction will crash when called. Use expo.modules.kotlin.Promise instead
w: file:///C:/SopranoChat/node_modules/expo-av/android/src/main/java/expo/modules/av/ViewUtils.kt:21:78 'resolveView(Int): View?' is deprecated. Deprecated in Java
w: file:///C:/SopranoChat/node_modules/expo-av/android/src/main/java/expo/modules/av/ViewUtils.kt:39:111 'Promise' is deprecated. AsyncFunction will crash when called. Use expo.modules.kotlin.Promise instead
w: file:///C:/SopranoChat/node_modules/expo-av/android/src/main/java/expo/modules/av/ViewUtils.kt:52:78 'resolveView(Int): View?' is deprecated. Deprecated in Java
w: file:///C:/SopranoChat/node_modules/expo-av/android/src/main/java/expo/modules/av/player/datasource/CustomHeadersOkHttpDataSourceFactory.kt:32:12 'constructor OkHttpDataSource(Call.Factory, String?, CacheControl?, HttpDataSource.RequestProperties?)' is deprecated. Deprecated in Java
w: file:///C:/SopranoChat/node_modules/expo-av/android/src/main/java/expo/modules/av/progress/AndroidLooperTimeMachine.kt:8:5 'constructor Handler()' is deprecated. Deprecated in Java
w: file:///C:/SopranoChat/node_modules/expo-av/android/src/main/java/expo/modules/av/video/VideoViewModule.kt:64:17 'tryRunWithVideoView(ModuleRegistry, Int, ViewUtils.VideoViewCallback, Promise): Unit' is deprecated. Use `dispatchCommands` in favor of finding view with imperative calls

> Task :expo-blur:compileReleaseKotlin
> Task :expo-constants:compileReleaseKotlin

> Task :react-native-screens:compileReleaseKotlin
w: file:///C:/SopranoChat/node_modules/react-native-screens/android/src/main/java/com/swmansion/rnscreens/CustomToolbar.kt:19:53 'FrameCallback' is deprecated. Use Choreographer.FrameCallback instead
w: file:///C:/SopranoChat/node_modules/react-native-screens/android/src/main/java/com/swmansion/rnscreens/CustomToolbar.kt:20:38 'FrameCallback' is deprecated. Use Choreographer.FrameCallback instead
w: file:///C:/SopranoChat/node_modules/react-native-screens/android/src/main/java/com/swmansion/rnscreens/RNScreensPackage.kt:64:17 'constructor ReactModuleInfo(String, String, Boolean, Boolean, Boolean, Boolean, Boolean)' is deprecated. use ReactModuleInfo(String, String, boolean, boolean, boolean, boolean)]
w: file:///C:/SopranoChat/node_modules/react-native-screens/android/src/main/java/com/swmansion/rnscreens/Screen.kt:45:77 Unchecked cast: CoordinatorLayout.Behavior<(raw) View!>? to BottomSheetBehavior<Screen>
w: file:///C:/SopranoChat/node_modules/react-native-screens/android/src/main/java/com/swmansion/rnscreens/ScreenContainer.kt:33:53 'FrameCallback' is deprecated. Use Choreographer.FrameCallback instead
w: file:///C:/SopranoChat/node_modules/react-native-screens/android/src/main/java/com/swmansion/rnscreens/ScreenContainer.kt:34:38 'FrameCallback' is deprecated. Use Choreographer.FrameCallback instead
w: file:///C:/SopranoChat/node_modules/react-native-screens/android/src/main/java/com/swmansion/rnscreens/ScreenFooter.kt:252:9 Parameter 'changed' is never used
w: file:///C:/SopranoChat/node_modules/react-native-screens/android/src/main/java/com/swmansion/rnscreens/ScreenFooter.kt:253:9 Parameter 'left' is never used
w: file:///C:/SopranoChat/node_modules/react-native-screens/android/src/main/java/com/swmansion/rnscreens/ScreenFooter.kt:254:9 Parameter 'top' is never used
w: file:///C:/SopranoChat/node_modules/react-native-screens/android/src/main/java/com/swmansion/rnscreens/ScreenFooter.kt:255:9 Parameter 'right' is never used
w: file:///C:/SopranoChat/node_modules/react-native-screens/android/src/main/java/com/swmansion/rnscreens/ScreenFooter.kt:256:9 Parameter 'bottom' is never used
w: file:///C:/SopranoChat/node_modules/react-native-screens/android/src/main/java/com/swmansion/rnscreens/ScreenStackFragment.kt:257:31 'setter for targetElevation: Float' is deprecated. Deprecated in Java
w: file:///C:/SopranoChat/node_modules/react-native-screens/android/src/main/java/com/swmansion/rnscreens/ScreenStackFragment.kt:260:13 'setHasOptionsMenu(Boolean): Unit' is deprecated. Deprecated in Java
w: file:///C:/SopranoChat/node_modules/react-native-screens/android/src/main/java/com/swmansion/rnscreens/ScreenStackFragment.kt:496:22 'onPrepareOptionsMenu(Menu): Unit' is deprecated. Deprecated in Java
w: file:///C:/SopranoChat/node_modules/react-native-screens/android/src/main/java/com/swmansion/rnscreens/ScreenStackFragment.kt:504:22 'onCreateOptionsMenu(Menu, MenuInflater): Unit' is deprecated. Deprecated in Java
w: file:///C:/SopranoChat/node_modules/react-native-screens/android/src/main/java/com/swmansion/rnscreens/ScreenStackHeaderConfig.kt:100:38 'getter for systemWindowInsetTop: Int' is deprecated. Deprecated in Java
w: file:///C:/SopranoChat/node_modules/react-native-screens/android/src/main/java/com/swmansion/rnscreens/ScreenStackHeaderConfigViewManager.kt:7:34 'MapBuilder' is deprecated. Deprecated in Java
w: file:///C:/SopranoChat/node_modules/react-native-screens/android/src/main/java/com/swmansion/rnscreens/ScreenStackHeaderConfigViewManager.kt:209:9 'MapBuilder' is deprecated. Deprecated in Java
w: file:///C:/SopranoChat/node_modules/react-native-screens/android/src/main/java/com/swmansion/rnscreens/ScreenStackHeaderConfigViewManager.kt:211:13 'MapBuilder' is deprecated. Deprecated in Java
w: file:///C:/SopranoChat/node_modules/react-native-screens/android/src/main/java/com/swmansion/rnscreens/ScreenStackHeaderConfigViewManager.kt:213:13 'MapBuilder' is deprecated. Deprecated in Java
w: file:///C:/SopranoChat/node_modules/react-native-screens/android/src/main/java/com/swmansion/rnscreens/ScreenViewManager.kt:7:34 'MapBuilder' is deprecated. Deprecated in Java
w: file:///C:/SopranoChat/node_modules/react-native-screens/android/src/main/java/com/swmansion/rnscreens/ScreenViewManager.kt:375:48 'MapBuilder' is deprecated. Deprecated in Java
w: file:///C:/SopranoChat/node_modules/react-native-screens/android/src/main/java/com/swmansion/rnscreens/ScreenViewManager.kt:376:49 'MapBuilder' is deprecated. Deprecated in Java
w: file:///C:/SopranoChat/node_modules/react-native-screens/android/src/main/java/com/swmansion/rnscreens/ScreenViewManager.kt:377:45 'MapBuilder' is deprecated. Deprecated in Java
w: file:///C:/SopranoChat/node_modules/react-native-screens/android/src/main/java/com/swmansion/rnscreens/ScreenViewManager.kt:378:52 'MapBuilder' is deprecated. Deprecated in Java
w: file:///C:/SopranoChat/node_modules/react-native-screens/android/src/main/java/com/swmansion/rnscreens/ScreenViewManager.kt:379:48 'MapBuilder' is deprecated. Deprecated in Java
w: file:///C:/SopranoChat/node_modules/react-native-screens/android/src/main/java/com/swmansion/rnscreens/ScreenViewManager.kt:380:51 'MapBuilder' is deprecated. Deprecated in Java
w: file:///C:/SopranoChat/node_modules/react-native-screens/android/src/main/java/com/swmansion/rnscreens/ScreenViewManager.kt:381:56 'MapBuilder' is deprecated. Deprecated in Java
w: file:///C:/SopranoChat/node_modules/react-native-screens/android/src/main/java/com/swmansion/rnscreens/ScreenViewManager.kt:382:57 'MapBuilder' is deprecated. Deprecated in Java
w: file:///C:/SopranoChat/node_modules/react-native-screens/android/src/main/java/com/swmansion/rnscreens/ScreenViewManager.kt:383:51 'MapBuilder' is deprecated. Deprecated in Java
w: file:///C:/SopranoChat/node_modules/react-native-screens/android/src/main/java/com/swmansion/rnscreens/ScreenWindowTraits.kt:55:42 'replaceSystemWindowInsets(Int, Int, Int, Int): WindowInsetsCompat' is deprecated. Deprecated in Java
w: file:///C:/SopranoChat/node_modules/react-native-screens/android/src/main/java/com/swmansion/rnscreens/ScreenWindowTraits.kt:56:39 'getter for systemWindowInsetLeft: Int' is deprecated. Deprecated in Java
w: file:///C:/SopranoChat/node_modules/react-native-screens/android/src/main/java/com/swmansion/rnscreens/ScreenWindowTraits.kt:58:39 'getter for systemWindowInsetRight: Int' is deprecated. Deprecated in Java
w: file:///C:/SopranoChat/node_modules/react-native-screens/android/src/main/java/com/swmansion/rnscreens/ScreenWindowTraits.kt:59:39 'getter for systemWindowInsetBottom: Int' is deprecated. Deprecated in Java
w: file:///C:/SopranoChat/node_modules/react-native-screens/android/src/main/java/com/swmansion/rnscreens/ScreenWindowTraits.kt:98:53 'getter for statusBarColor: Int' is deprecated. Deprecated in Java
w: file:///C:/SopranoChat/node_modules/react-native-screens/android/src/main/java/com/swmansion/rnscreens/ScreenWindowTraits.kt:109:48 'getter for statusBarColor: Int' is deprecated. Deprecated in Java
w: file:///C:/SopranoChat/node_modules/react-native-screens/android/src/main/java/com/swmansion/rnscreens/ScreenWindowTraits.kt:112:32 'setter for statusBarColor: Int' is deprecated. Deprecated in Java
w: file:///C:/SopranoChat/node_modules/react-native-screens/android/src/main/java/com/swmansion/rnscreens/ScreenWindowTraits.kt:208:72 'getter for navigationBarColor: Int' is deprecated. Deprecated in Java
w: file:///C:/SopranoChat/node_modules/react-native-screens/android/src/main/java/com/swmansion/rnscreens/ScreenWindowTraits.kt:214:16 'setter for navigationBarColor: Int' is deprecated. Deprecated in Java
w: file:///C:/SopranoChat/node_modules/react-native-screens/android/src/main/java/com/swmansion/rnscreens/SearchBarManager.kt:5:34 'MapBuilder' is deprecated. Deprecated in Java
w: file:///C:/SopranoChat/node_modules/react-native-screens/android/src/main/java/com/swmansion/rnscreens/SearchBarManager.kt:138:66 Elvis operator (?:) always returns the left operand of non-nullable type Boolean
w: file:///C:/SopranoChat/node_modules/react-native-screens/android/src/main/java/com/swmansion/rnscreens/SearchBarManager.kt:142:9 'MapBuilder' is deprecated. Deprecated in Java
w: file:///C:/SopranoChat/node_modules/react-native-screens/android/src/main/java/com/swmansion/rnscreens/SearchBarManager.kt:144:13 'MapBuilder' is deprecated. Deprecated in Java
w: file:///C:/SopranoChat/node_modules/react-native-screens/android/src/main/java/com/swmansion/rnscreens/SearchBarManager.kt:146:13 'MapBuilder' is deprecated. Deprecated in Java
w: file:///C:/SopranoChat/node_modules/react-native-screens/android/src/main/java/com/swmansion/rnscreens/SearchBarManager.kt:148:13 'MapBuilder' is deprecated. Deprecated in Java
w: file:///C:/SopranoChat/node_modules/react-native-screens/android/src/main/java/com/swmansion/rnscreens/SearchBarManager.kt:150:13 'MapBuilder' is deprecated. Deprecated in Java
w: file:///C:/SopranoChat/node_modules/react-native-screens/android/src/main/java/com/swmansion/rnscreens/SearchBarManager.kt:152:13 'MapBuilder' is deprecated. Deprecated in Java
w: file:///C:/SopranoChat/node_modules/react-native-screens/android/src/main/java/com/swmansion/rnscreens/SearchBarManager.kt:154:13 'MapBuilder' is deprecated. Deprecated in Java
w: file:///C:/SopranoChat/node_modules/react-native-screens/android/src/main/java/com/swmansion/rnscreens/SearchBarView.kt:153:43 Parameter 'flag' is never used
w: file:///C:/SopranoChat/node_modules/react-native-screens/android/src/main/java/com/swmansion/rnscreens/bottomsheet/BottomSheetDialogRootView.kt:7:34 'ReactFeatureFlags' is deprecated. Deprecated in Java
w: file:///C:/SopranoChat/node_modules/react-native-screens/android/src/main/java/com/swmansion/rnscreens/bottomsheet/BottomSheetDialogRootView.kt:25:13 'ReactFeatureFlags' is deprecated. Deprecated in Java
w: file:///C:/SopranoChat/node_modules/react-native-screens/android/src/paper/java/com/swmansion/rnscreens/FabricEnabledHeaderConfigViewGroup.kt:17:25 Parameter 'wrapper' is never used
w: file:///C:/SopranoChat/node_modules/react-native-screens/android/src/paper/java/com/swmansion/rnscreens/FabricEnabledViewGroup.kt:10:25 Parameter 'wrapper' is never used
w: file:///C:/SopranoChat/node_modules/react-native-screens/android/src/paper/java/com/swmansion/rnscreens/FabricEnabledViewGroup.kt:13:9 Parameter 'width' is never used
w: file:///C:/SopranoChat/node_modules/react-native-screens/android/src/paper/java/com/swmansion/rnscreens/FabricEnabledViewGroup.kt:14:9 Parameter 'height' is never used
w: file:///C:/SopranoChat/node_modules/react-native-screens/android/src/paper/java/com/swmansion/rnscreens/FabricEnabledViewGroup.kt:15:9 Parameter 'headerHeight' is never used
w: file:///C:/SopranoChat/node_modules/react-native-screens/android/src/paper/java/com/swmansion/rnscreens/NativeProxy.kt:7:36 Parameter 'fabricUIManager' is never used
w: file:///C:/SopranoChat/node_modules/react-native-screens/android/src/paper/java/com/swmansion/rnscreens/NativeProxy.kt:11:13 Parameter 'tag' is never used
w: file:///C:/SopranoChat/node_modules/react-native-screens/android/src/paper/java/com/swmansion/rnscreens/NativeProxy.kt:12:13 Parameter 'view' is never used
w: file:///C:/SopranoChat/node_modules/react-native-screens/android/src/paper/java/com/swmansion/rnscreens/NativeProxy.kt:15:33 Parameter 'tag' is never used

> Task :expo-crypto:compileReleaseKotlin
> Task :expo-device:compileReleaseKotlin
> Task :expo-clipboard:compileReleaseKotlin

> Task :expo-av:compileReleaseJavaWithJavac
Note: Some input files use or override a deprecated API.
Note: Recompile with -Xlint:deprecation for details.
Note: Some input files use unchecked or unsafe operations.
Note: Recompile with -Xlint:unchecked for details.

> Task :expo-av:bundleLibCompileToJarRelease
> Task :expo-blur:compileReleaseJavaWithJavac
> Task :expo-blur:bundleLibCompileToJarRelease
> Task :expo-clipboard:compileReleaseJavaWithJavac
> Task :expo-clipboard:bundleLibCompileToJarRelease
> Task :expo-constants:compileReleaseJavaWithJavac
> Task :expo-constants:bundleLibCompileToJarRelease
> Task :expo-crypto:compileReleaseJavaWithJavac
> Task :expo-crypto:bundleLibCompileToJarRelease
> Task :expo-device:compileReleaseJavaWithJavac
> Task :expo-device:bundleLibCompileToJarRelease
> Task :expo-font:compileReleaseKotlin
> Task :expo-image-loader:compileReleaseKotlin
> Task :expo-haptics:compileReleaseKotlin

> Task :expo-image-manipulator:compileReleaseKotlin
w: file:///C:/SopranoChat/node_modules/expo-image-manipulator/android/src/main/java/expo/modules/imagemanipulator/ImageManipulatorArguments.kt:78:37 'WEBP' is deprecated. Deprecated in Java
w: file:///C:/SopranoChat/node_modules/expo-image-manipulator/android/src/main/java/expo/modules/imagemanipulator/ImageManipulatorModule.kt:120:13 Name shadowed: options

> Task :expo-font:compileReleaseJavaWithJavac
> Task :expo-font:bundleLibCompileToJarRelease
> Task :expo-haptics:compileReleaseJavaWithJavac
> Task :expo-haptics:bundleLibCompileToJarRelease
> Task :expo-image-loader:compileReleaseJavaWithJavac
> Task :expo-image-loader:bundleLibCompileToJarRelease
> Task :expo-file-system:compileReleaseKotlin
> Task :expo-image-manipulator:compileReleaseJavaWithJavac
> Task :expo-file-system:compileReleaseJavaWithJavac
> Task :expo-image-manipulator:bundleLibCompileToJarRelease
> Task :expo-file-system:bundleLibCompileToJarRelease
> Task :expo-linear-gradient:compileReleaseKotlin
> Task :expo-keep-awake:compileReleaseKotlin
> Task :expo-linking:compileReleaseKotlin
> Task :expo-keep-awake:compileReleaseJavaWithJavac
> Task :expo-keep-awake:bundleLibCompileToJarRelease
> Task :expo-linear-gradient:compileReleaseJavaWithJavac
> Task :expo-linear-gradient:bundleLibCompileToJarRelease
> Task :expo-linking:compileReleaseJavaWithJavac
> Task :expo-linking:bundleLibCompileToJarRelease
> Task :expo-splash-screen:compileReleaseKotlin

> Task :expo-web-browser:compileReleaseKotlin
w: file:///C:/SopranoChat/node_modules/expo-web-browser/android/src/main/java/expo/modules/webbrowser/WebBrowserModule.kt:112:15 'setToolbarColor(Int): CustomTabsIntent.Builder' is deprecated. Deprecated in Java
w: file:///C:/SopranoChat/node_modules/expo-web-browser/android/src/main/java/expo/modules/webbrowser/WebBrowserModule.kt:117:15 'setSecondaryToolbarColor(Int): CustomTabsIntent.Builder' is deprecated. Deprecated in Java
w: file:///C:/SopranoChat/node_modules/expo-web-browser/android/src/main/java/expo/modules/webbrowser/WebBrowserModule.kt:123:15 'addDefaultShareMenuItem(): CustomTabsIntent.Builder' is deprecated. Deprecated in Java

> Task :expo-image-picker:compileReleaseKotlin
w: file:///C:/SopranoChat/node_modules/expo-image-picker/android/src/main/java/expo/modules/imagepicker/ImagePickerConstants.kt:123:23 'TAG_ISO_SPEED_RATINGS: String' is deprecated. Deprecated in Java

> Task :react-native-gesture-handler:compileReleaseJavaWithJavac
Note: C:\SopranoChat\node_modules\react-native-gesture-handler\android\paper\src\main\java\com\swmansion\gesturehandler\NativeRNGestureHandlerModuleSpec.java uses or overrides a deprecated API.
Note: Recompile with -Xlint:deprecation for details.

> Task :expo-image-picker:compileReleaseJavaWithJavac
> Task :expo-image-picker:bundleLibCompileToJarRelease
> Task :expo-splash-screen:compileReleaseJavaWithJavac
> Task :expo-splash-screen:bundleLibCompileToJarRelease

> Task :expo-notifications:compileReleaseKotlin
w: file:///C:/SopranoChat/node_modules/expo-notifications/android/src/main/java/expo/modules/notifications/Utils.kt:41:21 'get(String!): Any?' is deprecated. Deprecated in Java
w: file:///C:/SopranoChat/node_modules/expo-notifications/android/src/main/java/expo/modules/notifications/notifications/categories/ExpoNotificationCategoriesModule.kt:69:40 'getParcelableArrayList(String?): ArrayList<T!>?' is deprecated. Deprecated in Java
w: file:///C:/SopranoChat/node_modules/expo-notifications/android/src/main/java/expo/modules/notifications/notifications/categories/ExpoNotificationCategoriesModule.kt:122:36 'getParcelable(String?): T?' is deprecated. Deprecated in Java
w: file:///C:/SopranoChat/node_modules/expo-notifications/android/src/main/java/expo/modules/notifications/notifications/debug/DebugLogging.kt:30:23 'get(String!): Any?' is deprecated. Deprecated in Java
w: file:///C:/SopranoChat/node_modules/expo-notifications/android/src/main/java/expo/modules/notifications/notifications/model/RemoteNotificationContent.kt:21:45 'readParcelable(ClassLoader?): T?' is deprecated. Deprecated in Java
w: file:///C:/SopranoChat/node_modules/expo-notifications/android/src/main/java/expo/modules/notifications/notifications/model/triggers/FirebaseNotificationTrigger.kt:19:12 'readParcelable(ClassLoader?): T?' is deprecated. Deprecated in Java
w: file:///C:/SopranoChat/node_modules/expo-notifications/android/src/main/java/expo/modules/notifications/notifications/presentation/ExpoNotificationPresentationModule.kt:46:33 'getSerializable(String?): Serializable?' is deprecated. Deprecated in Java
w: file:///C:/SopranoChat/node_modules/expo-notifications/android/src/main/java/expo/modules/notifications/notifications/presentation/ExpoNotificationPresentationModule.kt:57:43 'getParcelableArrayList(String?): ArrayList<T!>?' is deprecated. Deprecated in Java
w: file:///C:/SopranoChat/node_modules/expo-notifications/android/src/main/java/expo/modules/notifications/notifications/presentation/ExpoNotificationPresentationModule.kt:61:33 'getSerializable(String?): Serializable?' is deprecated. Deprecated in Java
w: file:///C:/SopranoChat/node_modules/expo-notifications/android/src/main/java/expo/modules/notifications/notifications/presentation/ExpoNotificationPresentationModule.kt:81:31 'getSerializable(String?): Serializable?' is deprecated. Deprecated in Java
w: file:///C:/SopranoChat/node_modules/expo-notifications/android/src/main/java/expo/modules/notifications/notifications/presentation/ExpoNotificationPresentationModule.kt:95:31 'getSerializable(String?): Serializable?' is deprecated. Deprecated in Java
w: file:///C:/SopranoChat/node_modules/expo-notifications/android/src/main/java/expo/modules/notifications/notifications/presentation/builders/BaseNotificationBuilder.kt:35:100 'constructor Builder(Context)' is deprecated. Deprecated in Java
w: file:///C:/SopranoChat/node_modules/expo-notifications/android/src/main/java/expo/modules/notifications/notifications/scheduling/NotificationScheduler.kt:51:40 'getParcelableArrayList(String?): ArrayList<T!>?' is deprecated. Deprecated in Java
w: file:///C:/SopranoChat/node_modules/expo-notifications/android/src/main/java/expo/modules/notifications/notifications/scheduling/NotificationScheduler.kt:58:33 'getSerializable(String?): Serializable?' is deprecated. Deprecated in Java
w: file:///C:/SopranoChat/node_modules/expo-notifications/android/src/main/java/expo/modules/notifications/notifications/scheduling/NotificationScheduler.kt:81:35 'getSerializable(String?): Serializable?' is deprecated. Deprecated in Java
w: file:///C:/SopranoChat/node_modules/expo-notifications/android/src/main/java/expo/modules/notifications/notifications/scheduling/NotificationScheduler.kt:128:31 'getSerializable(String?): Serializable?' is deprecated. Deprecated in Java
w: file:///C:/SopranoChat/node_modules/expo-notifications/android/src/main/java/expo/modules/notifications/notifications/scheduling/NotificationScheduler.kt:142:31 'getSerializable(String?): Serializable?' is deprecated. Deprecated in Java
w: file:///C:/SopranoChat/node_modules/expo-notifications/android/src/main/java/expo/modules/notifications/service/NotificationsService.kt:480:34 'getParcelable(String?): T?' is deprecated. Deprecated in Java
w: file:///C:/SopranoChat/node_modules/expo-notifications/android/src/main/java/expo/modules/notifications/service/NotificationsService.kt:481:28 'getParcelable(String?): T?' is deprecated. Deprecated in Java
w: file:///C:/SopranoChat/node_modules/expo-notifications/android/src/main/java/expo/modules/notifications/service/NotificationsService.kt:505:33 'getParcelableExtra(String!): T?' is deprecated. Deprecated in Java
w: file:///C:/SopranoChat/node_modules/expo-notifications/android/src/main/java/expo/modules/notifications/service/NotificationsService.kt:506:27 'getParcelableExtra(String!): T?' is deprecated. Deprecated in Java
w: file:///C:/SopranoChat/node_modules/expo-notifications/android/src/main/java/expo/modules/notifications/service/NotificationsService.kt:609:54 'get(String!): Any?' is deprecated. Deprecated in Java
w: file:///C:/SopranoChat/node_modules/expo-notifications/android/src/main/java/expo/modules/notifications/service/NotificationsService.kt:676:22 'getParcelable(String?): T?' is deprecated. Deprecated in Java
w: file:///C:/SopranoChat/node_modules/expo-notifications/android/src/main/java/expo/modules/notifications/service/NotificationsService.kt:677:22 'getParcelable(String?): T?' is deprecated. Deprecated in Java
w: file:///C:/SopranoChat/node_modules/expo-notifications/android/src/main/java/expo/modules/notifications/service/NotificationsService.kt:704:14 'getParcelableExtra(String!): T?' is deprecated. Deprecated in Java
w: file:///C:/SopranoChat/node_modules/expo-notifications/android/src/main/java/expo/modules/notifications/service/NotificationsService.kt:734:18 'getParcelableExtra(String!): T?' is deprecated. Deprecated in Java
w: file:///C:/SopranoChat/node_modules/expo-notifications/android/src/main/java/expo/modules/notifications/service/NotificationsService.kt:774:22 'getParcelable(String?): T?' is deprecated. Deprecated in Java
w: file:///C:/SopranoChat/node_modules/expo-notifications/android/src/main/java/expo/modules/notifications/service/delegates/Base64Serialization.kt:26:45 Returning type parameter has been inferred to Nothing implicitly because Nothing is more specific than specified expected type. Please specify type arguments explicitly in accordance with expected type to hide this warning. Nothing can produce an exception at runtime. See KT-36776 for more details.
w: file:///C:/SopranoChat/node_modules/expo-notifications/android/src/main/java/expo/modules/notifications/service/delegates/ExpoHandlingDelegate.kt:63:85 Parameter 'notificationResponse' is never used
w: file:///C:/SopranoChat/node_modules/expo-notifications/android/src/main/java/expo/modules/notifications/service/delegates/ExpoPresentationDelegate.kt:194:70 'priority: Int' is deprecated. Deprecated in Java
w: file:///C:/SopranoChat/node_modules/expo-notifications/android/src/main/java/expo/modules/notifications/service/delegates/ExpoPresentationDelegate.kt:195:41 'vibrate: LongArray!' is deprecated. Deprecated in Java
w: file:///C:/SopranoChat/node_modules/expo-notifications/android/src/main/java/expo/modules/notifications/service/delegates/ExpoPresentationDelegate.kt:196:30 'sound: Uri!' is deprecated. Deprecated in Java
w: file:///C:/SopranoChat/node_modules/expo-notifications/android/src/main/java/expo/modules/notifications/service/delegates/ExpoPresentationDelegate.kt:207:41 'get(String!): Any?' is deprecated. Deprecated in Java
w: file:///C:/SopranoChat/node_modules/expo-notifications/android/src/main/java/expo/modules/notifications/service/delegates/ExpoPresentationDelegate.kt:210:124 'get(String!): Any?' is deprecated. Deprecated in Java

> Task :expo-web-browser:compileReleaseJavaWithJavac

> Task :expo-notifications:compileReleaseJavaWithJavac
Note: Some input files use or override a deprecated API.
Note: Recompile with -Xlint:deprecation for details.
Note: C:\SopranoChat\node_modules\expo-notifications\android\src\main\java\expo\modules\notifications\notifications\model\NotificationCategory.java uses unchecked or unsafe operations.
Note: Recompile with -Xlint:unchecked for details.

> Task :expo-web-browser:bundleLibCompileToJarRelease
> Task :react-native-safe-area-context:bundleLibCompileToJarRelease
> Task :react-native-gesture-handler:bundleLibCompileToJarRelease
> Task :react-native-keyboard-controller:bundleLibCompileToJarRelease
> Task :expo-notifications:bundleLibCompileToJarRelease

> Task :react-native-screens:compileReleaseJavaWithJavac
Note: C:\SopranoChat\node_modules\react-native-screens\android\src\paper\java\com\swmansion\rnscreens\NativeScreensModuleSpec.java uses or overrides a deprecated API.
Note: Recompile with -Xlint:deprecation for details.

> Task :react-native-screens:bundleLibCompileToJarRelease

> Task :react-native-webview:compileReleaseJavaWithJavac
Note: Some input files use or override a deprecated API.
Note: Recompile with -Xlint:deprecation for details.

> Task :app:javaPreCompileRelease
> Task :react-native-webview:bundleLibCompileToJarRelease
> Task :app:extractProguardFiles
> Task :expo:extractProguardFiles
> Task :expo-application:bundleLibRuntimeToJarRelease
> Task :expo-application:processReleaseJavaRes
> Task :expo-application:createFullJarRelease
> Task :expo-application:extractProguardFiles
> Task :expo-modules-core:processReleaseJavaRes
> Task :expo-modules-core:extractProguardFiles
> Task :expo-modules-core:bundleLibRuntimeToJarRelease
> Task :expo-modules-core:generateReleaseLintModel
> Task :expo-modules-core:createFullJarRelease
> Task :expo-modules-core:prepareLintJarForPublish
> Task :expo-application:prepareLintJarForPublish
> Task :expo-asset:bundleLibRuntimeToJarRelease
> Task :expo-application:generateReleaseLintModel
> Task :expo-asset:processReleaseJavaRes
> Task :expo-asset:createFullJarRelease
> Task :expo-asset:extractProguardFiles
> Task :expo-asset:generateReleaseLintModel
> Task :expo-asset:prepareLintJarForPublish
> Task :expo-av:processReleaseJavaRes
> Task :expo-av:bundleLibRuntimeToJarRelease
> Task :expo-av:extractProguardFiles
> Task :expo-av:createFullJarRelease
> Task :expo-av:generateReleaseLintModel
> Task :expo-av:prepareLintJarForPublish
> Task :expo-blur:bundleLibRuntimeToJarRelease
> Task :expo-blur:processReleaseJavaRes
> Task :expo-blur:createFullJarRelease
> Task :expo-blur:extractProguardFiles
> Task :expo-blur:generateReleaseLintModel
> Task :expo-blur:prepareLintJarForPublish
> Task :expo-clipboard:processReleaseJavaRes
> Task :expo-clipboard:bundleLibRuntimeToJarRelease
> Task :expo-clipboard:extractProguardFiles
> Task :expo-clipboard:createFullJarRelease
> Task :expo-clipboard:generateReleaseLintModel
> Task :expo-clipboard:prepareLintJarForPublish
> Task :expo-constants:bundleLibRuntimeToJarRelease
> Task :expo-constants:processReleaseJavaRes
> Task :expo-constants:createFullJarRelease
> Task :expo-constants:extractProguardFiles
> Task :expo-constants:generateReleaseLintModel
> Task :expo-constants:prepareLintJarForPublish
> Task :expo-crypto:bundleLibRuntimeToJarRelease
> Task :expo-crypto:processReleaseJavaRes
> Task :expo-crypto:createFullJarRelease
> Task :expo-crypto:extractProguardFiles
> Task :expo-crypto:generateReleaseLintModel
> Task :expo-crypto:prepareLintJarForPublish
> Task :expo-device:bundleLibRuntimeToJarRelease
> Task :expo-device:processReleaseJavaRes
> Task :expo-device:createFullJarRelease
> Task :expo-device:extractProguardFiles
> Task :expo-device:generateReleaseLintModel
> Task :expo-device:prepareLintJarForPublish
> Task :expo-file-system:processReleaseJavaRes

> Task :expo:compileReleaseKotlin
w: file:///C:/SopranoChat/node_modules/expo/android/src/main/java/expo/modules/ReactActivityDelegateWrapper.kt:20:34 'ReactFeatureFlags' is deprecated. Deprecated in Java
w: file:///C:/SopranoChat/node_modules/expo/android/src/main/java/expo/modules/ReactActivityDelegateWrapper.kt:153:11 'ReactFeatureFlags' is deprecated. Deprecated in Java
w: file:///C:/SopranoChat/node_modules/expo/android/src/main/java/expo/modules/ReactActivityDelegateWrapper.kt:153:29 'enableBridgelessArchitecture: Boolean' is deprecated. Deprecated in Java
w: file:///C:/SopranoChat/node_modules/expo/android/src/main/java/expo/modules/ReactActivityDelegateWrapper.kt:161:34 'constructor ReactDelegate(Activity!, ReactNativeHost!, String?, Bundle?)' is deprecated. Deprecated in Java
w: file:///C:/SopranoChat/node_modules/expo/android/src/main/java/expo/modules/ReactActivityDelegateWrapper.kt:238:10 'ReactFeatureFlags' is deprecated. Deprecated in Java
w: file:///C:/SopranoChat/node_modules/expo/android/src/main/java/expo/modules/ReactActivityDelegateWrapper.kt:238:28 'enableBridgelessArchitecture: Boolean' is deprecated. Deprecated in Java
w: file:///C:/SopranoChat/node_modules/expo/android/src/main/java/expo/modules/fetch/NativeResponse.kt:40:16 This declaration overrides deprecated member but not marked as deprecated itself. Please add @Deprecated annotation or suppress. See https://youtrack.jetbrains.com/issue/KT-47902 for details
w: file:///C:/SopranoChat/node_modules/expo/android/src/main/java/expo/modules/fetch/NativeResponse.kt:42:11 'deallocate(): Unit' is deprecated. Use sharedObjectDidRelease() instead.

> Task :expo-file-system:extractProguardFiles
> Task :expo-file-system:bundleLibRuntimeToJarRelease
> Task :expo:compileReleaseJavaWithJavac
> Task :expo:processReleaseJavaRes
> Task :expo:bundleLibCompileToJarRelease
> Task :expo:bundleLibRuntimeToJarRelease
> Task :expo-file-system:createFullJarRelease
> Task :expo:createFullJarRelease
> Task :expo-file-system:generateReleaseLintModel
> Task :expo-file-system:prepareLintJarForPublish
> Task :expo-font:bundleLibRuntimeToJarRelease
> Task :expo-font:processReleaseJavaRes
> Task :expo-font:createFullJarRelease
> Task :expo-font:extractProguardFiles
> Task :expo-font:generateReleaseLintModel
> Task :expo-font:prepareLintJarForPublish
> Task :expo-haptics:bundleLibRuntimeToJarRelease
> Task :expo-haptics:processReleaseJavaRes
> Task :expo-haptics:createFullJarRelease
> Task :expo-haptics:extractProguardFiles
> Task :expo-haptics:generateReleaseLintModel
> Task :expo-haptics:prepareLintJarForPublish
> Task :expo-image-loader:bundleLibRuntimeToJarRelease
> Task :expo-image-loader:processReleaseJavaRes
> Task :expo-image-loader:createFullJarRelease
> Task :expo-image-loader:extractProguardFiles
> Task :expo-image-loader:generateReleaseLintModel
> Task :expo-image-loader:prepareLintJarForPublish
> Task :expo-image-manipulator:processReleaseJavaRes
> Task :expo-image-manipulator:bundleLibRuntimeToJarRelease
> Task :expo-image-manipulator:extractProguardFiles
> Task :expo-image-manipulator:createFullJarRelease
> Task :expo-image-manipulator:generateReleaseLintModel
> Task :expo-image-manipulator:prepareLintJarForPublish
> Task :expo-image-picker:processReleaseJavaRes
> Task :expo-image-picker:bundleLibRuntimeToJarRelease
> Task :expo-image-picker:extractProguardFiles
> Task :expo-image-picker:createFullJarRelease
> Task :expo-image-picker:generateReleaseLintModel
> Task :expo-image-picker:prepareLintJarForPublish
> Task :expo-keep-awake:bundleLibRuntimeToJarRelease
> Task :expo-keep-awake:processReleaseJavaRes
> Task :expo-keep-awake:createFullJarRelease
> Task :expo-keep-awake:extractProguardFiles
> Task :expo-keep-awake:generateReleaseLintModel
> Task :expo-keep-awake:prepareLintJarForPublish
> Task :expo-linear-gradient:bundleLibRuntimeToJarRelease
> Task :expo-linear-gradient:processReleaseJavaRes
> Task :expo-linear-gradient:createFullJarRelease
> Task :expo-linear-gradient:extractProguardFiles
> Task :expo-linear-gradient:generateReleaseLintModel
> Task :expo-linear-gradient:prepareLintJarForPublish
> Task :expo-linking:bundleLibRuntimeToJarRelease
> Task :expo-linking:processReleaseJavaRes
> Task :expo-linking:createFullJarRelease
> Task :expo-linking:extractProguardFiles
> Task :expo-linking:generateReleaseLintModel
> Task :expo-linking:prepareLintJarForPublish
> Task :expo-notifications:processReleaseJavaRes
> Task :expo-notifications:extractProguardFiles
> Task :expo-notifications:bundleLibRuntimeToJarRelease
> Task :expo-notifications:generateReleaseLintModel
> Task :expo-notifications:createFullJarRelease
> Task :expo-notifications:prepareLintJarForPublish
> Task :expo-splash-screen:bundleLibRuntimeToJarRelease
> Task :expo-splash-screen:processReleaseJavaRes
> Task :expo-splash-screen:createFullJarRelease
> Task :expo-splash-screen:extractProguardFiles
> Task :expo-splash-screen:generateReleaseLintModel
> Task :expo-splash-screen:prepareLintJarForPublish
> Task :expo-web-browser:bundleLibRuntimeToJarRelease
> Task :expo-web-browser:processReleaseJavaRes
> Task :expo-web-browser:createFullJarRelease
> Task :expo-web-browser:extractProguardFiles
> Task :expo-web-browser:generateReleaseLintModel
> Task :expo-web-browser:prepareLintJarForPublish
> Task :expo:prepareLintJarForPublish
> Task :expo:generateReleaseLintModel
> Task :app:compileReleaseKotlin
> Task :livekit_react-native:bundleLibRuntimeToJarRelease
> Task :app:compileReleaseJavaWithJavac
> Task :livekit_react-native:processReleaseJavaRes
> Task :livekit_react-native:createFullJarRelease
> Task :livekit_react-native:extractProguardFiles
> Task :livekit_react-native-webrtc:processReleaseJavaRes NO-SOURCE
> Task :livekit_react-native-webrtc:extractProguardFiles
> Task :livekit_react-native-webrtc:bundleLibRuntimeToJarRelease
> Task :livekit_react-native-webrtc:generateReleaseLintModel
> Task :livekit_react-native-webrtc:createFullJarRelease
> Task :livekit_react-native-webrtc:prepareLintJarForPublish
> Task :livekit_react-native:prepareLintJarForPublish
> Task :livekit_react-native:generateReleaseLintModel
> Task :lottie-react-native:bundleLibRuntimeToJarRelease
> Task :lottie-react-native:processReleaseJavaRes
> Task :lottie-react-native:createFullJarRelease
> Task :lottie-react-native:extractProguardFiles
> Task :lottie-react-native:generateReleaseLintModel
> Task :lottie-react-native:prepareLintJarForPublish
> Task :react-native-async-storage_async-storage:processReleaseJavaRes NO-SOURCE
> Task :react-native-async-storage_async-storage:bundleLibRuntimeToJarRelease
> Task :react-native-async-storage_async-storage:extractProguardFiles
> Task :react-native-async-storage_async-storage:createFullJarRelease
> Task :react-native-async-storage_async-storage:generateReleaseLintModel
> Task :react-native-async-storage_async-storage:prepareLintJarForPublish
> Task :react-native-community_datetimepicker:processReleaseJavaRes NO-SOURCE
> Task :react-native-community_datetimepicker:bundleLibRuntimeToJarRelease
> Task :react-native-community_datetimepicker:extractProguardFiles
> Task :react-native-community_datetimepicker:createFullJarRelease
> Task :react-native-community_datetimepicker:generateReleaseLintModel
> Task :react-native-community_datetimepicker:prepareLintJarForPublish
> Task :react-native-firebase_analytics:processReleaseJavaRes NO-SOURCE
> Task :react-native-firebase_analytics:bundleLibRuntimeToJarRelease
> Task :react-native-firebase_analytics:extractProguardFiles
> Task :react-native-firebase_analytics:createFullJarRelease
> Task :react-native-firebase_app:processReleaseJavaRes NO-SOURCE
> Task :react-native-firebase_app:bundleLibRuntimeToJarRelease
> Task :react-native-firebase_app:extractProguardFiles
> Task :react-native-firebase_app:createFullJarRelease
> Task :react-native-firebase_app:generateReleaseLintModel
> Task :react-native-firebase_app:prepareLintJarForPublish
> Task :react-native-firebase_analytics:prepareLintJarForPublish
> Task :react-native-firebase_analytics:generateReleaseLintModel
> Task :react-native-firebase_crashlytics:processReleaseJavaRes NO-SOURCE
> Task :react-native-firebase_crashlytics:bundleLibRuntimeToJarRelease
> Task :react-native-firebase_crashlytics:extractProguardFiles
> Task :react-native-firebase_crashlytics:createFullJarRelease
> Task :react-native-firebase_crashlytics:generateReleaseLintModel
> Task :react-native-firebase_crashlytics:prepareLintJarForPublish
> Task :react-native-gesture-handler:processReleaseJavaRes
> Task :react-native-gesture-handler:bundleLibRuntimeToJarRelease
> Task :react-native-gesture-handler:extractProguardFiles
> Task :react-native-gesture-handler:createFullJarRelease
> Task :react-native-reanimated:processReleaseJavaRes NO-SOURCE
> Task :react-native-reanimated:extractProguardFiles
> Task :react-native-reanimated:bundleLibRuntimeToJarRelease
> Task :react-native-reanimated:generateReleaseLintModel
> Task :react-native-reanimated:createFullJarRelease
> Task :react-native-reanimated:prepareLintJarForPublish
> Task :react-native-gesture-handler:prepareLintJarForPublish
> Task :react-native-gesture-handler:generateReleaseLintModel
> Task :react-native-google-signin_google-signin:bundleLibRuntimeToJarRelease
> Task :react-native-google-signin_google-signin:processReleaseJavaRes
> Task :react-native-google-signin_google-signin:createFullJarRelease
> Task :react-native-google-signin_google-signin:extractProguardFiles
> Task :react-native-google-signin_google-signin:generateReleaseLintModel
> Task :react-native-google-signin_google-signin:prepareLintJarForPublish
> Task :react-native-keyboard-controller:bundleLibRuntimeToJarRelease
> Task :react-native-keyboard-controller:processReleaseJavaRes
> Task :react-native-keyboard-controller:createFullJarRelease
> Task :react-native-keyboard-controller:extractProguardFiles
> Task :react-native-keyboard-controller:generateReleaseLintModel
> Task :react-native-keyboard-controller:prepareLintJarForPublish
> Task :react-native-masked-view_masked-view:processReleaseJavaRes NO-SOURCE
> Task :react-native-masked-view_masked-view:bundleLibRuntimeToJarRelease
> Task :react-native-masked-view_masked-view:extractProguardFiles
> Task :react-native-masked-view_masked-view:createFullJarRelease
> Task :react-native-masked-view_masked-view:generateReleaseLintModel
> Task :react-native-masked-view_masked-view:prepareLintJarForPublish
> Task :react-native-purchases:bundleLibRuntimeToJarRelease
> Task :react-native-purchases:processReleaseJavaRes
> Task :react-native-purchases:createFullJarRelease
> Task :react-native-purchases:extractProguardFiles
> Task :react-native-purchases:generateReleaseLintModel
> Task :react-native-purchases:prepareLintJarForPublish
> Task :react-native-safe-area-context:bundleLibRuntimeToJarRelease
> Task :react-native-safe-area-context:processReleaseJavaRes
> Task :react-native-safe-area-context:createFullJarRelease
> Task :react-native-safe-area-context:extractProguardFiles
> Task :react-native-safe-area-context:generateReleaseLintModel
> Task :react-native-safe-area-context:prepareLintJarForPublish
> Task :react-native-screens:processReleaseJavaRes
> Task :react-native-screens:extractProguardFiles
> Task :react-native-screens:bundleLibRuntimeToJarRelease
> Task :react-native-screens:generateReleaseLintModel
> Task :react-native-screens:createFullJarRelease
> Task :react-native-screens:prepareLintJarForPublish
> Task :react-native-webview:bundleLibRuntimeToJarRelease
> Task :react-native-webview:processReleaseJavaRes
> Task :react-native-webview:createFullJarRelease
> Task :react-native-webview:extractProguardFiles
> Task :react-native-webview:generateReleaseLintModel
> Task :react-native-webview:prepareLintJarForPublish
> Task :livekit_react-native:mergeReleaseJniLibFolders
> Task :app:generateReleaseLintVitalReportModel
> Task :livekit_react-native:mergeReleaseNativeLibs NO-SOURCE
> Task :livekit_react-native:stripReleaseDebugSymbols NO-SOURCE
> Task :livekit_react-native:extractDeepLinksForAarRelease
> Task :livekit_react-native:copyReleaseJniLibsProjectAndLocalJars
> Task :livekit_react-native:extractReleaseAnnotations
> Task :livekit_react-native:mergeReleaseGeneratedProguardFiles
> Task :livekit_react-native:mergeReleaseConsumerProguardFiles
> Task :livekit_react-native:mergeReleaseShaders
> Task :livekit_react-native:compileReleaseShaders NO-SOURCE
> Task :livekit_react-native:generateReleaseAssets UP-TO-DATE
> Task :livekit_react-native:packageReleaseAssets
> Task :livekit_react-native:prepareReleaseArtProfile
> Task :react-native-google-signin_google-signin:mergeReleaseJniLibFolders
> Task :react-native-google-signin_google-signin:mergeReleaseNativeLibs NO-SOURCE
> Task :react-native-google-signin_google-signin:stripReleaseDebugSymbols NO-SOURCE
> Task :react-native-google-signin_google-signin:copyReleaseJniLibsProjectAndLocalJars
> Task :react-native-google-signin_google-signin:extractDeepLinksForAarRelease
> Task :react-native-google-signin_google-signin:extractReleaseAnnotations
> Task :react-native-google-signin_google-signin:mergeReleaseGeneratedProguardFiles
> Task :react-native-google-signin_google-signin:mergeReleaseConsumerProguardFiles
> Task :react-native-google-signin_google-signin:mergeReleaseShaders
> Task :react-native-google-signin_google-signin:compileReleaseShaders NO-SOURCE
> Task :react-native-google-signin_google-signin:generateReleaseAssets UP-TO-DATE
> Task :react-native-google-signin_google-signin:packageReleaseAssets
> Task :react-native-google-signin_google-signin:prepareReleaseArtProfile
> Task :expo:mergeReleaseJniLibFolders
> Task :expo:mergeReleaseNativeLibs NO-SOURCE
> Task :expo:stripReleaseDebugSymbols NO-SOURCE
> Task :expo:copyReleaseJniLibsProjectAndLocalJars
> Task :expo:extractDeepLinksForAarRelease
> Task :expo:extractReleaseAnnotations
> Task :expo:mergeReleaseGeneratedProguardFiles
> Task :expo:mergeReleaseConsumerProguardFiles
> Task :expo:mergeReleaseShaders
> Task :expo:compileReleaseShaders NO-SOURCE
> Task :expo:generateReleaseAssets UP-TO-DATE
> Task :expo:packageReleaseAssets
> Task :expo:prepareReleaseArtProfile
> Task :lottie-react-native:mergeReleaseJniLibFolders
> Task :react-native-google-signin_google-signin:mergeReleaseJavaResource
> Task :lottie-react-native:mergeReleaseNativeLibs NO-SOURCE
> Task :livekit_react-native:mergeReleaseJavaResource
> Task :expo:mergeReleaseJavaResource
> Task :react-native-google-signin_google-signin:syncReleaseLibJars
> Task :livekit_react-native:syncReleaseLibJars
> Task :livekit_react-native:bundleReleaseLocalLintAar
> Task :react-native-google-signin_google-signin:bundleReleaseLocalLintAar
> Task :expo:syncReleaseLibJars
> Task :expo:bundleReleaseLocalLintAar
> Task :lottie-react-native:stripReleaseDebugSymbols NO-SOURCE
> Task :lottie-react-native:copyReleaseJniLibsProjectAndLocalJars
> Task :lottie-react-native:extractDeepLinksForAarRelease
> Task :lottie-react-native:extractReleaseAnnotations
> Task :lottie-react-native:mergeReleaseGeneratedProguardFiles
> Task :lottie-react-native:mergeReleaseConsumerProguardFiles
> Task :lottie-react-native:mergeReleaseShaders
> Task :lottie-react-native:compileReleaseShaders NO-SOURCE
> Task :lottie-react-native:generateReleaseAssets UP-TO-DATE
> Task :lottie-react-native:packageReleaseAssets
> Task :lottie-react-native:prepareReleaseArtProfile
> Task :react-native-gesture-handler:mergeReleaseJniLibFolders
> Task :lottie-react-native:mergeReleaseJavaResource
> Task :react-native-gesture-handler:mergeReleaseNativeLibs NO-SOURCE
> Task :lottie-react-native:syncReleaseLibJars
> Task :lottie-react-native:bundleReleaseLocalLintAar
> Task :react-native-gesture-handler:stripReleaseDebugSymbols NO-SOURCE
> Task :react-native-gesture-handler:copyReleaseJniLibsProjectAndLocalJars
> Task :react-native-gesture-handler:extractDeepLinksForAarRelease
> Task :react-native-gesture-handler:extractReleaseAnnotations
> Task :react-native-gesture-handler:mergeReleaseGeneratedProguardFiles
> Task :react-native-gesture-handler:mergeReleaseConsumerProguardFiles
> Task :react-native-gesture-handler:mergeReleaseShaders
> Task :react-native-gesture-handler:compileReleaseShaders NO-SOURCE
> Task :react-native-gesture-handler:generateReleaseAssets UP-TO-DATE
> Task :react-native-gesture-handler:packageReleaseAssets
> Task :react-native-gesture-handler:prepareReleaseArtProfile
> Task :react-native-keyboard-controller:mergeReleaseJniLibFolders
> Task :react-native-keyboard-controller:mergeReleaseNativeLibs NO-SOURCE
> Task :react-native-gesture-handler:mergeReleaseJavaResource
> Task :react-native-gesture-handler:syncReleaseLibJars
> Task :react-native-gesture-handler:bundleReleaseLocalLintAar
> Task :react-native-keyboard-controller:stripReleaseDebugSymbols NO-SOURCE
> Task :react-native-keyboard-controller:copyReleaseJniLibsProjectAndLocalJars
> Task :react-native-keyboard-controller:extractDeepLinksForAarRelease
> Task :react-native-keyboard-controller:extractReleaseAnnotations
> Task :react-native-keyboard-controller:mergeReleaseGeneratedProguardFiles
> Task :react-native-keyboard-controller:mergeReleaseConsumerProguardFiles
> Task :react-native-keyboard-controller:mergeReleaseShaders
> Task :react-native-keyboard-controller:compileReleaseShaders NO-SOURCE
> Task :react-native-keyboard-controller:generateReleaseAssets UP-TO-DATE
> Task :react-native-keyboard-controller:packageReleaseAssets
> Task :react-native-keyboard-controller:prepareReleaseArtProfile
> Task :react-native-safe-area-context:mergeReleaseJniLibFolders
> Task :react-native-safe-area-context:mergeReleaseNativeLibs NO-SOURCE
> Task :react-native-safe-area-context:stripReleaseDebugSymbols NO-SOURCE
> Task :react-native-safe-area-context:copyReleaseJniLibsProjectAndLocalJars
> Task :react-native-keyboard-controller:mergeReleaseJavaResource
> Task :react-native-safe-area-context:extractDeepLinksForAarRelease
> Task :react-native-keyboard-controller:syncReleaseLibJars
> Task :react-native-keyboard-controller:bundleReleaseLocalLintAar
> Task :react-native-safe-area-context:extractReleaseAnnotations
> Task :react-native-safe-area-context:mergeReleaseGeneratedProguardFiles
> Task :react-native-safe-area-context:mergeReleaseConsumerProguardFiles
> Task :react-native-safe-area-context:mergeReleaseShaders
> Task :react-native-safe-area-context:compileReleaseShaders NO-SOURCE
> Task :react-native-safe-area-context:generateReleaseAssets UP-TO-DATE
> Task :react-native-safe-area-context:packageReleaseAssets
> Task :react-native-safe-area-context:prepareReleaseArtProfile
> Task :react-native-safe-area-context:mergeReleaseJavaResource

> Task :react-native-screens:configureCMakeRelWithDebInfo[arm64-v8a]
[CXX5304] This version only understands SDK XML versions up to 3 but an SDK XML file of version 4 was encountered. This can happen if you use versions of Android Studio and the command-line tools that were released at different times.
[CXX5304] This version only understands SDK XML versions up to 3 but an SDK XML file of version 4 was encountered. This can happen if you use versions of Android Studio and the command-line tools that were released at different times.

> Task :react-native-safe-area-context:syncReleaseLibJars
> Task :react-native-safe-area-context:bundleReleaseLocalLintAar
> Task :react-native-screens:buildCMakeRelWithDebInfo[arm64-v8a]
> Task :react-native-screens:configureCMakeRelWithDebInfo[armeabi-v7a]
> Task :react-native-screens:buildCMakeRelWithDebInfo[armeabi-v7a]
> Task :react-native-screens:configureCMakeRelWithDebInfo[x86]
> Task :react-native-screens:buildCMakeRelWithDebInfo[x86]
> Task :react-native-screens:configureCMakeRelWithDebInfo[x86_64]
> Task :react-native-screens:buildCMakeRelWithDebInfo[x86_64]
> Task :react-native-screens:mergeReleaseJniLibFolders
> Task :react-native-screens:extractDeepLinksForAarRelease
> Task :react-native-screens:extractReleaseAnnotations
> Task :react-native-screens:mergeReleaseGeneratedProguardFiles
> Task :react-native-screens:mergeReleaseConsumerProguardFiles
> Task :react-native-screens:mergeReleaseNativeLibs
> Task :react-native-screens:mergeReleaseShaders
> Task :react-native-screens:compileReleaseShaders NO-SOURCE
> Task :react-native-screens:generateReleaseAssets UP-TO-DATE
> Task :react-native-screens:packageReleaseAssets
> Task :react-native-screens:prepareReleaseArtProfile
> Task :react-native-webview:mergeReleaseJniLibFolders
> Task :react-native-screens:mergeReleaseJavaResource
> Task :react-native-screens:syncReleaseLibJars
> Task :react-native-webview:mergeReleaseNativeLibs NO-SOURCE
> Task :react-native-webview:stripReleaseDebugSymbols NO-SOURCE
> Task :react-native-webview:copyReleaseJniLibsProjectAndLocalJars
> Task :react-native-webview:extractDeepLinksForAarRelease
> Task :react-native-webview:extractReleaseAnnotations
> Task :react-native-screens:stripReleaseDebugSymbols
> Task :react-native-webview:mergeReleaseGeneratedProguardFiles
> Task :react-native-webview:mergeReleaseConsumerProguardFiles
> Task :react-native-webview:mergeReleaseShaders
> Task :react-native-webview:compileReleaseShaders NO-SOURCE
> Task :react-native-webview:generateReleaseAssets UP-TO-DATE
> Task :react-native-webview:packageReleaseAssets
> Task :react-native-webview:prepareReleaseArtProfile
> Task :react-native-screens:copyReleaseJniLibsProjectAndLocalJars
> Task :react-native-webview:mergeReleaseJavaResource
> Task :react-native-screens:bundleReleaseLocalLintAar
> Task :react-native-webview:syncReleaseLibJars
> Task :react-native-webview:bundleReleaseLocalLintAar
> Task :livekit_react-native-webrtc:mergeReleaseJniLibFolders
> Task :livekit_react-native-webrtc:mergeReleaseNativeLibs NO-SOURCE
> Task :livekit_react-native-webrtc:stripReleaseDebugSymbols NO-SOURCE
> Task :livekit_react-native-webrtc:copyReleaseJniLibsProjectAndLocalJars
> Task :livekit_react-native-webrtc:extractDeepLinksForAarRelease
> Task :livekit_react-native-webrtc:extractReleaseAnnotations
> Task :livekit_react-native-webrtc:mergeReleaseGeneratedProguardFiles
> Task :livekit_react-native-webrtc:mergeReleaseConsumerProguardFiles
> Task :livekit_react-native-webrtc:mergeReleaseShaders
> Task :livekit_react-native-webrtc:compileReleaseShaders NO-SOURCE
> Task :livekit_react-native-webrtc:generateReleaseAssets UP-TO-DATE
> Task :livekit_react-native-webrtc:packageReleaseAssets
> Task :livekit_react-native-webrtc:prepareReleaseArtProfile
> Task :react-native-async-storage_async-storage:mergeReleaseJniLibFolders
> Task :livekit_react-native-webrtc:mergeReleaseJavaResource
> Task :react-native-async-storage_async-storage:mergeReleaseNativeLibs NO-SOURCE
> Task :livekit_react-native-webrtc:syncReleaseLibJars
> Task :livekit_react-native-webrtc:bundleReleaseLocalLintAar
> Task :react-native-async-storage_async-storage:stripReleaseDebugSymbols NO-SOURCE
> Task :react-native-async-storage_async-storage:copyReleaseJniLibsProjectAndLocalJars
> Task :react-native-async-storage_async-storage:extractDeepLinksForAarRelease
> Task :react-native-async-storage_async-storage:extractReleaseAnnotations
> Task :react-native-async-storage_async-storage:mergeReleaseGeneratedProguardFiles
> Task :react-native-async-storage_async-storage:mergeReleaseConsumerProguardFiles
> Task :react-native-async-storage_async-storage:mergeReleaseShaders
> Task :react-native-async-storage_async-storage:compileReleaseShaders NO-SOURCE
> Task :react-native-async-storage_async-storage:generateReleaseAssets UP-TO-DATE
> Task :react-native-async-storage_async-storage:packageReleaseAssets
> Task :react-native-async-storage_async-storage:prepareReleaseArtProfile
> Task :react-native-async-storage_async-storage:mergeReleaseJavaResource
> Task :react-native-community_datetimepicker:mergeReleaseJniLibFolders
> Task :react-native-async-storage_async-storage:syncReleaseLibJars
> Task :react-native-async-storage_async-storage:bundleReleaseLocalLintAar
> Task :react-native-community_datetimepicker:mergeReleaseNativeLibs NO-SOURCE
> Task :react-native-community_datetimepicker:stripReleaseDebugSymbols NO-SOURCE
> Task :react-native-community_datetimepicker:copyReleaseJniLibsProjectAndLocalJars
> Task :react-native-community_datetimepicker:extractDeepLinksForAarRelease
> Task :react-native-community_datetimepicker:extractReleaseAnnotations
> Task :react-native-community_datetimepicker:mergeReleaseGeneratedProguardFiles
> Task :react-native-community_datetimepicker:mergeReleaseConsumerProguardFiles
> Task :react-native-community_datetimepicker:mergeReleaseShaders
> Task :react-native-community_datetimepicker:compileReleaseShaders NO-SOURCE
> Task :react-native-community_datetimepicker:generateReleaseAssets UP-TO-DATE
> Task :react-native-community_datetimepicker:packageReleaseAssets
> Task :react-native-community_datetimepicker:prepareReleaseArtProfile
> Task :react-native-firebase_analytics:mergeReleaseJniLibFolders
> Task :react-native-community_datetimepicker:mergeReleaseJavaResource
> Task :react-native-community_datetimepicker:syncReleaseLibJars
> Task :react-native-community_datetimepicker:bundleReleaseLocalLintAar
> Task :react-native-firebase_analytics:mergeReleaseNativeLibs NO-SOURCE
> Task :react-native-firebase_analytics:stripReleaseDebugSymbols NO-SOURCE
> Task :react-native-firebase_analytics:copyReleaseJniLibsProjectAndLocalJars
> Task :react-native-firebase_analytics:extractDeepLinksForAarRelease
> Task :react-native-firebase_analytics:extractReleaseAnnotations
> Task :react-native-firebase_analytics:mergeReleaseGeneratedProguardFiles
> Task :react-native-firebase_analytics:mergeReleaseConsumerProguardFiles
> Task :react-native-firebase_analytics:mergeReleaseShaders
> Task :react-native-firebase_analytics:compileReleaseShaders NO-SOURCE
> Task :react-native-firebase_analytics:generateReleaseAssets UP-TO-DATE
> Task :react-native-firebase_analytics:packageReleaseAssets
> Task :react-native-firebase_analytics:prepareReleaseArtProfile
> Task :react-native-firebase_analytics:mergeReleaseJavaResource
> Task :react-native-firebase_crashlytics:mergeReleaseJniLibFolders
> Task :react-native-firebase_analytics:syncReleaseLibJars
> Task :react-native-firebase_analytics:bundleReleaseLocalLintAar
> Task :react-native-firebase_crashlytics:mergeReleaseNativeLibs NO-SOURCE
> Task :react-native-firebase_crashlytics:stripReleaseDebugSymbols NO-SOURCE
> Task :react-native-firebase_crashlytics:copyReleaseJniLibsProjectAndLocalJars
> Task :react-native-firebase_crashlytics:extractDeepLinksForAarRelease
> Task :react-native-firebase_crashlytics:extractReleaseAnnotations
> Task :react-native-firebase_crashlytics:mergeReleaseGeneratedProguardFiles
> Task :react-native-firebase_crashlytics:mergeReleaseConsumerProguardFiles
> Task :react-native-firebase_crashlytics:mergeReleaseShaders
> Task :react-native-firebase_crashlytics:compileReleaseShaders NO-SOURCE
> Task :react-native-firebase_crashlytics:generateReleaseAssets UP-TO-DATE
> Task :react-native-firebase_crashlytics:packageReleaseAssets
> Task :react-native-firebase_crashlytics:prepareReleaseArtProfile
> Task :react-native-firebase_crashlytics:mergeReleaseJavaResource
> Task :react-native-firebase_app:mergeReleaseJniLibFolders
> Task :react-native-firebase_crashlytics:syncReleaseLibJars
> Task :react-native-firebase_crashlytics:bundleReleaseLocalLintAar
> Task :react-native-firebase_app:mergeReleaseNativeLibs NO-SOURCE
> Task :react-native-firebase_app:stripReleaseDebugSymbols NO-SOURCE
> Task :react-native-firebase_app:copyReleaseJniLibsProjectAndLocalJars
> Task :react-native-firebase_app:extractDeepLinksForAarRelease
> Task :react-native-firebase_app:extractReleaseAnnotations
> Task :react-native-firebase_app:mergeReleaseGeneratedProguardFiles
> Task :react-native-firebase_app:mergeReleaseConsumerProguardFiles
> Task :react-native-firebase_app:mergeReleaseShaders
> Task :react-native-firebase_app:compileReleaseShaders NO-SOURCE
> Task :react-native-firebase_app:generateReleaseAssets UP-TO-DATE
> Task :react-native-firebase_app:packageReleaseAssets
> Task :react-native-firebase_app:prepareReleaseArtProfile
> Task :react-native-masked-view_masked-view:mergeReleaseJniLibFolders
> Task :react-native-firebase_app:mergeReleaseJavaResource
> Task :react-native-firebase_app:syncReleaseLibJars
> Task :react-native-firebase_app:bundleReleaseLocalLintAar
> Task :react-native-masked-view_masked-view:mergeReleaseNativeLibs NO-SOURCE
> Task :react-native-masked-view_masked-view:stripReleaseDebugSymbols NO-SOURCE
> Task :react-native-masked-view_masked-view:copyReleaseJniLibsProjectAndLocalJars
> Task :react-native-masked-view_masked-view:extractDeepLinksForAarRelease
> Task :react-native-masked-view_masked-view:extractReleaseAnnotations
> Task :react-native-masked-view_masked-view:mergeReleaseGeneratedProguardFiles
> Task :react-native-masked-view_masked-view:mergeReleaseConsumerProguardFiles
> Task :react-native-masked-view_masked-view:mergeReleaseShaders
> Task :react-native-masked-view_masked-view:compileReleaseShaders NO-SOURCE
> Task :react-native-masked-view_masked-view:generateReleaseAssets UP-TO-DATE
> Task :react-native-masked-view_masked-view:packageReleaseAssets
> Task :react-native-masked-view_masked-view:prepareReleaseArtProfile
> Task :react-native-purchases:mergeReleaseJniLibFolders
> Task :react-native-masked-view_masked-view:mergeReleaseJavaResource
> Task :react-native-masked-view_masked-view:syncReleaseLibJars
> Task :react-native-masked-view_masked-view:bundleReleaseLocalLintAar
> Task :react-native-purchases:mergeReleaseNativeLibs NO-SOURCE
> Task :react-native-purchases:stripReleaseDebugSymbols NO-SOURCE
> Task :react-native-purchases:copyReleaseJniLibsProjectAndLocalJars
> Task :react-native-purchases:extractDeepLinksForAarRelease
> Task :react-native-purchases:extractReleaseAnnotations
> Task :react-native-purchases:mergeReleaseGeneratedProguardFiles
> Task :react-native-purchases:mergeReleaseConsumerProguardFiles
> Task :react-native-purchases:mergeReleaseShaders
> Task :react-native-purchases:compileReleaseShaders NO-SOURCE
> Task :react-native-purchases:generateReleaseAssets UP-TO-DATE
> Task :react-native-purchases:packageReleaseAssets
> Task :react-native-purchases:prepareReleaseArtProfile
> Task :react-native-purchases:mergeReleaseJavaResource
> Task :react-native-reanimated:configureCMakeRelWithDebInfo[arm64-v8a]
> Task :react-native-purchases:syncReleaseLibJars
> Task :react-native-purchases:bundleReleaseLocalLintAar
> Task :react-native-reanimated:buildCMakeRelWithDebInfo[arm64-v8a]
> Task :react-native-reanimated:configureCMakeRelWithDebInfo[armeabi-v7a]
> Task :react-native-reanimated:buildCMakeRelWithDebInfo[armeabi-v7a]
> Task :react-native-reanimated:configureCMakeRelWithDebInfo[x86]
> Task :react-native-reanimated:buildCMakeRelWithDebInfo[x86]
> Task :react-native-reanimated:configureCMakeRelWithDebInfo[x86_64]
> Task :react-native-reanimated:buildCMakeRelWithDebInfo[x86_64]
> Task :react-native-reanimated:mergeReleaseJniLibFolders
> Task :react-native-reanimated:extractDeepLinksForAarRelease
> Task :react-native-reanimated:extractReleaseAnnotations
> Task :react-native-reanimated:mergeReleaseGeneratedProguardFiles
> Task :react-native-reanimated:mergeReleaseConsumerProguardFiles
> Task :react-native-reanimated:mergeReleaseShaders
> Task :react-native-reanimated:compileReleaseShaders NO-SOURCE
> Task :react-native-reanimated:generateReleaseAssets UP-TO-DATE
> Task :react-native-reanimated:packageReleaseAssets
> Task :react-native-reanimated:externalNativeBuildRelease
> Task :react-native-reanimated:generateJsonModelRelease
> Task :react-native-reanimated:prefabReleaseConfigurePackage
> Task :react-native-reanimated:mergeReleaseNativeLibs
> Task :react-native-reanimated:prefabReleasePackage
> Task :react-native-reanimated:prepareReleaseArtProfile
> Task :react-native-reanimated:mergeReleaseJavaResource
> Task :expo-application:mergeReleaseJniLibFolders
> Task :react-native-reanimated:syncReleaseLibJars
> Task :expo-application:mergeReleaseNativeLibs NO-SOURCE
> Task :expo-application:stripReleaseDebugSymbols NO-SOURCE
> Task :expo-application:copyReleaseJniLibsProjectAndLocalJars
> Task :expo-application:extractDeepLinksForAarRelease
> Task :expo-application:extractReleaseAnnotations
> Task :expo-application:mergeReleaseGeneratedProguardFiles
> Task :expo-application:mergeReleaseConsumerProguardFiles
> Task :expo-application:mergeReleaseShaders
> Task :expo-application:compileReleaseShaders NO-SOURCE
> Task :expo-application:generateReleaseAssets UP-TO-DATE
> Task :expo-application:packageReleaseAssets
> Task :expo-application:prepareReleaseArtProfile
> Task :expo-application:mergeReleaseJavaResource
> Task :expo-asset:mergeReleaseJniLibFolders
> Task :expo-application:syncReleaseLibJars
> Task :expo-application:bundleReleaseLocalLintAar
> Task :expo-asset:mergeReleaseNativeLibs NO-SOURCE
> Task :expo-asset:stripReleaseDebugSymbols NO-SOURCE
> Task :expo-asset:copyReleaseJniLibsProjectAndLocalJars
> Task :expo-asset:extractDeepLinksForAarRelease
> Task :expo-asset:extractReleaseAnnotations
> Task :expo-asset:mergeReleaseGeneratedProguardFiles
> Task :react-native-reanimated:stripReleaseDebugSymbols
> Task :expo-asset:mergeReleaseConsumerProguardFiles
> Task :expo-asset:mergeReleaseShaders
> Task :expo-asset:compileReleaseShaders NO-SOURCE
> Task :expo-asset:generateReleaseAssets UP-TO-DATE
> Task :expo-asset:packageReleaseAssets
> Task :expo-asset:prepareReleaseArtProfile
> Task :expo-asset:mergeReleaseJavaResource
> Task :react-native-reanimated:copyReleaseJniLibsProjectAndLocalJars
> Task :expo-av:configureCMakeRelWithDebInfo[arm64-v8a]
> Task :react-native-reanimated:bundleReleaseLocalLintAar
> Task :expo-asset:syncReleaseLibJars
> Task :expo-asset:bundleReleaseLocalLintAar
> Task :expo-av:buildCMakeRelWithDebInfo[arm64-v8a]
> Task :expo-av:configureCMakeRelWithDebInfo[armeabi-v7a]
> Task :expo-av:buildCMakeRelWithDebInfo[armeabi-v7a]
> Task :expo-av:configureCMakeRelWithDebInfo[x86]
> Task :expo-av:buildCMakeRelWithDebInfo[x86]
> Task :expo-av:configureCMakeRelWithDebInfo[x86_64]
> Task :expo-av:buildCMakeRelWithDebInfo[x86_64]
> Task :expo-av:mergeReleaseJniLibFolders
> Task :expo-av:extractDeepLinksForAarRelease
> Task :expo-av:extractReleaseAnnotations
> Task :expo-av:mergeReleaseGeneratedProguardFiles
> Task :expo-av:mergeReleaseConsumerProguardFiles
> Task :expo-av:mergeReleaseNativeLibs
> Task :expo-av:mergeReleaseShaders
> Task :expo-av:compileReleaseShaders NO-SOURCE
> Task :expo-av:generateReleaseAssets UP-TO-DATE
> Task :expo-av:packageReleaseAssets
> Task :expo-av:prepareReleaseArtProfile
> Task :expo-blur:mergeReleaseJniLibFolders
> Task :expo-blur:mergeReleaseNativeLibs NO-SOURCE
> Task :expo-av:mergeReleaseJavaResource
> Task :expo-av:stripReleaseDebugSymbols
> Task :expo-av:syncReleaseLibJars
> Task :expo-blur:stripReleaseDebugSymbols NO-SOURCE
> Task :expo-blur:copyReleaseJniLibsProjectAndLocalJars
> Task :expo-blur:extractDeepLinksForAarRelease
> Task :expo-blur:extractReleaseAnnotations
> Task :expo-av:copyReleaseJniLibsProjectAndLocalJars
> Task :expo-blur:mergeReleaseGeneratedProguardFiles
> Task :expo-av:bundleReleaseLocalLintAar
> Task :expo-blur:mergeReleaseConsumerProguardFiles
> Task :expo-blur:mergeReleaseShaders
> Task :expo-blur:compileReleaseShaders NO-SOURCE
> Task :expo-blur:generateReleaseAssets UP-TO-DATE
> Task :expo-blur:packageReleaseAssets
> Task :expo-blur:prepareReleaseArtProfile
> Task :expo-clipboard:mergeReleaseJniLibFolders
> Task :expo-clipboard:mergeReleaseNativeLibs NO-SOURCE
> Task :expo-blur:mergeReleaseJavaResource
> Task :expo-clipboard:stripReleaseDebugSymbols NO-SOURCE
> Task :expo-blur:syncReleaseLibJars
> Task :expo-blur:bundleReleaseLocalLintAar
> Task :expo-clipboard:copyReleaseJniLibsProjectAndLocalJars
> Task :expo-clipboard:extractDeepLinksForAarRelease
> Task :expo-clipboard:extractReleaseAnnotations
> Task :expo-clipboard:mergeReleaseGeneratedProguardFiles
> Task :expo-clipboard:mergeReleaseConsumerProguardFiles
> Task :expo-clipboard:mergeReleaseShaders
> Task :expo-clipboard:compileReleaseShaders NO-SOURCE
> Task :expo-clipboard:generateReleaseAssets UP-TO-DATE
> Task :expo-clipboard:packageReleaseAssets
> Task :expo-clipboard:prepareReleaseArtProfile
> Task :expo-constants:mergeReleaseJniLibFolders
> Task :expo-constants:mergeReleaseNativeLibs NO-SOURCE
> Task :expo-clipboard:mergeReleaseJavaResource
> Task :expo-constants:stripReleaseDebugSymbols NO-SOURCE
> Task :expo-clipboard:syncReleaseLibJars
> Task :expo-clipboard:bundleReleaseLocalLintAar
> Task :expo-constants:copyReleaseJniLibsProjectAndLocalJars
> Task :expo-constants:extractDeepLinksForAarRelease
> Task :expo-constants:extractReleaseAnnotations
> Task :expo-constants:mergeReleaseGeneratedProguardFiles
> Task :expo-constants:mergeReleaseConsumerProguardFiles
> Task :expo-constants:mergeReleaseShaders
> Task :expo-constants:compileReleaseShaders NO-SOURCE
> Task :expo-constants:generateReleaseAssets UP-TO-DATE
> Task :expo-constants:packageReleaseAssets
> Task :expo-constants:prepareReleaseArtProfile
> Task :expo-crypto:mergeReleaseJniLibFolders
> Task :expo-crypto:mergeReleaseNativeLibs NO-SOURCE
> Task :expo-constants:mergeReleaseJavaResource
> Task :expo-crypto:stripReleaseDebugSymbols NO-SOURCE
> Task :expo-constants:syncReleaseLibJars
> Task :expo-constants:bundleReleaseLocalLintAar
> Task :expo-crypto:copyReleaseJniLibsProjectAndLocalJars
> Task :expo-crypto:extractDeepLinksForAarRelease
> Task :expo-crypto:extractReleaseAnnotations
> Task :expo-crypto:mergeReleaseGeneratedProguardFiles
> Task :expo-crypto:mergeReleaseConsumerProguardFiles
> Task :expo-crypto:mergeReleaseShaders
> Task :expo-crypto:compileReleaseShaders NO-SOURCE
> Task :expo-crypto:generateReleaseAssets UP-TO-DATE
> Task :expo-crypto:packageReleaseAssets
> Task :expo-crypto:prepareReleaseArtProfile
> Task :expo-device:mergeReleaseJniLibFolders
> Task :expo-device:mergeReleaseNativeLibs NO-SOURCE
> Task :expo-crypto:mergeReleaseJavaResource
> Task :expo-device:stripReleaseDebugSymbols NO-SOURCE
> Task :expo-crypto:syncReleaseLibJars
> Task :expo-crypto:bundleReleaseLocalLintAar
> Task :expo-device:copyReleaseJniLibsProjectAndLocalJars
> Task :expo-device:extractDeepLinksForAarRelease
> Task :expo-device:extractReleaseAnnotations
> Task :expo-device:mergeReleaseGeneratedProguardFiles
> Task :expo-device:mergeReleaseConsumerProguardFiles
> Task :expo-device:mergeReleaseShaders
> Task :expo-device:compileReleaseShaders NO-SOURCE
> Task :expo-device:generateReleaseAssets UP-TO-DATE
> Task :expo-device:packageReleaseAssets
> Task :expo-device:prepareReleaseArtProfile
> Task :expo-file-system:mergeReleaseJniLibFolders
> Task :expo-file-system:mergeReleaseNativeLibs NO-SOURCE
> Task :expo-file-system:stripReleaseDebugSymbols NO-SOURCE
> Task :expo-device:mergeReleaseJavaResource
> Task :expo-file-system:copyReleaseJniLibsProjectAndLocalJars
> Task :expo-device:syncReleaseLibJars
> Task :expo-device:bundleReleaseLocalLintAar
> Task :expo-file-system:extractDeepLinksForAarRelease
> Task :expo-file-system:extractReleaseAnnotations
> Task :expo-file-system:mergeReleaseGeneratedProguardFiles
> Task :expo-file-system:mergeReleaseConsumerProguardFiles
> Task :expo-file-system:mergeReleaseShaders
> Task :expo-file-system:compileReleaseShaders NO-SOURCE
> Task :expo-file-system:generateReleaseAssets UP-TO-DATE
> Task :expo-file-system:packageReleaseAssets
> Task :expo-file-system:prepareReleaseArtProfile
> Task :expo-font:mergeReleaseJniLibFolders
> Task :expo-file-system:mergeReleaseJavaResource
> Task :expo-font:mergeReleaseNativeLibs NO-SOURCE
> Task :expo-file-system:syncReleaseLibJars
> Task :expo-file-system:bundleReleaseLocalLintAar
> Task :expo-font:stripReleaseDebugSymbols NO-SOURCE
> Task :expo-font:copyReleaseJniLibsProjectAndLocalJars
> Task :expo-font:extractDeepLinksForAarRelease
> Task :expo-font:extractReleaseAnnotations
> Task :expo-font:mergeReleaseGeneratedProguardFiles
> Task :expo-font:mergeReleaseConsumerProguardFiles
> Task :expo-font:mergeReleaseShaders
> Task :expo-font:compileReleaseShaders NO-SOURCE
> Task :expo-font:generateReleaseAssets UP-TO-DATE
> Task :expo-font:packageReleaseAssets
> Task :expo-font:prepareReleaseArtProfile
> Task :expo-haptics:mergeReleaseJniLibFolders
> Task :expo-haptics:mergeReleaseNativeLibs NO-SOURCE
> Task :expo-font:mergeReleaseJavaResource
> Task :expo-haptics:stripReleaseDebugSymbols NO-SOURCE
> Task :expo-font:syncReleaseLibJars
> Task :expo-font:bundleReleaseLocalLintAar
> Task :expo-haptics:copyReleaseJniLibsProjectAndLocalJars
> Task :expo-haptics:extractDeepLinksForAarRelease
> Task :expo-haptics:extractReleaseAnnotations
> Task :expo-haptics:mergeReleaseGeneratedProguardFiles
> Task :expo-haptics:mergeReleaseConsumerProguardFiles
> Task :expo-haptics:mergeReleaseShaders
> Task :expo-haptics:compileReleaseShaders NO-SOURCE
> Task :expo-haptics:generateReleaseAssets UP-TO-DATE
> Task :expo-haptics:packageReleaseAssets
> Task :expo-haptics:prepareReleaseArtProfile
> Task :expo-image-loader:mergeReleaseJniLibFolders
> Task :expo-image-loader:mergeReleaseNativeLibs NO-SOURCE
> Task :expo-image-loader:stripReleaseDebugSymbols NO-SOURCE
> Task :expo-haptics:mergeReleaseJavaResource
> Task :expo-image-loader:copyReleaseJniLibsProjectAndLocalJars
> Task :expo-haptics:syncReleaseLibJars
> Task :expo-haptics:bundleReleaseLocalLintAar
> Task :expo-image-loader:extractDeepLinksForAarRelease
> Task :expo-image-loader:extractReleaseAnnotations
> Task :expo-image-loader:mergeReleaseGeneratedProguardFiles
> Task :expo-image-loader:mergeReleaseConsumerProguardFiles
> Task :expo-image-loader:mergeReleaseShaders
> Task :expo-image-loader:compileReleaseShaders NO-SOURCE
> Task :expo-image-loader:generateReleaseAssets UP-TO-DATE
> Task :expo-image-loader:packageReleaseAssets
> Task :expo-image-loader:prepareReleaseArtProfile
> Task :expo-image-manipulator:mergeReleaseJniLibFolders
> Task :expo-image-loader:mergeReleaseJavaResource
> Task :expo-image-manipulator:mergeReleaseNativeLibs NO-SOURCE
> Task :expo-image-loader:syncReleaseLibJars
> Task :expo-image-loader:bundleReleaseLocalLintAar
> Task :expo-image-manipulator:stripReleaseDebugSymbols NO-SOURCE
> Task :expo-image-manipulator:copyReleaseJniLibsProjectAndLocalJars
> Task :expo-image-manipulator:extractDeepLinksForAarRelease
> Task :expo-image-manipulator:extractReleaseAnnotations
> Task :expo-image-manipulator:mergeReleaseGeneratedProguardFiles
> Task :expo-image-manipulator:mergeReleaseConsumerProguardFiles
> Task :expo-image-manipulator:mergeReleaseShaders
> Task :expo-image-manipulator:compileReleaseShaders NO-SOURCE
> Task :expo-image-manipulator:generateReleaseAssets UP-TO-DATE
> Task :expo-image-manipulator:packageReleaseAssets
> Task :expo-image-manipulator:prepareReleaseArtProfile
> Task :expo-image-picker:mergeReleaseJniLibFolders
> Task :expo-image-picker:mergeReleaseNativeLibs NO-SOURCE
> Task :expo-image-picker:stripReleaseDebugSymbols NO-SOURCE
> Task :expo-image-manipulator:mergeReleaseJavaResource
> Task :expo-image-picker:copyReleaseJniLibsProjectAndLocalJars
> Task :expo-image-manipulator:syncReleaseLibJars
> Task :expo-image-manipulator:bundleReleaseLocalLintAar
> Task :expo-image-picker:extractDeepLinksForAarRelease
> Task :expo-image-picker:extractReleaseAnnotations
> Task :expo-image-picker:mergeReleaseGeneratedProguardFiles
> Task :expo-image-picker:mergeReleaseConsumerProguardFiles
> Task :expo-image-picker:mergeReleaseShaders
> Task :expo-image-picker:compileReleaseShaders NO-SOURCE
> Task :expo-image-picker:generateReleaseAssets UP-TO-DATE
> Task :expo-image-picker:packageReleaseAssets
> Task :expo-image-picker:prepareReleaseArtProfile
> Task :expo-keep-awake:mergeReleaseJniLibFolders
> Task :expo-keep-awake:mergeReleaseNativeLibs NO-SOURCE
> Task :expo-keep-awake:stripReleaseDebugSymbols NO-SOURCE
> Task :expo-image-picker:mergeReleaseJavaResource
> Task :expo-keep-awake:copyReleaseJniLibsProjectAndLocalJars
> Task :expo-image-picker:syncReleaseLibJars
> Task :expo-image-picker:bundleReleaseLocalLintAar
> Task :expo-keep-awake:extractDeepLinksForAarRelease
> Task :expo-keep-awake:extractReleaseAnnotations
> Task :expo-keep-awake:mergeReleaseGeneratedProguardFiles
> Task :expo-keep-awake:mergeReleaseConsumerProguardFiles
> Task :expo-keep-awake:mergeReleaseShaders
> Task :expo-keep-awake:compileReleaseShaders NO-SOURCE
> Task :expo-keep-awake:generateReleaseAssets UP-TO-DATE
> Task :expo-keep-awake:packageReleaseAssets
> Task :expo-keep-awake:prepareReleaseArtProfile
> Task :expo-linear-gradient:mergeReleaseJniLibFolders
> Task :expo-linear-gradient:mergeReleaseNativeLibs NO-SOURCE
> Task :expo-keep-awake:mergeReleaseJavaResource
> Task :expo-linear-gradient:stripReleaseDebugSymbols NO-SOURCE
> Task :expo-keep-awake:syncReleaseLibJars
> Task :expo-keep-awake:bundleReleaseLocalLintAar
> Task :expo-linear-gradient:copyReleaseJniLibsProjectAndLocalJars
> Task :expo-linear-gradient:extractDeepLinksForAarRelease
> Task :expo-linear-gradient:extractReleaseAnnotations
> Task :expo-linear-gradient:mergeReleaseGeneratedProguardFiles
> Task :expo-linear-gradient:mergeReleaseConsumerProguardFiles
> Task :expo-linear-gradient:mergeReleaseShaders
> Task :expo-linear-gradient:compileReleaseShaders NO-SOURCE
> Task :expo-linear-gradient:generateReleaseAssets UP-TO-DATE
> Task :expo-linear-gradient:packageReleaseAssets
> Task :expo-linear-gradient:prepareReleaseArtProfile
> Task :expo-linking:mergeReleaseJniLibFolders
> Task :expo-linking:mergeReleaseNativeLibs NO-SOURCE
> Task :expo-linear-gradient:mergeReleaseJavaResource
> Task :expo-linking:stripReleaseDebugSymbols NO-SOURCE
> Task :expo-linear-gradient:syncReleaseLibJars
> Task :expo-linear-gradient:bundleReleaseLocalLintAar
> Task :expo-linking:copyReleaseJniLibsProjectAndLocalJars
> Task :expo-linking:extractDeepLinksForAarRelease
> Task :expo-linking:extractReleaseAnnotations
> Task :expo-linking:mergeReleaseGeneratedProguardFiles
> Task :expo-linking:mergeReleaseConsumerProguardFiles
> Task :expo-linking:mergeReleaseShaders
> Task :expo-linking:compileReleaseShaders NO-SOURCE
> Task :expo-linking:generateReleaseAssets UP-TO-DATE
> Task :expo-linking:packageReleaseAssets
> Task :expo-linking:prepareReleaseArtProfile
> Task :expo-notifications:mergeReleaseJniLibFolders
> Task :expo-notifications:mergeReleaseNativeLibs NO-SOURCE
> Task :expo-linking:mergeReleaseJavaResource
> Task :expo-notifications:stripReleaseDebugSymbols NO-SOURCE
> Task :expo-linking:syncReleaseLibJars
> Task :expo-linking:bundleReleaseLocalLintAar
> Task :expo-notifications:copyReleaseJniLibsProjectAndLocalJars
> Task :expo-notifications:extractDeepLinksForAarRelease
> Task :expo-notifications:extractReleaseAnnotations
> Task :expo-notifications:mergeReleaseGeneratedProguardFiles
> Task :expo-notifications:mergeReleaseConsumerProguardFiles
> Task :expo-notifications:mergeReleaseShaders
> Task :expo-notifications:compileReleaseShaders NO-SOURCE
> Task :expo-notifications:generateReleaseAssets UP-TO-DATE
> Task :expo-notifications:packageReleaseAssets
> Task :expo-notifications:prepareReleaseArtProfile
> Task :expo-splash-screen:mergeReleaseJniLibFolders
> Task :expo-splash-screen:mergeReleaseNativeLibs NO-SOURCE
> Task :expo-splash-screen:stripReleaseDebugSymbols NO-SOURCE
> Task :expo-splash-screen:copyReleaseJniLibsProjectAndLocalJars
> Task :expo-notifications:mergeReleaseJavaResource
> Task :expo-splash-screen:extractDeepLinksForAarRelease
> Task :expo-notifications:syncReleaseLibJars
> Task :expo-notifications:bundleReleaseLocalLintAar
> Task :expo-splash-screen:extractReleaseAnnotations
> Task :expo-splash-screen:mergeReleaseGeneratedProguardFiles
> Task :expo-splash-screen:mergeReleaseConsumerProguardFiles
> Task :expo-splash-screen:mergeReleaseShaders
> Task :expo-splash-screen:compileReleaseShaders NO-SOURCE
> Task :expo-splash-screen:generateReleaseAssets UP-TO-DATE
> Task :expo-splash-screen:packageReleaseAssets
> Task :expo-splash-screen:prepareReleaseArtProfile
> Task :expo-web-browser:mergeReleaseJniLibFolders
> Task :expo-splash-screen:mergeReleaseJavaResource
> Task :expo-web-browser:mergeReleaseNativeLibs NO-SOURCE
> Task :expo-splash-screen:syncReleaseLibJars
> Task :expo-splash-screen:bundleReleaseLocalLintAar
> Task :expo-web-browser:stripReleaseDebugSymbols NO-SOURCE
> Task :expo-web-browser:copyReleaseJniLibsProjectAndLocalJars
> Task :expo-web-browser:extractDeepLinksForAarRelease
> Task :expo-web-browser:extractReleaseAnnotations
> Task :expo-web-browser:mergeReleaseGeneratedProguardFiles
> Task :expo-web-browser:mergeReleaseConsumerProguardFiles
> Task :expo-web-browser:mergeReleaseShaders
> Task :expo-web-browser:compileReleaseShaders NO-SOURCE
> Task :expo-web-browser:generateReleaseAssets UP-TO-DATE
> Task :expo-web-browser:packageReleaseAssets
> Task :expo-web-browser:prepareReleaseArtProfile
> Task :expo-web-browser:mergeReleaseJavaResource
> Task :expo-modules-core:configureCMakeRelWithDebInfo[arm64-v8a]
> Task :expo-web-browser:syncReleaseLibJars
> Task :expo-web-browser:bundleReleaseLocalLintAar
> Task :expo-modules-core:buildCMakeRelWithDebInfo[arm64-v8a]
> Task :expo-modules-core:configureCMakeRelWithDebInfo[armeabi-v7a]
> Task :expo-modules-core:buildCMakeRelWithDebInfo[armeabi-v7a]
> Task :expo-modules-core:configureCMakeRelWithDebInfo[x86]
> Task :expo-modules-core:buildCMakeRelWithDebInfo[x86]
> Task :expo-modules-core:configureCMakeRelWithDebInfo[x86_64]
> Task :expo-modules-core:buildCMakeRelWithDebInfo[x86_64]
> Task :expo-modules-core:mergeReleaseJniLibFolders
> Task :expo-modules-core:extractDeepLinksForAarRelease
> Task :expo-modules-core:extractReleaseAnnotations
> Task :expo-modules-core:mergeReleaseGeneratedProguardFiles
> Task :expo-modules-core:mergeReleaseConsumerProguardFiles
> Task :expo-modules-core:mergeReleaseShaders
> Task :expo-modules-core:compileReleaseShaders NO-SOURCE
> Task :expo-modules-core:generateReleaseAssets UP-TO-DATE
> Task :expo-modules-core:packageReleaseAssets
> Task :expo-modules-core:prepareReleaseArtProfile
> Task :expo-application:writeReleaseLintModelMetadata
> Task :expo-asset:writeReleaseLintModelMetadata
> Task :expo-av:writeReleaseLintModelMetadata
> Task :expo-modules-core:mergeReleaseJavaResource
> Task :expo-modules-core:mergeReleaseNativeLibs
> Task :expo-modules-core:syncReleaseLibJars
> Task :expo-blur:writeReleaseLintModelMetadata
> Task :expo-clipboard:writeReleaseLintModelMetadata
> Task :expo-constants:writeReleaseLintModelMetadata
> Task :expo-crypto:writeReleaseLintModelMetadata
> Task :expo-device:writeReleaseLintModelMetadata
> Task :expo-file-system:writeReleaseLintModelMetadata
> Task :expo-font:writeReleaseLintModelMetadata
> Task :expo-haptics:writeReleaseLintModelMetadata
> Task :expo-image-loader:writeReleaseLintModelMetadata
> Task :expo-image-manipulator:writeReleaseLintModelMetadata
> Task :expo-image-picker:writeReleaseLintModelMetadata
> Task :expo-keep-awake:writeReleaseLintModelMetadata
> Task :expo-linear-gradient:writeReleaseLintModelMetadata
> Task :expo-linking:writeReleaseLintModelMetadata
> Task :expo-modules-core:writeReleaseLintModelMetadata
> Task :expo-notifications:writeReleaseLintModelMetadata
> Task :expo-splash-screen:writeReleaseLintModelMetadata
> Task :expo-web-browser:writeReleaseLintModelMetadata
> Task :expo:writeReleaseLintModelMetadata
> Task :expo-modules-core:stripReleaseDebugSymbols
> Task :livekit_react-native-webrtc:writeReleaseLintModelMetadata
> Task :expo-modules-core:copyReleaseJniLibsProjectAndLocalJars
> Task :expo-modules-core:bundleReleaseLocalLintAar
> Task :livekit_react-native:writeReleaseLintModelMetadata
> Task :lottie-react-native:writeReleaseLintModelMetadata
> Task :react-native-async-storage_async-storage:writeReleaseLintModelMetadata
> Task :react-native-community_datetimepicker:writeReleaseLintModelMetadata
> Task :react-native-firebase_app:writeReleaseLintModelMetadata
> Task :react-native-firebase_analytics:writeReleaseLintModelMetadata
> Task :react-native-firebase_crashlytics:writeReleaseLintModelMetadata
> Task :react-native-reanimated:writeReleaseLintModelMetadata
> Task :react-native-gesture-handler:writeReleaseLintModelMetadata
> Task :react-native-google-signin_google-signin:writeReleaseLintModelMetadata
> Task :react-native-keyboard-controller:writeReleaseLintModelMetadata
> Task :react-native-masked-view_masked-view:writeReleaseLintModelMetadata
> Task :react-native-purchases:writeReleaseLintModelMetadata
> Task :react-native-safe-area-context:writeReleaseLintModelMetadata
> Task :react-native-screens:writeReleaseLintModelMetadata
> Task :react-native-webview:writeReleaseLintModelMetadata
> Task :expo:generateReleaseLintVitalModel
> Task :expo-application:generateReleaseLintVitalModel
> Task :expo-asset:generateReleaseLintVitalModel
> Task :expo-av:generateReleaseLintVitalModel
> Task :expo-blur:generateReleaseLintVitalModel
> Task :expo-clipboard:generateReleaseLintVitalModel
> Task :expo-constants:generateReleaseLintVitalModel
> Task :expo-crypto:generateReleaseLintVitalModel
> Task :expo-device:generateReleaseLintVitalModel
> Task :expo-file-system:generateReleaseLintVitalModel
> Task :expo-font:generateReleaseLintVitalModel
> Task :expo-haptics:generateReleaseLintVitalModel
> Task :expo-image-loader:generateReleaseLintVitalModel
> Task :expo-image-manipulator:generateReleaseLintVitalModel
> Task :expo-image-picker:generateReleaseLintVitalModel
> Task :expo-keep-awake:generateReleaseLintVitalModel
> Task :expo-linear-gradient:generateReleaseLintVitalModel
> Task :expo-linking:generateReleaseLintVitalModel
> Task :expo-modules-core:generateReleaseLintVitalModel
> Task :expo-notifications:generateReleaseLintVitalModel
> Task :expo-splash-screen:generateReleaseLintVitalModel
> Task :expo-web-browser:generateReleaseLintVitalModel
> Task :livekit_react-native:generateReleaseLintVitalModel
> Task :livekit_react-native-webrtc:generateReleaseLintVitalModel
> Task :lottie-react-native:generateReleaseLintVitalModel
> Task :react-native-async-storage_async-storage:generateReleaseLintVitalModel
> Task :react-native-community_datetimepicker:generateReleaseLintVitalModel
> Task :react-native-firebase_analytics:generateReleaseLintVitalModel
> Task :react-native-firebase_app:generateReleaseLintVitalModel
> Task :react-native-firebase_crashlytics:generateReleaseLintVitalModel
> Task :react-native-gesture-handler:generateReleaseLintVitalModel
> Task :react-native-google-signin_google-signin:generateReleaseLintVitalModel
> Task :react-native-keyboard-controller:generateReleaseLintVitalModel
> Task :react-native-masked-view_masked-view:generateReleaseLintVitalModel
> Task :react-native-purchases:generateReleaseLintVitalModel
> Task :react-native-reanimated:generateReleaseLintVitalModel
> Task :react-native-safe-area-context:generateReleaseLintVitalModel
> Task :react-native-screens:generateReleaseLintVitalModel
> Task :react-native-webview:generateReleaseLintVitalModel
> Task :app:mergeReleaseJniLibFolders
> Task :expo:copyReleaseJniLibsProjectOnly
> Task :expo-application:copyReleaseJniLibsProjectOnly
> Task :expo-asset:copyReleaseJniLibsProjectOnly
> Task :expo-blur:copyReleaseJniLibsProjectOnly
> Task :expo-clipboard:copyReleaseJniLibsProjectOnly
> Task :expo-constants:copyReleaseJniLibsProjectOnly
> Task :expo-crypto:copyReleaseJniLibsProjectOnly
> Task :expo-device:copyReleaseJniLibsProjectOnly
> Task :expo-file-system:copyReleaseJniLibsProjectOnly
> Task :expo-font:copyReleaseJniLibsProjectOnly
> Task :expo-haptics:copyReleaseJniLibsProjectOnly
> Task :expo-image-loader:copyReleaseJniLibsProjectOnly
> Task :expo-image-manipulator:copyReleaseJniLibsProjectOnly
> Task :expo-image-picker:copyReleaseJniLibsProjectOnly
> Task :expo-keep-awake:copyReleaseJniLibsProjectOnly
> Task :expo-av:copyReleaseJniLibsProjectOnly
> Task :expo-linear-gradient:copyReleaseJniLibsProjectOnly
> Task :expo-linking:copyReleaseJniLibsProjectOnly
> Task :expo-notifications:copyReleaseJniLibsProjectOnly
> Task :expo-splash-screen:copyReleaseJniLibsProjectOnly
> Task :expo-web-browser:copyReleaseJniLibsProjectOnly
> Task :livekit_react-native:copyReleaseJniLibsProjectOnly
> Task :livekit_react-native-webrtc:copyReleaseJniLibsProjectOnly
> Task :lottie-react-native:copyReleaseJniLibsProjectOnly
> Task :react-native-async-storage_async-storage:copyReleaseJniLibsProjectOnly
> Task :react-native-community_datetimepicker:copyReleaseJniLibsProjectOnly
> Task :react-native-firebase_analytics:copyReleaseJniLibsProjectOnly
> Task :react-native-firebase_app:copyReleaseJniLibsProjectOnly
> Task :react-native-firebase_crashlytics:copyReleaseJniLibsProjectOnly
> Task :react-native-gesture-handler:copyReleaseJniLibsProjectOnly
> Task :react-native-google-signin_google-signin:copyReleaseJniLibsProjectOnly
> Task :react-native-safe-area-context:copyReleaseJniLibsProjectOnly
> Task :react-native-purchases:copyReleaseJniLibsProjectOnly
> Task :react-native-masked-view_masked-view:copyReleaseJniLibsProjectOnly
> Task :react-native-webview:copyReleaseJniLibsProjectOnly
> Task :react-native-reanimated:copyReleaseJniLibsProjectOnly
> Task :react-native-keyboard-controller:copyReleaseJniLibsProjectOnly
> Task :react-native-screens:copyReleaseJniLibsProjectOnly
> Task :expo-modules-core:copyReleaseJniLibsProjectOnly
> Task :react-native-google-signin_google-signin:bundleLibRuntimeToDirRelease
> Task :livekit_react-native:bundleLibRuntimeToDirRelease
> Task :expo:bundleLibRuntimeToDirRelease
> Task :lottie-react-native:bundleLibRuntimeToDirRelease
> Task :react-native-safe-area-context:bundleLibRuntimeToDirRelease
> Task :react-native-gesture-handler:bundleLibRuntimeToDirRelease
> Task :livekit_react-native-webrtc:bundleLibRuntimeToDirRelease
> Task :react-native-webview:bundleLibRuntimeToDirRelease
> Task :react-native-keyboard-controller:bundleLibRuntimeToDirRelease
> Task :react-native-async-storage_async-storage:bundleLibRuntimeToDirRelease
> Task :app:mergeReleaseNativeLibs
> Task :react-native-community_datetimepicker:bundleLibRuntimeToDirRelease
> Task :react-native-screens:bundleLibRuntimeToDirRelease
> Task :livekit_react-native:lintVitalAnalyzeRelease
> Task :react-native-firebase_analytics:bundleLibRuntimeToDirRelease
> Task :react-native-masked-view_masked-view:bundleLibRuntimeToDirRelease
> Task :expo-application:lintVitalAnalyzeRelease
> Task :expo-av:lintVitalAnalyzeRelease
> Task :expo-clipboard:lintVitalAnalyzeRelease
> Task :react-native-firebase_app:bundleLibRuntimeToDirRelease
> Task :expo-constants:lintVitalAnalyzeRelease
> Task :expo-asset:lintVitalAnalyzeRelease
> Task :react-native-firebase_crashlytics:bundleLibRuntimeToDirRelease
> Task :expo-blur:lintVitalAnalyzeRelease
> Task :expo:lintVitalAnalyzeRelease
> Task :react-native-purchases:bundleLibRuntimeToDirRelease
> Task :react-native-reanimated:bundleLibRuntimeToDirRelease
> Task :app:stripReleaseDebugSymbols
> Task :expo-application:bundleLibRuntimeToDirRelease
> Task :expo-font:lintVitalAnalyzeRelease
> Task :expo-image-loader:lintVitalAnalyzeRelease
> Task :expo-device:lintVitalAnalyzeRelease
> Task :expo-crypto:lintVitalAnalyzeRelease
> Task :expo-image-manipulator:lintVitalAnalyzeRelease
> Task :expo-haptics:lintVitalAnalyzeRelease
> Task :expo-asset:bundleLibRuntimeToDirRelease
> Task :expo-modules-core:lintVitalAnalyzeRelease
> Task :expo-keep-awake:lintVitalAnalyzeRelease
> Task :expo-av:bundleLibRuntimeToDirRelease
> Task :expo-image-picker:lintVitalAnalyzeRelease
> Task :expo-linear-gradient:lintVitalAnalyzeRelease
> Task :app:extractReleaseNativeSymbolTables
> Task :expo-linking:lintVitalAnalyzeRelease
> Task :expo-blur:bundleLibRuntimeToDirRelease
> Task :expo-splash-screen:lintVitalAnalyzeRelease
> Task :expo-web-browser:lintVitalAnalyzeRelease
> Task :expo-constants:bundleLibRuntimeToDirRelease
> Task :expo-clipboard:bundleLibRuntimeToDirRelease
> Task :app:mergeReleaseNativeDebugMetadata
> Task :expo-crypto:bundleLibRuntimeToDirRelease
> Task :expo-device:bundleLibRuntimeToDirRelease
> Task :react-native-community_datetimepicker:lintVitalAnalyzeRelease
> Task :expo-file-system:lintVitalAnalyzeRelease
> Task :react-native-async-storage_async-storage:lintVitalAnalyzeRelease
> Task :lottie-react-native:lintVitalAnalyzeRelease
> Task :expo-font:bundleLibRuntimeToDirRelease
> Task :react-native-firebase_crashlytics:lintVitalAnalyzeRelease
> Task :livekit_react-native-webrtc:lintVitalAnalyzeRelease
> Task :react-native-firebase_analytics:lintVitalAnalyzeRelease
> Task :react-native-firebase_app:lintVitalAnalyzeRelease
> Task :expo-image-loader:bundleLibRuntimeToDirRelease
> Task :expo-haptics:bundleLibRuntimeToDirRelease
> Task :react-native-google-signin_google-signin:lintVitalAnalyzeRelease
> Task :expo-image-manipulator:bundleLibRuntimeToDirRelease
> Task :expo-keep-awake:bundleLibRuntimeToDirRelease
> Task :expo-linking:bundleLibRuntimeToDirRelease
> Task :react-native-purchases:lintVitalAnalyzeRelease
> Task :react-native-masked-view_masked-view:lintVitalAnalyzeRelease
> Task :expo-linear-gradient:bundleLibRuntimeToDirRelease
> Task :expo-image-picker:bundleLibRuntimeToDirRelease
> Task :expo-splash-screen:bundleLibRuntimeToDirRelease
> Task :expo-web-browser:bundleLibRuntimeToDirRelease
> Task :expo-file-system:bundleLibRuntimeToDirRelease
> Task :react-native-reanimated:lintVitalAnalyzeRelease
> Task :react-native-safe-area-context:lintVitalAnalyzeRelease
> Task :expo-notifications:bundleLibRuntimeToDirRelease
> Task :app:checkReleaseDuplicateClasses
> Task :react-native-gesture-handler:lintVitalAnalyzeRelease
> Task :react-native-webview:lintVitalAnalyzeRelease
> Task :app:dexBuilderRelease
> Task :app:desugarReleaseFileDependencies
> Task :app:mergeReleaseStartupProfile
> Task :app:mergeReleaseArtProfile
> Task :app:mergeReleaseShaders
> Task :app:compileReleaseShaders NO-SOURCE
> Task :app:generateReleaseAssets UP-TO-DATE
> Task :app:mergeReleaseGlobalSynthetics
> Task :app:mergeReleaseAssets
> Task :app:extractReleaseVersionControlInfo
> Task :app:processReleaseJavaRes
> Task :react-native-keyboard-controller:lintVitalAnalyzeRelease
> Task :expo-notifications:lintVitalAnalyzeRelease
> Task :app:compressReleaseAssets
> Task :app:collectReleaseDependencies
> Task :app:sdkReleaseDependencyData
> Task :app:validateSigningRelease
> Task :app:writeReleaseAppMetadata
> Task :app:writeReleaseSigningConfigVersions
> Task :expo:bundleReleaseAar
> Task :expo:mapReleaseSourceSetPaths
> Task :app:mergeReleaseJavaResource
> Task :expo-modules-core:bundleLibRuntimeToDirRelease
> Task :app:mergeExtDexRelease
> Task :react-native-screens:lintVitalAnalyzeRelease
> Task :expo:mergeReleaseResources
> Task :expo-application:bundleReleaseAar
> Task :expo-application:mapReleaseSourceSetPaths
> Task :app:lintVitalAnalyzeRelease
> Task :expo-application:mergeReleaseResources
> Task :app:lintVitalReportRelease
> Task :app:lintVitalRelease
> Task :expo-asset:bundleReleaseAar
> Task :expo-asset:mapReleaseSourceSetPaths
> Task :app:mergeDexRelease
> Task :expo-asset:mergeReleaseResources
> Task :app:compileReleaseArtProfile
> Task :expo-av:bundleReleaseAar
> Task :expo-av:mapReleaseSourceSetPaths
> Task :expo:verifyReleaseResources
> Task :app:optimizeReleaseResources
> Task :expo-application:verifyReleaseResources
> Task :expo-asset:verifyReleaseResources
> Task :expo-av:mergeReleaseResources
> Task :expo:assembleRelease
> Task :expo-application:assembleRelease
> Task :expo-asset:assembleRelease
> Task :expo-blur:bundleReleaseAar
> Task :expo-blur:mapReleaseSourceSetPaths
> Task :expo-blur:mergeReleaseResources
> Task :expo-clipboard:bundleReleaseAar
> Task :expo-clipboard:mapReleaseSourceSetPaths
> Task :expo-av:verifyReleaseResources
> Task :expo-blur:verifyReleaseResources
> Task :expo-clipboard:mergeReleaseResources
> Task :expo-av:assembleRelease
> Task :expo-blur:assembleRelease
> Task :expo-constants:bundleReleaseAar
> Task :expo-constants:mapReleaseSourceSetPaths
> Task :expo-clipboard:verifyReleaseResources
> Task :expo-constants:mergeReleaseResources
> Task :expo-clipboard:assembleRelease
> Task :expo-crypto:bundleReleaseAar
> Task :expo-crypto:mapReleaseSourceSetPaths
> Task :expo-crypto:mergeReleaseResources
> Task :expo-constants:verifyReleaseResources
> Task :expo-constants:assembleRelease
> Task :expo-device:bundleReleaseAar
> Task :expo-device:mapReleaseSourceSetPaths
> Task :expo-crypto:verifyReleaseResources
> Task :expo-device:mergeReleaseResources
> Task :expo-crypto:assembleRelease
> Task :expo-file-system:bundleReleaseAar
> Task :expo-file-system:mapReleaseSourceSetPaths
> Task :expo-device:verifyReleaseResources
> Task :expo-file-system:mergeReleaseResources
> Task :expo-device:assembleRelease
> Task :expo-font:bundleReleaseAar
> Task :expo-font:mapReleaseSourceSetPaths
> Task :expo-font:mergeReleaseResources
> Task :expo-haptics:bundleReleaseAar
> Task :expo-haptics:mapReleaseSourceSetPaths
> Task :expo-file-system:verifyReleaseResources
> Task :expo-haptics:mergeReleaseResources
> Task :expo-file-system:assembleRelease
> Task :expo-image-loader:bundleReleaseAar
> Task :expo-image-loader:mapReleaseSourceSetPaths
> Task :expo-font:verifyReleaseResources
> Task :expo-haptics:verifyReleaseResources
> Task :expo-image-loader:mergeReleaseResources
> Task :expo-font:assembleRelease
> Task :expo-haptics:assembleRelease
> Task :expo-image-manipulator:bundleReleaseAar
> Task :expo-image-manipulator:mapReleaseSourceSetPaths
> Task :expo-image-loader:verifyReleaseResources
> Task :expo-image-manipulator:mergeReleaseResources
> Task :expo-image-loader:assembleRelease
> Task :expo-image-picker:bundleReleaseAar
> Task :expo-image-picker:mapReleaseSourceSetPaths
> Task :expo-image-picker:mergeReleaseResources
> Task :expo-keep-awake:bundleReleaseAar
> Task :expo-keep-awake:mapReleaseSourceSetPaths
> Task :expo-image-manipulator:verifyReleaseResources
> Task :expo-keep-awake:mergeReleaseResources
> Task :expo-image-manipulator:assembleRelease
> Task :expo-linear-gradient:bundleReleaseAar
> Task :expo-linear-gradient:mapReleaseSourceSetPaths
> Task :expo-linear-gradient:mergeReleaseResources
> Task :expo-image-picker:verifyReleaseResources
> Task :expo-image-picker:assembleRelease
> Task :expo-linking:bundleReleaseAar
> Task :expo-linking:mapReleaseSourceSetPaths
> Task :expo-keep-awake:verifyReleaseResources
> Task :expo-linking:mergeReleaseResources
> Task :expo-keep-awake:assembleRelease
> Task :expo-modules-core:bundleReleaseAar
> Task :expo-modules-core:mapReleaseSourceSetPaths
> Task :expo-linear-gradient:verifyReleaseResources
> Task :expo-modules-core:mergeReleaseResources
> Task :expo-linear-gradient:assembleRelease
> Task :expo-notifications:bundleReleaseAar
> Task :expo-notifications:mapReleaseSourceSetPaths
> Task :expo-linking:verifyReleaseResources
> Task :expo-modules-core:verifyReleaseResources
> Task :expo-notifications:mergeReleaseResources
> Task :expo-linking:assembleRelease
> Task :expo-modules-core:assembleRelease
> Task :expo-splash-screen:bundleReleaseAar
> Task :expo-splash-screen:mapReleaseSourceSetPaths
> Task :expo-splash-screen:mergeReleaseResources
> Task :expo-web-browser:bundleReleaseAar
> Task :expo-web-browser:mapReleaseSourceSetPaths
> Task :app:packageRelease
> Task :expo-web-browser:mergeReleaseResources
> Task :app:createReleaseApkListingFileRedirect
> Task :app:assembleRelease
> Task :livekit_react-native:bundleReleaseAar
> Task :livekit_react-native:mapReleaseSourceSetPaths
> Task :expo-notifications:verifyReleaseResources
> Task :livekit_react-native:mergeReleaseResources
> Task :expo-notifications:assembleRelease
> Task :livekit_react-native-webrtc:bundleReleaseAar
> Task :livekit_react-native-webrtc:mapReleaseSourceSetPaths
> Task :expo-splash-screen:verifyReleaseResources
> Task :expo-web-browser:verifyReleaseResources
> Task :livekit_react-native-webrtc:mergeReleaseResources
> Task :expo-splash-screen:assembleRelease
> Task :expo-web-browser:assembleRelease
> Task :lottie-react-native:bundleReleaseAar
> Task :lottie-react-native:mapReleaseSourceSetPaths
> Task :livekit_react-native:verifyReleaseResources
> Task :lottie-react-native:mergeReleaseResources
> Task :livekit_react-native:assembleRelease
> Task :react-native-async-storage_async-storage:bundleReleaseAar
> Task :react-native-async-storage_async-storage:mapReleaseSourceSetPaths
> Task :livekit_react-native-webrtc:verifyReleaseResources
> Task :lottie-react-native:verifyReleaseResources
> Task :react-native-async-storage_async-storage:mergeReleaseResources
> Task :livekit_react-native-webrtc:assembleRelease
> Task :lottie-react-native:assembleRelease
> Task :react-native-community_datetimepicker:bundleReleaseAar
> Task :react-native-community_datetimepicker:mapReleaseSourceSetPaths
> Task :react-native-async-storage_async-storage:verifyReleaseResources
> Task :react-native-community_datetimepicker:mergeReleaseResources
> Task :react-native-async-storage_async-storage:assembleRelease
> Task :react-native-firebase_analytics:bundleReleaseAar
> Task :react-native-firebase_analytics:mapReleaseSourceSetPaths
> Task :react-native-firebase_analytics:mergeReleaseResources
> Task :react-native-firebase_app:bundleReleaseAar
> Task :react-native-firebase_app:mapReleaseSourceSetPaths
> Task :react-native-community_datetimepicker:verifyReleaseResources
> Task :react-native-firebase_analytics:verifyReleaseResources
> Task :react-native-firebase_app:mergeReleaseResources
> Task :react-native-community_datetimepicker:assembleRelease
> Task :react-native-firebase_analytics:assembleRelease
> Task :react-native-firebase_crashlytics:bundleReleaseAar
> Task :react-native-firebase_crashlytics:mapReleaseSourceSetPaths
> Task :react-native-firebase_app:verifyReleaseResources
> Task :react-native-firebase_crashlytics:mergeReleaseResources
> Task :react-native-firebase_app:assembleRelease
> Task :react-native-gesture-handler:bundleReleaseAar
> Task :react-native-gesture-handler:mapReleaseSourceSetPaths
> Task :react-native-gesture-handler:mergeReleaseResources
> Task :react-native-google-signin_google-signin:bundleReleaseAar
> Task :react-native-google-signin_google-signin:mapReleaseSourceSetPaths
> Task :react-native-firebase_crashlytics:verifyReleaseResources
> Task :react-native-gesture-handler:verifyReleaseResources
> Task :react-native-google-signin_google-signin:mergeReleaseResources
> Task :react-native-firebase_crashlytics:assembleRelease
> Task :react-native-gesture-handler:assembleRelease
> Task :react-native-keyboard-controller:bundleReleaseAar
> Task :react-native-keyboard-controller:mapReleaseSourceSetPaths
> Task :react-native-keyboard-controller:mergeReleaseResources
> Task :react-native-masked-view_masked-view:bundleReleaseAar
> Task :react-native-masked-view_masked-view:mapReleaseSourceSetPaths
> Task :react-native-google-signin_google-signin:verifyReleaseResources
> Task :react-native-keyboard-controller:verifyReleaseResources
> Task :react-native-masked-view_masked-view:mergeReleaseResources
> Task :react-native-google-signin_google-signin:assembleRelease
> Task :react-native-keyboard-controller:assembleRelease
> Task :react-native-purchases:bundleReleaseAar
> Task :react-native-purchases:mapReleaseSourceSetPaths
> Task :react-native-masked-view_masked-view:verifyReleaseResources
> Task :react-native-purchases:mergeReleaseResources
> Task :react-native-masked-view_masked-view:assembleRelease
> Task :react-native-reanimated:bundleReleaseAar
> Task :react-native-reanimated:mapReleaseSourceSetPaths
> Task :react-native-purchases:verifyReleaseResources
> Task :react-native-reanimated:mergeReleaseResources
> Task :react-native-purchases:assembleRelease
> Task :react-native-safe-area-context:bundleReleaseAar
> Task :react-native-safe-area-context:mapReleaseSourceSetPaths
> Task :react-native-reanimated:verifyReleaseResources
> Task :react-native-safe-area-context:mergeReleaseResources
> Task :react-native-reanimated:assembleRelease
> Task :react-native-screens:bundleReleaseAar
> Task :react-native-screens:mapReleaseSourceSetPaths
> Task :react-native-safe-area-context:verifyReleaseResources
> Task :react-native-screens:mergeReleaseResources
> Task :react-native-safe-area-context:assembleRelease
> Task :react-native-webview:bundleReleaseAar
> Task :react-native-webview:mapReleaseSourceSetPaths
> Task :react-native-webview:mergeReleaseResources
> Task :react-native-screens:verifyReleaseResources
> Task :react-native-screens:assembleRelease
> Task :react-native-webview:verifyReleaseResources
> Task :react-native-webview:assembleRelease

Deprecated Gradle features were used in this build, making it incompatible with Gradle 9.0.

You can use '--warning-mode all' to show the individual deprecation warnings and determine if they come from your own scripts or plugins.

For more on this, please refer to https://docs.gradle.org/8.10.2/userguide/command_line_interface.html#sec:command_line_warnings in the Gradle documentation.

BUİLD SUCCESSFUL in 11m 53s
1730 actionable tasks: 1730 executed
